_condition_signature,Adsorbent,Pollutant,Capacity,config,seed,prediction,absolute_error,exact_source_support
17053035532018455372,Pristine SCW Biochar,NXP,0.0,mlp_source_only,11,13.37418,13.37418,True
17098923533429936836,Pristine SCW Biochar,NXP,14.44646584,mlp_source_only,11,13.408611,1.0378542,True
13215046423171528219,Pristine SCW Biochar,NXP,15.62173129,mlp_source_only,11,13.445042,2.17669,True
16825237191054845665,Pristine SCW Biochar,NXP,16.88164032,mlp_source_only,11,13.540089,3.3415508,True
6982030516250217062,Pristine SCW Biochar,NXP,17.00858908,mlp_source_only,11,13.776527,3.2320614,True
2755595898843553677,Pristine SCW Biochar,NXP,17.4625326,mlp_source_only,11,14.4158745,3.0466576,True
12146535126227506594,Pristine SCW Biochar,NXP,17.54960963,mlp_source_only,11,15.139679,2.4099312,True
2569984335539275158,Pristine SCW Biochar,NXP,17.71590352,mlp_source_only,11,15.831249,1.884655,True
6648755328613141350,Pristine SCW Biochar,NXP,16.30019973,mlp_source_only,11,16.167027,0.13317299,True
1214539223634647286,Pristine SCW Biochar,DCF,0.0,mlp_source_only,11,14.854797,14.854797,True
335119549853506142,Pristine SCW Biochar,DCF,16.15534017,mlp_source_only,11,14.902851,1.2524891,True
13581708233989788697,Pristine SCW Biochar,DCF,17.94998036,mlp_source_only,11,14.952171,2.9978085,True
4071952786420779155,Pristine SCW Biochar,DCF,18.6868745,mlp_source_only,11,15.043354,3.6435204,True
16575937784576867068,Pristine SCW Biochar,DCF,19.22913671,mlp_source_only,11,15.213768,4.0153694,True
16662543744214429559,Pristine SCW Biochar,DCF,19.16432581,mlp_source_only,11,15.442921,3.721405,True
1002991668870794336,Pristine SCW Biochar,DCF,19.8012145,mlp_source_only,11,15.687649,4.1135654,True
3713179060534583340,Pristine SCW Biochar,DCF,20.25228212,mlp_source_only,11,15.9341545,4.3181267,True
329814341262190588,Pristine SCW Biochar,DCF,19.121072145,mlp_source_only,11,16.036034,3.0850391,True
2051404940871207638,Pristine SCW Biochar,IBU,0.0,mlp_source_only,11,13.900604,13.900604,True
10658327680642255806,Pristine SCW Biochar,IBU,16.89988512,mlp_source_only,11,13.937733,2.9621525,True
3790332834202311929,Pristine SCW Biochar,IBU,18.17632699,mlp_source_only,11,13.975895,4.200432,True
10796766321469813683,Pristine SCW Biochar,IBU,19.26992768,mlp_source_only,11,14.055424,5.2145042,True
17200286515181460444,Pristine SCW Biochar,IBU,19.78484896,mlp_source_only,11,14.227688,5.5571613,True
11008431144893168087,Pristine SCW Biochar,IBU,19.78377849,mlp_source_only,11,14.628868,5.154911,True
18432371715842126336,Pristine SCW Biochar,IBU,20.67835043,mlp_source_only,11,15.124439,5.553911,True
8910712751277851660,Pristine SCW Biochar,IBU,20.66529595,mlp_source_only,11,15.696259,4.969038,True
16737703975485143772,Pristine SCW Biochar,IBU,20.025033185,mlp_source_only,11,15.873116,4.1519184,True
5976292064867976036,Pristine SCW Biochar,NXP,8.513560872,mlp_source_only,11,11.562519,3.0489578,False
16638446263550319536,Pristine SCW Biochar,NXP,10.18427058,mlp_source_only,11,14.160946,3.976675,False
14247326399820608681,Pristine SCW Biochar,NXP,23.66355817,mlp_source_only,11,16.61818,7.0453796,False
3626679836655073239,Pristine SCW Biochar,NXP,32.83624096,mlp_source_only,11,18.097511,14.738731,False
1938230782418544334,Pristine SCW Biochar,DCF,6.910849115,mlp_source_only,11,11.674091,4.7632422,False
17509084134776967386,Pristine SCW Biochar,DCF,11.94615928,mlp_source_only,11,14.553909,2.60775,False
9214597997492623055,Pristine SCW Biochar,DCF,21.51003422,mlp_source_only,11,17.674095,3.8359394,False
15613626881432330545,Pristine SCW Biochar,DCF,32.55652461,mlp_source_only,11,20.575562,11.980965,False
1249904749956654510,Pristine SCW Biochar,IBU,10.935518415,mlp_source_only,11,13.301868,2.3663502,False
9750239826985509562,Pristine SCW Biochar,IBU,13.35058334,mlp_source_only,11,14.392727,1.0421438,False
12415649059408947823,Pristine SCW Biochar,IBU,23.23297655,mlp_source_only,11,17.4452,5.787777,False
493397566369541585,Pristine SCW Biochar,IBU,33.23850263,mlp_source_only,11,18.88732,14.351183,False
2431818629244494460,Pristine SCW Biochar,NPX,21.49577512,mlp_source_only,11,16.386826,5.1089497,True
14632511503543224213,Pristine SCW Biochar,NPX,18.26438455,mlp_source_only,11,15.978542,2.285843,True
10158343563720824836,Pristine SCW Biochar,NPX,17.26357285,mlp_source_only,11,14.507557,2.7560158,True
8860467251718062619,Pristine SCW Biochar,NPX,16.13579508,mlp_source_only,11,12.155556,3.9802399,True
7708639079549094677,Pristine SCW Biochar,DCF,21.75317842,mlp_source_only,11,18.062202,3.6909752,True
15693684484887973741,Pristine SCW Biochar,DCF,19.16141715,mlp_source_only,11,14.262344,4.8990726,True
12068268132093545302,Pristine SCW Biochar,DCF,17.98311701,mlp_source_only,11,12.116283,5.8668327,True
3805779553248948725,Pristine SCW Biochar,IBU,22.89928752,mlp_source_only,11,18.393543,4.505745,True
8203542750957706445,Pristine SCW Biochar,IBU,18.5045802,mlp_source_only,11,14.62611,3.8784695,True
8619013912121469110,Pristine SCW Biochar,IBU,17.26124304,mlp_source_only,11,13.352215,3.909029,True
16755461862370840366,Pristine SCW Biochar,NPX,18.38244058,mlp_source_only,11,15.656391,2.7260494,True
6288762701156006317,Pristine SCW Biochar,NPX,17.29507799,mlp_source_only,11,15.657036,1.6380424,True
2461942620734296822,Pristine SCW Biochar,NPX,18.3312792,mlp_source_only,11,15.873047,2.4582329,True
14915493390938448242,Pristine SCW Biochar,NPX,17.59235683,mlp_source_only,11,16.323124,1.2692337,True
14561758705567463404,Pristine SCW Biochar,NPX,16.04739171,mlp_source_only,11,16.823511,0.77611923,True
4659234226800065611,Pristine SCW Biochar,DCF,16.653938,mlp_source_only,11,16.957876,0.3039379,False
11469103634136059972,Pristine SCW Biochar,DCF,16.3975333,mlp_source_only,11,17.642231,1.2446976,False
13255282744427241635,Pristine SCW Biochar,DCF,16.61566462,mlp_source_only,11,18.148657,1.5329914,False
2813337390772277759,Pristine SCW Biochar,DCF,16.02054824,mlp_source_only,11,18.628685,2.6081371,False
12147411485588615077,Pristine SCW Biochar,DCF,16.12257134,mlp_source_only,11,19.71276,3.590189,False
3619321008973724267,Pristine SCW Biochar,IBU,16.58306542,mlp_source_only,11,16.529202,0.053863525,False
6767561828512103332,Pristine SCW Biochar,IBU,15.96808891,mlp_source_only,11,17.111298,1.1432085,False
14598158743120574339,Pristine SCW Biochar,IBU,16.56583978,mlp_source_only,11,17.43269,0.8668499,False
12552377453823545695,Pristine SCW Biochar,IBU,17.10001985,mlp_source_only,11,17.76441,0.66439056,False
15269897442523904645,Pristine SCW Biochar,IBU,15.62815373,mlp_source_only,11,17.792015,2.1638613,False
14527147495807567373,Pristine SCW Biochar,NPX,17.10889887,mlp_source_only,11,16.569344,0.5395546,True
18242488890160064085,Pristine SCW Biochar,NPX,18.50934797,mlp_source_only,11,16.779686,1.729662,True
9217257676294177556,Pristine SCW Biochar,DCF,18.40713328,mlp_source_only,11,15.420761,2.986372,True
6194712352110633020,Pristine SCW Biochar,DCF,20.02057158,mlp_source_only,11,16.591423,3.4291477,True
7086304982263032628,Pristine SCW Biochar,IBU,19.90873317,mlp_source_only,11,15.491856,4.4168777,True
870809365627718684,Pristine SCW Biochar,IBU,21.2613338,mlp_source_only,11,16.607536,4.653797,True
11463466362237138402,NaOH-activated SCW biochars,NXP,0.0,mlp_source_only,11,115.300156,115.300156,True
12429355053059418026,NaOH-activated SCW biochars,NXP,90.16372742,mlp_source_only,11,117.47629,27.312561,True
14609237521165358149,NaOH-activated SCW biochars,NXP,104.2284102,mlp_source_only,11,119.6499,15.421494,True
446328556523201111,NaOH-activated SCW biochars,NXP,130.9519993,mlp_source_only,11,123.97656,6.9754333,True
1551655804826946544,NaOH-activated SCW biochars,NXP,153.5606127,mlp_source_only,11,134.298,19.262604,True
12674212456835948851,NaOH-activated SCW biochars,NXP,166.7371919,mlp_source_only,11,153.69345,13.043747,True
12588539707960640012,NaOH-activated SCW biochars,NXP,174.3891721,mlp_source_only,11,173.82703,0.56214905,True
3988610212697559040,NaOH-activated SCW biochars,NXP,174.0987509,mlp_source_only,11,187.66803,13.569275,True
10547200906881874672,NaOH-activated SCW biochars,NXP,179.92426765,mlp_source_only,11,185.7104,5.786133,True
4097433552957510200,NaOH-activated SCW biochars,DCF,0.0,mlp_source_only,11,93.23558,93.23558,True
8973503642251044448,NaOH-activated SCW biochars,DCF,48.76561963,mlp_source_only,11,93.903275,45.137653,True
8132899750145070855,NaOH-activated SCW biochars,DCF,60.68388993,mlp_source_only,11,94.56644,33.882545,True
10455380725152883637,NaOH-activated SCW biochars,DCF,73.87287411,mlp_source_only,11,95.90108,22.028206,True
3249913649156960858,NaOH-activated SCW biochars,DCF,82.2331982,mlp_source_only,11,98.02429,15.791092,True
2892051548520492425,NaOH-activated SCW biochars,DCF,81.93930885,mlp_source_only,11,100.15809,18.21878,True
13926868731529471070,NaOH-activated SCW biochars,DCF,82.83055081,mlp_source_only,11,100.51353,17.682976,True
6280546985017538186,NaOH-activated SCW biochars,DCF,82.6411851,mlp_source_only,11,99.36973,16.728546,True
14802185984964681562,NaOH-activated SCW biochars,DCF,77.22438452,mlp_source_only,11,93.60449,16.380104,True
18031951279925841496,NaOH-activated SCW biochars,IBU,0.0,mlp_source_only,11,73.87008,73.87008,True
7439356660872997760,NaOH-activated SCW biochars,IBU,38.20195295,mlp_source_only,11,74.52107,36.31912,True
3280576637481085735,NaOH-activated SCW biochars,IBU,49.12704629,mlp_source_only,11,75.17186,26.044815,True
2475666081309423509,NaOH-activated SCW biochars,IBU,62.99284614,mlp_source_only,11,76.24482,13.251972,True
7140885989460122234,NaOH-activated SCW biochars,IBU,65.00045691,mlp_source_only,11,78.39639,13.395935,True
5352559836577404585,NaOH-activated SCW biochars,IBU,65.18409441,mlp_source_only,11,81.50333,16.31923,True
271021551376951870,NaOH-activated SCW biochars,IBU,65.30178063,mlp_source_only,11,83.52237,18.220589,True
4601601497501002282,NaOH-activated SCW biochars,IBU,65.65806376,mlp_source_only,11,83.291916,17.63385,True
14131146040637425530,NaOH-activated SCW biochars,IBU,65.65332219000001,mlp_source_only,11,80.52803,14.87471,True
16405048272212825666,NaOH-activated SCW biochars,NXP,64.8903021,mlp_source_only,11,69.590515,4.7002106,True
13765390047063166502,NaOH-activated SCW biochars,NXP,126.0338032,mlp_source_only,11,125.03421,0.99959564,True
3540536502839737235,NaOH-activated SCW biochars,NXP,225.3867619,mlp_source_only,11,209.16667,16.220093,True
10087744159834544517,NaOH-activated SCW biochars,NXP,253.7893399,mlp_source_only,11,205.5562,48.23314,True
14731060229230471192,NaOH-activated SCW biochars,DCF,54.75327727,mlp_source_only,11,68.10525,13.351971,True
5541933350374393212,NaOH-activated SCW biochars,DCF,77.09472432,mlp_source_only,11,81.75626,4.661537,True
12615432238208671005,NaOH-activated SCW biochars,DCF,92.0230423,mlp_source_only,11,101.76196,9.738922,True
10427946335696234203,NaOH-activated SCW biochars,DCF,95.69277177,mlp_source_only,11,103.04346,7.350685,True
6260261985190404920,NaOH-activated SCW biochars,IBU,52.90707681,mlp_source_only,11,65.10628,12.1992,True
599381209477399324,NaOH-activated SCW biochars,IBU,66.76808811,mlp_source_only,11,75.57008,8.801994,True
3926410718330234365,NaOH-activated SCW biochars,IBU,70.35687624,mlp_source_only,11,83.25975,12.902878,True
3396071663462261947,NaOH-activated SCW biochars,IBU,73.29670399,mlp_source_only,11,82.39621,9.099503,True
12143757583447324994,NaOH-activated SCW biochars,NPX,190.595886,mlp_source_only,11,194.48271,3.8868256,True
7070640037739440319,NaOH-activated SCW biochars,NPX,172.0266924,mlp_source_only,11,189.4356,17.408905,True
852043111923116922,NaOH-activated SCW biochars,NPX,152.656609,mlp_source_only,11,175.18542,22.528809,True
15261173828235182569,NaOH-activated SCW biochars,NPX,145.3785096,mlp_source_only,11,125.69362,19.68489,True
18018378148491117671,NaOH-activated SCW biochars,DCF,96.67411867,mlp_source_only,11,116.555756,19.881638,True
1787412344397427871,NaOH-activated SCW biochars,DCF,62.75924066,mlp_source_only,11,86.138565,23.379326,True
17454219733314565792,NaOH-activated SCW biochars,DCF,51.973701,mlp_source_only,11,84.3608,32.3871,True
1502419750140885639,NaOH-activated SCW biochars,IBU,94.31416328,mlp_source_only,11,107.70386,13.389694,True
15807910494372115647,NaOH-activated SCW biochars,IBU,50.22163876,mlp_source_only,11,70.778465,20.556828,True
8791253579198486592,NaOH-activated SCW biochars,IBU,38.06104336,mlp_source_only,11,72.94772,34.88668,True
665404155957715216,NaOH-activated SCW biochars,NPX,177.1620054,mlp_source_only,11,191.4175,14.255493,True
6827103232613768791,NaOH-activated SCW biochars,NPX,179.105641,mlp_source_only,11,193.5347,14.429062,True
18203435778758194360,NaOH-activated SCW biochars,NPX,186.0584129,mlp_source_only,11,193.89233,7.8339233,True
5759522579916954172,NaOH-activated SCW biochars,NPX,181.2017167,mlp_source_only,11,193.13734,11.935623,True
664633524360232258,NaOH-activated SCW biochars,NPX,182.9370612,mlp_source_only,11,191.61855,8.681488,True
13641899622687088449,NaOH-activated SCW biochars,DCF,76.95847226,mlp_source_only,11,96.43391,19.475433,False
9393633767651503122,NaOH-activated SCW biochars,DCF,83.56161718499999,mlp_source_only,11,99.00796,15.446342,False
5981541925235720617,NaOH-activated SCW biochars,DCF,85.17762947,mlp_source_only,11,101.63214,16.454514,False
6023530469711918669,NaOH-activated SCW biochars,DCF,80.57171083,mlp_source_only,11,105.16583,24.594124,False
532790910543730727,NaOH-activated SCW biochars,DCF,79.58071398,mlp_source_only,11,108.43227,28.851555,False
12079174347632602273,NaOH-activated SCW biochars,IBU,69.72658596,mlp_source_only,11,83.02792,13.301338,False
3049006844620542258,NaOH-activated SCW biochars,IBU,73.17741615,mlp_source_only,11,85.29654,12.119125,False
4855520275444175689,NaOH-activated SCW biochars,IBU,75.69155256,mlp_source_only,11,86.902435,11.210884,False
5514219354175734125,NaOH-activated SCW biochars,IBU,76.30216313,mlp_source_only,11,88.49809,12.1959305,False
7156357989100352967,NaOH-activated SCW biochars,IBU,71.70044321,mlp_source_only,11,89.919174,18.218735,False
6812290224175752247,NaOH-activated SCW biochars,NPX,167.0779885,mlp_source_only,11,183.33376,16.255768,True
9153488855957792255,NaOH-activated SCW biochars,NPX,181.832546,mlp_source_only,11,189.47417,7.641617,True
12341295020867722114,NaOH-activated SCW biochars,DCF,72.89459636,mlp_source_only,11,79.42178,6.5271835,True
8138945238617595290,NaOH-activated SCW biochars,DCF,87.78495046,mlp_source_only,11,111.34279,23.557838,True
95817833491593826,NaOH-activated SCW biochars,IBU,57.641649,mlp_source_only,11,70.70332,13.061676,True
12299775327561621562,NaOH-activated SCW biochars,IBU,69.79127526,mlp_source_only,11,101.38181,31.590538,True
17053035532018455372,Pristine SCW Biochar,NXP,0.0,mlp_source_only,23,12.84771,12.84771,True
17098923533429936836,Pristine SCW Biochar,NXP,14.44646584,mlp_source_only,23,12.91045,1.5360155,True
13215046423171528219,Pristine SCW Biochar,NXP,15.62173129,mlp_source_only,23,12.97723,2.6445017,True
16825237191054845665,Pristine SCW Biochar,NXP,16.88164032,mlp_source_only,23,13.112553,3.7690868,True
6982030516250217062,Pristine SCW Biochar,NXP,17.00858908,mlp_source_only,23,13.414669,3.5939198,True
2755595898843553677,Pristine SCW Biochar,NXP,17.4625326,mlp_source_only,23,14.151817,3.3107147,True
12146535126227506594,Pristine SCW Biochar,NXP,17.54960963,mlp_source_only,23,14.850956,2.6986542,True
2569984335539275158,Pristine SCW Biochar,NXP,17.71590352,mlp_source_only,23,15.579323,2.1365814,True
6648755328613141350,Pristine SCW Biochar,NXP,16.30019973,mlp_source_only,23,17.082588,0.7823887,True
1214539223634647286,Pristine SCW Biochar,DCF,0.0,mlp_source_only,23,14.237888,14.237888,True
335119549853506142,Pristine SCW Biochar,DCF,16.15534017,mlp_source_only,23,14.275543,1.879797,True
13581708233989788697,Pristine SCW Biochar,DCF,17.94998036,mlp_source_only,23,14.309784,3.6401958,True
4071952786420779155,Pristine SCW Biochar,DCF,18.6868745,mlp_source_only,23,14.388409,4.2984657,True
16575937784576867068,Pristine SCW Biochar,DCF,19.22913671,mlp_source_only,23,14.585491,4.6436462,True
16662543744214429559,Pristine SCW Biochar,DCF,19.16432581,mlp_source_only,23,14.926476,4.23785,True
1002991668870794336,Pristine SCW Biochar,DCF,19.8012145,mlp_source_only,23,14.968857,4.8323574,True
3713179060534583340,Pristine SCW Biochar,DCF,20.25228212,mlp_source_only,23,15.269886,4.982395,True
329814341262190588,Pristine SCW Biochar,DCF,19.121072145,mlp_source_only,23,15.836113,3.2849598,True
2051404940871207638,Pristine SCW Biochar,IBU,0.0,mlp_source_only,23,13.65374,13.65374,True
10658327680642255806,Pristine SCW Biochar,IBU,16.89988512,mlp_source_only,23,13.723816,3.1760693,True
3790332834202311929,Pristine SCW Biochar,IBU,18.17632699,mlp_source_only,23,13.801964,4.374363,True
10796766321469813683,Pristine SCW Biochar,IBU,19.26992768,mlp_source_only,23,13.964733,5.305195,True
17200286515181460444,Pristine SCW Biochar,IBU,19.78484896,mlp_source_only,23,14.316307,5.468542,True
11008431144893168087,Pristine SCW Biochar,IBU,19.78377849,mlp_source_only,23,14.970009,4.8137703,True
18432371715842126336,Pristine SCW Biochar,IBU,20.67835043,mlp_source_only,23,15.643864,5.034487,True
8910712751277851660,Pristine SCW Biochar,IBU,20.66529595,mlp_source_only,23,16.155598,4.509699,True
16737703975485143772,Pristine SCW Biochar,IBU,20.025033185,mlp_source_only,23,15.753204,4.2718296,True
5976292064867976036,Pristine SCW Biochar,NXP,8.513560872,mlp_source_only,23,12.347851,3.8342896,False
16638446263550319536,Pristine SCW Biochar,NXP,10.18427058,mlp_source_only,23,13.305004,3.1207333,False
14247326399820608681,Pristine SCW Biochar,NXP,23.66355817,mlp_source_only,23,19.097883,4.5656757,False
3626679836655073239,Pristine SCW Biochar,NXP,32.83624096,mlp_source_only,23,25.466219,7.3700237,False
1938230782418544334,Pristine SCW Biochar,DCF,6.910849115,mlp_source_only,23,15.454487,8.543638,False
17509084134776967386,Pristine SCW Biochar,DCF,11.94615928,mlp_source_only,23,15.708069,3.7619095,False
9214597997492623055,Pristine SCW Biochar,DCF,21.51003422,mlp_source_only,23,17.950245,3.5597897,False
15613626881432330545,Pristine SCW Biochar,DCF,32.55652461,mlp_source_only,23,21.887312,10.669214,False
1249904749956654510,Pristine SCW Biochar,IBU,10.935518415,mlp_source_only,23,14.900093,3.9645748,False
9750239826985509562,Pristine SCW Biochar,IBU,13.35058334,mlp_source_only,23,15.826427,2.4758444,False
12415649059408947823,Pristine SCW Biochar,IBU,23.23297655,mlp_source_only,23,16.831379,6.401598,False
493397566369541585,Pristine SCW Biochar,IBU,33.23850263,mlp_source_only,23,19.515898,13.722605,False
2431818629244494460,Pristine SCW Biochar,NPX,21.49577512,mlp_source_only,23,17.495281,4.000494,True
14632511503543224213,Pristine SCW Biochar,NPX,18.26438455,mlp_source_only,23,15.056881,3.2075043,True
10158343563720824836,Pristine SCW Biochar,NPX,17.26357285,mlp_source_only,23,14.092472,3.1711006,True
8860467251718062619,Pristine SCW Biochar,NPX,16.13579508,mlp_source_only,23,13.59203,2.543766,True
7708639079549094677,Pristine SCW Biochar,DCF,21.75317842,mlp_source_only,23,18.19659,3.5565872,True
15693684484887973741,Pristine SCW Biochar,DCF,19.16141715,mlp_source_only,23,14.480328,4.6810894,True
12068268132093545302,Pristine SCW Biochar,DCF,17.98311701,mlp_source_only,23,14.765564,3.2175522,True
3805779553248948725,Pristine SCW Biochar,IBU,22.89928752,mlp_source_only,23,18.860418,4.03887,True
8203542750957706445,Pristine SCW Biochar,IBU,18.5045802,mlp_source_only,23,14.712566,3.7920132,True
8619013912121469110,Pristine SCW Biochar,IBU,17.26124304,mlp_source_only,23,14.397785,2.8634586,True
16755461862370840366,Pristine SCW Biochar,NPX,18.38244058,mlp_source_only,23,15.100498,3.2819424,True
6288762701156006317,Pristine SCW Biochar,NPX,17.29507799,mlp_source_only,23,15.446102,1.8489761,True
2461942620734296822,Pristine SCW Biochar,NPX,18.3312792,mlp_source_only,23,16.234417,2.0968628,True
14915493390938448242,Pristine SCW Biochar,NPX,17.59235683,mlp_source_only,23,17.017591,0.57476616,True
14561758705567463404,Pristine SCW Biochar,NPX,16.04739171,mlp_source_only,23,17.841845,1.7944527,True
4659234226800065611,Pristine SCW Biochar,DCF,16.653938,mlp_source_only,23,15.905369,0.7485695,False
11469103634136059972,Pristine SCW Biochar,DCF,16.3975333,mlp_source_only,23,16.14267,0.25486374,False
13255282744427241635,Pristine SCW Biochar,DCF,16.61566462,mlp_source_only,23,16.604477,0.011188507,False
2813337390772277759,Pristine SCW Biochar,DCF,16.02054824,mlp_source_only,23,17.056993,1.0364456,False
12147411485588615077,Pristine SCW Biochar,DCF,16.12257134,mlp_source_only,23,17.804192,1.6816196,False
3619321008973724267,Pristine SCW Biochar,IBU,16.58306542,mlp_source_only,23,15.89175,0.6913147,False
6767561828512103332,Pristine SCW Biochar,IBU,15.96808891,mlp_source_only,23,16.43322,0.4651308,False
14598158743120574339,Pristine SCW Biochar,IBU,16.56583978,mlp_source_only,23,16.98343,0.4175911,False
12552377453823545695,Pristine SCW Biochar,IBU,17.10001985,mlp_source_only,23,17.648872,0.5488529,False
15269897442523904645,Pristine SCW Biochar,IBU,15.62815373,mlp_source_only,23,18.649406,3.0212526,False
14527147495807567373,Pristine SCW Biochar,NPX,17.10889887,mlp_source_only,23,14.316406,2.792492,True
18242488890160064085,Pristine SCW Biochar,NPX,18.50934797,mlp_source_only,23,15.782787,2.7265606,True
9217257676294177556,Pristine SCW Biochar,DCF,18.40713328,mlp_source_only,23,15.083183,3.3239498,True
6194712352110633020,Pristine SCW Biochar,DCF,20.02057158,mlp_source_only,23,15.361141,4.6594296,True
7086304982263032628,Pristine SCW Biochar,IBU,19.90873317,mlp_source_only,23,16.047066,3.8616676,True
870809365627718684,Pristine SCW Biochar,IBU,21.2613338,mlp_source_only,23,16.010223,5.25111,True
11463466362237138402,NaOH-activated SCW biochars,NXP,0.0,mlp_source_only,23,148.09212,148.09212,True
12429355053059418026,NaOH-activated SCW biochars,NXP,90.16372742,mlp_source_only,23,150.47586,60.312134,True
14609237521165358149,NaOH-activated SCW biochars,NXP,104.2284102,mlp_source_only,23,153.00565,48.777237,True
446328556523201111,NaOH-activated SCW biochars,NXP,130.9519993,mlp_source_only,23,158.04222,27.090225,True
1551655804826946544,NaOH-activated SCW biochars,NXP,153.5606127,mlp_source_only,23,167.98448,14.423874,True
12674212456835948851,NaOH-activated SCW biochars,NXP,166.7371919,mlp_source_only,23,185.51653,18.779327,True
12588539707960640012,NaOH-activated SCW biochars,NXP,174.3891721,mlp_source_only,23,197.00755,22.618378,True
3988610212697559040,NaOH-activated SCW biochars,NXP,174.0987509,mlp_source_only,23,202.76688,28.668121,True
10547200906881874672,NaOH-activated SCW biochars,NXP,179.92426765,mlp_source_only,23,195.7435,15.819229,True
4097433552957510200,NaOH-activated SCW biochars,DCF,0.0,mlp_source_only,23,93.12273,93.12273,True
8973503642251044448,NaOH-activated SCW biochars,DCF,48.76561963,mlp_source_only,23,93.68019,44.91457,True
8132899750145070855,NaOH-activated SCW biochars,DCF,60.68388993,mlp_source_only,23,94.05935,33.375458,True
10455380725152883637,NaOH-activated SCW biochars,DCF,73.87287411,mlp_source_only,23,94.78514,20.91227,True
3249913649156960858,NaOH-activated SCW biochars,DCF,82.2331982,mlp_source_only,23,96.02527,13.7920685,True
2892051548520492425,NaOH-activated SCW biochars,DCF,81.93930885,mlp_source_only,23,97.18019,15.240883,True
13926868731529471070,NaOH-activated SCW biochars,DCF,82.83055081,mlp_source_only,23,97.43463,14.60408,True
6280546985017538186,NaOH-activated SCW biochars,DCF,82.6411851,mlp_source_only,23,95.4487,12.807518,True
14802185984964681562,NaOH-activated SCW biochars,DCF,77.22438452,mlp_source_only,23,90.74194,13.517555,True
18031951279925841496,NaOH-activated SCW biochars,IBU,0.0,mlp_source_only,23,56.895187,56.895187,True
7439356660872997760,NaOH-activated SCW biochars,IBU,38.20195295,mlp_source_only,23,57.583076,19.381123,True
3280576637481085735,NaOH-activated SCW biochars,IBU,49.12704629,mlp_source_only,23,58.28961,9.162567,True
2475666081309423509,NaOH-activated SCW biochars,IBU,62.99284614,mlp_source_only,23,59.70178,3.291069,True
7140885989460122234,NaOH-activated SCW biochars,IBU,65.00045691,mlp_source_only,23,62.506233,2.4942245,True
5352559836577404585,NaOH-activated SCW biochars,IBU,65.18409441,mlp_source_only,23,67.4908,2.3067017,True
271021551376951870,NaOH-activated SCW biochars,IBU,65.30178063,mlp_source_only,23,71.82697,6.5251923,True
4601601497501002282,NaOH-activated SCW biochars,IBU,65.65806376,mlp_source_only,23,74.39022,8.732155,True
14131146040637425530,NaOH-activated SCW biochars,IBU,65.65332219000001,mlp_source_only,23,78.68038,13.027061,True
16405048272212825666,NaOH-activated SCW biochars,NXP,64.8903021,mlp_source_only,23,64.39403,0.49627686,True
13765390047063166502,NaOH-activated SCW biochars,NXP,126.0338032,mlp_source_only,23,126.11989,0.08608246,True
3540536502839737235,NaOH-activated SCW biochars,NXP,225.3867619,mlp_source_only,23,238.15865,12.771881,True
10087744159834544517,NaOH-activated SCW biochars,NXP,253.7893399,mlp_source_only,23,228.9059,24.883438,True
14731060229230471192,NaOH-activated SCW biochars,DCF,54.75327727,mlp_source_only,23,63.987926,9.23465,True
5541933350374393212,NaOH-activated SCW biochars,DCF,77.09472432,mlp_source_only,23,75.27809,1.8166351,True
12615432238208671005,NaOH-activated SCW biochars,DCF,92.0230423,mlp_source_only,23,102.27438,10.251343,True
10427946335696234203,NaOH-activated SCW biochars,DCF,95.69277177,mlp_source_only,23,112.25311,16.56034,True
6260261985190404920,NaOH-activated SCW biochars,IBU,52.90707681,mlp_source_only,23,58.705708,5.7986298,True
599381209477399324,NaOH-activated SCW biochars,IBU,66.76808811,mlp_source_only,23,68.313835,1.5457458,True
3926410718330234365,NaOH-activated SCW biochars,IBU,70.35687624,mlp_source_only,23,80.0982,9.741325,True
3396071663462261947,NaOH-activated SCW biochars,IBU,73.29670399,mlp_source_only,23,68.501114,4.7955933,True
12143757583447324994,NaOH-activated SCW biochars,NPX,190.595886,mlp_source_only,23,197.31111,6.715225,True
7070640037739440319,NaOH-activated SCW biochars,NPX,172.0266924,mlp_source_only,23,184.83403,12.807343,True
852043111923116922,NaOH-activated SCW biochars,NPX,152.656609,mlp_source_only,23,174.58755,21.930939,True
15261173828235182569,NaOH-activated SCW biochars,NPX,145.3785096,mlp_source_only,23,126.404175,18.974335,True
18018378148491117671,NaOH-activated SCW biochars,DCF,96.67411867,mlp_source_only,23,118.97052,22.296402,True
1787412344397427871,NaOH-activated SCW biochars,DCF,62.75924066,mlp_source_only,23,87.40988,24.650642,True
17454219733314565792,NaOH-activated SCW biochars,DCF,51.973701,mlp_source_only,23,80.7092,28.735497,True
1502419750140885639,NaOH-activated SCW biochars,IBU,94.31416328,mlp_source_only,23,110.22006,15.905899,True
15807910494372115647,NaOH-activated SCW biochars,IBU,50.22163876,mlp_source_only,23,66.27341,16.05177,True
8791253579198486592,NaOH-activated SCW biochars,IBU,38.06104336,mlp_source_only,23,55.947765,17.886723,True
665404155957715216,NaOH-activated SCW biochars,NPX,177.1620054,mlp_source_only,23,191.23976,14.077759,True
6827103232613768791,NaOH-activated SCW biochars,NPX,179.105641,mlp_source_only,23,192.88649,13.780853,True
18203435778758194360,NaOH-activated SCW biochars,NPX,186.0584129,mlp_source_only,23,192.86838,6.809967,True
5759522579916954172,NaOH-activated SCW biochars,NPX,181.2017167,mlp_source_only,23,193.68637,12.48465,True
664633524360232258,NaOH-activated SCW biochars,NPX,182.9370612,mlp_source_only,23,193.25607,10.3190155,True
13641899622687088449,NaOH-activated SCW biochars,DCF,76.95847226,mlp_source_only,23,95.427666,18.469193,False
9393633767651503122,NaOH-activated SCW biochars,DCF,83.56161718499999,mlp_source_only,23,99.37826,15.816643,False
5981541925235720617,NaOH-activated SCW biochars,DCF,85.17762947,mlp_source_only,23,102.450554,17.272926,False
6023530469711918669,NaOH-activated SCW biochars,DCF,80.57171083,mlp_source_only,23,104.47206,23.900352,False
532790910543730727,NaOH-activated SCW biochars,DCF,79.58071398,mlp_source_only,23,105.171196,25.590485,False
12079174347632602273,NaOH-activated SCW biochars,IBU,69.72658596,mlp_source_only,23,80.76585,11.039261,False
3049006844620542258,NaOH-activated SCW biochars,IBU,73.17741615,mlp_source_only,23,84.3705,11.193085,False
4855520275444175689,NaOH-activated SCW biochars,IBU,75.69155256,mlp_source_only,23,88.92403,13.232475,False
5514219354175734125,NaOH-activated SCW biochars,IBU,76.30216313,mlp_source_only,23,92.592865,16.290703,False
7156357989100352967,NaOH-activated SCW biochars,IBU,71.70044321,mlp_source_only,23,93.26965,21.569214,False
6812290224175752247,NaOH-activated SCW biochars,NPX,167.0779885,mlp_source_only,23,181.24641,14.1684265,True
9153488855957792255,NaOH-activated SCW biochars,NPX,181.832546,mlp_source_only,23,187.27231,5.4397583,True
12341295020867722114,NaOH-activated SCW biochars,DCF,72.89459636,mlp_source_only,23,76.621124,3.7265244,True
8138945238617595290,NaOH-activated SCW biochars,DCF,87.78495046,mlp_source_only,23,110.50053,22.715576,True
95817833491593826,NaOH-activated SCW biochars,IBU,57.641649,mlp_source_only,23,62.4255,4.7838516,True
12299775327561621562,NaOH-activated SCW biochars,IBU,69.79127526,mlp_source_only,23,93.641426,23.850151,True
17053035532018455372,Pristine SCW Biochar,NXP,0.0,mlp_source_only,37,13.706024,13.706024,True
17098923533429936836,Pristine SCW Biochar,NXP,14.44646584,mlp_source_only,37,13.945473,0.5009928,True
13215046423171528219,Pristine SCW Biochar,NXP,15.62173129,mlp_source_only,37,14.195698,1.426034,True
16825237191054845665,Pristine SCW Biochar,NXP,16.88164032,mlp_source_only,37,14.724506,2.157133,True
6982030516250217062,Pristine SCW Biochar,NXP,17.00858908,mlp_source_only,37,15.605625,1.4029636,True
2755595898843553677,Pristine SCW Biochar,NXP,17.4625326,mlp_source_only,37,16.652615,0.80991745,True
12146535126227506594,Pristine SCW Biochar,NXP,17.54960963,mlp_source_only,37,17.252312,0.29729843,True
2569984335539275158,Pristine SCW Biochar,NXP,17.71590352,mlp_source_only,37,17.96613,0.25022507,True
6648755328613141350,Pristine SCW Biochar,NXP,16.30019973,mlp_source_only,37,19.164484,2.8642845,True
1214539223634647286,Pristine SCW Biochar,DCF,0.0,mlp_source_only,37,14.401974,14.401974,True
335119549853506142,Pristine SCW Biochar,DCF,16.15534017,mlp_source_only,37,14.548122,1.6072178,True
13581708233989788697,Pristine SCW Biochar,DCF,17.94998036,mlp_source_only,37,14.627541,3.3224392,True
4071952786420779155,Pristine SCW Biochar,DCF,18.6868745,mlp_source_only,37,14.761097,3.9257774,True
16575937784576867068,Pristine SCW Biochar,DCF,19.22913671,mlp_source_only,37,15.002155,4.226982,True
16662543744214429559,Pristine SCW Biochar,DCF,19.16432581,mlp_source_only,37,15.144924,4.0194016,True
1002991668870794336,Pristine SCW Biochar,DCF,19.8012145,mlp_source_only,37,15.213596,4.587618,True
3713179060534583340,Pristine SCW Biochar,DCF,20.25228212,mlp_source_only,37,15.023598,5.2286835,True
329814341262190588,Pristine SCW Biochar,DCF,19.121072145,mlp_source_only,37,14.716297,4.4047756,True
2051404940871207638,Pristine SCW Biochar,IBU,0.0,mlp_source_only,37,12.77874,12.77874,True
10658327680642255806,Pristine SCW Biochar,IBU,16.89988512,mlp_source_only,37,12.955437,3.9444485,True
3790332834202311929,Pristine SCW Biochar,IBU,18.17632699,mlp_source_only,37,13.13554,5.0407867,True
10796766321469813683,Pristine SCW Biochar,IBU,19.26992768,mlp_source_only,37,13.496349,5.7735786,True
17200286515181460444,Pristine SCW Biochar,IBU,19.78484896,mlp_source_only,37,14.232319,5.5525303,True
11008431144893168087,Pristine SCW Biochar,IBU,19.78377849,mlp_source_only,37,15.66534,4.1184387,True
18432371715842126336,Pristine SCW Biochar,IBU,20.67835043,mlp_source_only,37,16.926445,3.7519054,True
8910712751277851660,Pristine SCW Biochar,IBU,20.66529595,mlp_source_only,37,17.571978,3.093319,True
16737703975485143772,Pristine SCW Biochar,IBU,20.025033185,mlp_source_only,37,16.939587,3.0854473,True
5976292064867976036,Pristine SCW Biochar,NXP,8.513560872,mlp_source_only,37,-2.187252,10.700813,False
16638446263550319536,Pristine SCW Biochar,NXP,10.18427058,mlp_source_only,37,9.922897,0.26137352,False
14247326399820608681,Pristine SCW Biochar,NXP,23.66355817,mlp_source_only,37,32.192055,8.528496,False
3626679836655073239,Pristine SCW Biochar,NXP,32.83624096,mlp_source_only,37,42.873226,10.0369835,False
1938230782418544334,Pristine SCW Biochar,DCF,6.910849115,mlp_source_only,37,3.6289177,3.2819314,False
17509084134776967386,Pristine SCW Biochar,DCF,11.94615928,mlp_source_only,37,10.087482,1.8586769,False
9214597997492623055,Pristine SCW Biochar,DCF,21.51003422,mlp_source_only,37,18.89891,2.611124,False
15613626881432330545,Pristine SCW Biochar,DCF,32.55652461,mlp_source_only,37,24.593565,7.962961,False
1249904749956654510,Pristine SCW Biochar,IBU,10.935518415,mlp_source_only,37,7.396,3.5395184,False
9750239826985509562,Pristine SCW Biochar,IBU,13.35058334,mlp_source_only,37,12.643543,0.70703983,False
12415649059408947823,Pristine SCW Biochar,IBU,23.23297655,mlp_source_only,37,22.673376,0.55960083,False
493397566369541585,Pristine SCW Biochar,IBU,33.23850263,mlp_source_only,37,25.329168,7.909334,False
2431818629244494460,Pristine SCW Biochar,NPX,21.49577512,mlp_source_only,37,19.055742,2.440033,True
14632511503543224213,Pristine SCW Biochar,NPX,18.26438455,mlp_source_only,37,15.823654,2.440731,True
10158343563720824836,Pristine SCW Biochar,NPX,17.26357285,mlp_source_only,37,12.174549,5.0890236,True
8860467251718062619,Pristine SCW Biochar,NPX,16.13579508,mlp_source_only,37,14.043343,2.092453,True
7708639079549094677,Pristine SCW Biochar,DCF,21.75317842,mlp_source_only,37,17.773531,3.9796467,True
15693684484887973741,Pristine SCW Biochar,DCF,19.16141715,mlp_source_only,37,14.289528,4.871889,True
12068268132093545302,Pristine SCW Biochar,DCF,17.98311701,mlp_source_only,37,17.0469,0.93621635,True
3805779553248948725,Pristine SCW Biochar,IBU,22.89928752,mlp_source_only,37,19.233698,3.6655903,True
8203542750957706445,Pristine SCW Biochar,IBU,18.5045802,mlp_source_only,37,16.105331,2.3992481,True
8619013912121469110,Pristine SCW Biochar,IBU,17.26124304,mlp_source_only,37,15.542046,1.7191982,True
16755461862370840366,Pristine SCW Biochar,NPX,18.38244058,mlp_source_only,37,15.480618,2.901823,True
6288762701156006317,Pristine SCW Biochar,NPX,17.29507799,mlp_source_only,37,16.568672,0.7264061,True
2461942620734296822,Pristine SCW Biochar,NPX,18.3312792,mlp_source_only,37,17.74211,0.58917046,True
14915493390938448242,Pristine SCW Biochar,NPX,17.59235683,mlp_source_only,37,18.042416,0.45005798,True
14561758705567463404,Pristine SCW Biochar,NPX,16.04739171,mlp_source_only,37,18.502779,2.455387,True
4659234226800065611,Pristine SCW Biochar,DCF,16.653938,mlp_source_only,37,15.227058,1.4268799,False
11469103634136059972,Pristine SCW Biochar,DCF,16.3975333,mlp_source_only,37,15.673508,0.7240257,False
13255282744427241635,Pristine SCW Biochar,DCF,16.61566462,mlp_source_only,37,16.6555,0.039834976,False
2813337390772277759,Pristine SCW Biochar,DCF,16.02054824,mlp_source_only,37,17.530218,1.5096703,False
12147411485588615077,Pristine SCW Biochar,DCF,16.12257134,mlp_source_only,37,18.71568,2.5931072,False
3619321008973724267,Pristine SCW Biochar,IBU,16.58306542,mlp_source_only,37,16.792837,0.20977211,False
6767561828512103332,Pristine SCW Biochar,IBU,15.96808891,mlp_source_only,37,17.772636,1.8045473,False
14598158743120574339,Pristine SCW Biochar,IBU,16.56583978,mlp_source_only,37,18.300789,1.7349491,False
12552377453823545695,Pristine SCW Biochar,IBU,17.10001985,mlp_source_only,37,18.783648,1.6836281,False
15269897442523904645,Pristine SCW Biochar,IBU,15.62815373,mlp_source_only,37,19.011087,3.3829336,False
14527147495807567373,Pristine SCW Biochar,NPX,17.10889887,mlp_source_only,37,15.71944,1.3894577,True
18242488890160064085,Pristine SCW Biochar,NPX,18.50934797,mlp_source_only,37,16.515118,1.9942303,True
9217257676294177556,Pristine SCW Biochar,DCF,18.40713328,mlp_source_only,37,15.539421,2.867712,True
6194712352110633020,Pristine SCW Biochar,DCF,20.02057158,mlp_source_only,37,16.013264,4.007307,True
7086304982263032628,Pristine SCW Biochar,IBU,19.90873317,mlp_source_only,37,19.203678,0.70505524,True
870809365627718684,Pristine SCW Biochar,IBU,21.2613338,mlp_source_only,37,17.18544,4.0758934,True
11463466362237138402,NaOH-activated SCW biochars,NXP,0.0,mlp_source_only,37,147.68204,147.68204,True
12429355053059418026,NaOH-activated SCW biochars,NXP,90.16372742,mlp_source_only,37,150.05043,59.886703,True
14609237521165358149,NaOH-activated SCW biochars,NXP,104.2284102,mlp_source_only,37,152.43172,48.20331,True
446328556523201111,NaOH-activated SCW biochars,NXP,130.9519993,mlp_source_only,37,157.19289,26.24089,True
1551655804826946544,NaOH-activated SCW biochars,NXP,153.5606127,mlp_source_only,37,166.63913,13.078522,True
12674212456835948851,NaOH-activated SCW biochars,NXP,166.7371919,mlp_source_only,37,181.43037,14.693176,True
12588539707960640012,NaOH-activated SCW biochars,NXP,174.3891721,mlp_source_only,37,190.49281,16.103638,True
3988610212697559040,NaOH-activated SCW biochars,NXP,174.0987509,mlp_source_only,37,194.55188,20.453125,True
10547200906881874672,NaOH-activated SCW biochars,NXP,179.92426765,mlp_source_only,37,197.65108,17.726807,True
4097433552957510200,NaOH-activated SCW biochars,DCF,0.0,mlp_source_only,37,89.02164,89.02164,True
8973503642251044448,NaOH-activated SCW biochars,DCF,48.76561963,mlp_source_only,37,90.02855,41.262928,True
8132899750145070855,NaOH-activated SCW biochars,DCF,60.68388993,mlp_source_only,37,91.038666,30.354774,True
10455380725152883637,NaOH-activated SCW biochars,DCF,73.87287411,mlp_source_only,37,93.06527,19.192398,True
3249913649156960858,NaOH-activated SCW biochars,DCF,82.2331982,mlp_source_only,37,95.34642,13.11322,True
2892051548520492425,NaOH-activated SCW biochars,DCF,81.93930885,mlp_source_only,37,97.3448,15.405495,True
13926868731529471070,NaOH-activated SCW biochars,DCF,82.83055081,mlp_source_only,37,98.05809,15.227539,True
6280546985017538186,NaOH-activated SCW biochars,DCF,82.6411851,mlp_source_only,37,96.966354,14.325172,True
14802185984964681562,NaOH-activated SCW biochars,DCF,77.22438452,mlp_source_only,37,90.94937,13.724983,True
18031951279925841496,NaOH-activated SCW biochars,IBU,0.0,mlp_source_only,37,53.739506,53.739506,True
7439356660872997760,NaOH-activated SCW biochars,IBU,38.20195295,mlp_source_only,37,54.54183,16.339874,True
3280576637481085735,NaOH-activated SCW biochars,IBU,49.12704629,mlp_source_only,37,55.359165,6.2321205,True
2475666081309423509,NaOH-activated SCW biochars,IBU,62.99284614,mlp_source_only,37,57.0385,5.9543457,True
7140885989460122234,NaOH-activated SCW biochars,IBU,65.00045691,mlp_source_only,37,60.570038,4.43042,True
5352559836577404585,NaOH-activated SCW biochars,IBU,65.18409441,mlp_source_only,37,67.58032,2.396225,True
271021551376951870,NaOH-activated SCW biochars,IBU,65.30178063,mlp_source_only,37,73.88339,8.581612,True
4601601497501002282,NaOH-activated SCW biochars,IBU,65.65806376,mlp_source_only,37,77.57026,11.912193,True
14131146040637425530,NaOH-activated SCW biochars,IBU,65.65332219000001,mlp_source_only,37,73.70609,8.0527725,True
16405048272212825666,NaOH-activated SCW biochars,NXP,64.8903021,mlp_source_only,37,62.10364,2.786663,True
13765390047063166502,NaOH-activated SCW biochars,NXP,126.0338032,mlp_source_only,37,124.98357,1.0502396,True
3540536502839737235,NaOH-activated SCW biochars,NXP,225.3867619,mlp_source_only,37,229.94046,4.5536957,True
10087744159834544517,NaOH-activated SCW biochars,NXP,253.7893399,mlp_source_only,37,213.1421,40.647232,True
14731060229230471192,NaOH-activated SCW biochars,DCF,54.75327727,mlp_source_only,37,66.11957,11.366291,True
5541933350374393212,NaOH-activated SCW biochars,DCF,77.09472432,mlp_source_only,37,83.12109,6.026367,True
12615432238208671005,NaOH-activated SCW biochars,DCF,92.0230423,mlp_source_only,37,97.45302,5.4299774,True
10427946335696234203,NaOH-activated SCW biochars,DCF,95.69277177,mlp_source_only,37,94.29993,1.3928452,True
6260261985190404920,NaOH-activated SCW biochars,IBU,52.90707681,mlp_source_only,37,58.962425,6.0553474,True
599381209477399324,NaOH-activated SCW biochars,IBU,66.76808811,mlp_source_only,37,71.400085,4.631996,True
3926410718330234365,NaOH-activated SCW biochars,IBU,70.35687624,mlp_source_only,37,75.98033,5.623459,True
3396071663462261947,NaOH-activated SCW biochars,IBU,73.29670399,mlp_source_only,37,68.90216,4.3945465,True
12143757583447324994,NaOH-activated SCW biochars,NPX,190.595886,mlp_source_only,37,195.8877,5.291809,True
7070640037739440319,NaOH-activated SCW biochars,NPX,172.0266924,mlp_source_only,37,186.71617,14.689484,True
852043111923116922,NaOH-activated SCW biochars,NPX,152.656609,mlp_source_only,37,181.11014,28.453522,True
15261173828235182569,NaOH-activated SCW biochars,NPX,145.3785096,mlp_source_only,37,141.12015,4.258362,True
18018378148491117671,NaOH-activated SCW biochars,DCF,96.67411867,mlp_source_only,37,116.43811,19.763992,True
1787412344397427871,NaOH-activated SCW biochars,DCF,62.75924066,mlp_source_only,37,89.31505,26.555809,True
17454219733314565792,NaOH-activated SCW biochars,DCF,51.973701,mlp_source_only,37,84.42535,32.451645,True
1502419750140885639,NaOH-activated SCW biochars,IBU,94.31416328,mlp_source_only,37,103.53404,9.219879,True
15807910494372115647,NaOH-activated SCW biochars,IBU,50.22163876,mlp_source_only,37,66.88687,16.665234,True
8791253579198486592,NaOH-activated SCW biochars,IBU,38.06104336,mlp_source_only,37,68.08572,30.024673,True
665404155957715216,NaOH-activated SCW biochars,NPX,177.1620054,mlp_source_only,37,187.28093,10.118927,True
6827103232613768791,NaOH-activated SCW biochars,NPX,179.105641,mlp_source_only,37,189.86021,10.754578,True
18203435778758194360,NaOH-activated SCW biochars,NPX,186.0584129,mlp_source_only,37,191.82375,5.765335,True
5759522579916954172,NaOH-activated SCW biochars,NPX,181.2017167,mlp_source_only,37,193.4476,12.24588,True
664633524360232258,NaOH-activated SCW biochars,NPX,182.9370612,mlp_source_only,37,192.91512,9.978058,True
13641899622687088449,NaOH-activated SCW biochars,DCF,76.95847226,mlp_source_only,37,91.93693,14.978455,False
9393633767651503122,NaOH-activated SCW biochars,DCF,83.56161718499999,mlp_source_only,37,95.21442,11.6528015,False
5981541925235720617,NaOH-activated SCW biochars,DCF,85.17762947,mlp_source_only,37,98.41158,13.233955,False
6023530469711918669,NaOH-activated SCW biochars,DCF,80.57171083,mlp_source_only,37,101.99295,21.421242,False
532790910543730727,NaOH-activated SCW biochars,DCF,79.58071398,mlp_source_only,37,103.38216,23.801445,False
12079174347632602273,NaOH-activated SCW biochars,IBU,69.72658596,mlp_source_only,37,79.85712,10.130531,False
3049006844620542258,NaOH-activated SCW biochars,IBU,73.17741615,mlp_source_only,37,85.33876,12.161346,False
4855520275444175689,NaOH-activated SCW biochars,IBU,75.69155256,mlp_source_only,37,92.949356,17.257805,False
5514219354175734125,NaOH-activated SCW biochars,IBU,76.30216313,mlp_source_only,37,99.494896,23.192734,False
7156357989100352967,NaOH-activated SCW biochars,IBU,71.70044321,mlp_source_only,37,101.83717,30.136734,False
6812290224175752247,NaOH-activated SCW biochars,NPX,167.0779885,mlp_source_only,37,187.64435,20.56636,True
9153488855957792255,NaOH-activated SCW biochars,NPX,181.832546,mlp_source_only,37,184.20451,2.3719635,True
12341295020867722114,NaOH-activated SCW biochars,DCF,72.89459636,mlp_source_only,37,80.68082,7.7862167,True
8138945238617595290,NaOH-activated SCW biochars,DCF,87.78495046,mlp_source_only,37,108.50728,20.722328,True
95817833491593826,NaOH-activated SCW biochars,IBU,57.641649,mlp_source_only,37,58.61084,0.9691925,True
12299775327561621562,NaOH-activated SCW biochars,IBU,69.79127526,mlp_source_only,37,88.724915,18.93364,True
17053035532018455372,Pristine SCW Biochar,NXP,0.0,mlp_source_only,51,12.803684,12.803684,True
17098923533429936836,Pristine SCW Biochar,NXP,14.44646584,mlp_source_only,51,12.896343,1.5501223,True
13215046423171528219,Pristine SCW Biochar,NXP,15.62173129,mlp_source_only,51,12.991169,2.6305628,True
16825237191054845665,Pristine SCW Biochar,NXP,16.88164032,mlp_source_only,51,13.187439,3.6942005,True
6982030516250217062,Pristine SCW Biochar,NXP,17.00858908,mlp_source_only,51,13.607117,3.401472,True
2755595898843553677,Pristine SCW Biochar,NXP,17.4625326,mlp_source_only,51,14.435993,3.0265388,True
12146535126227506594,Pristine SCW Biochar,NXP,17.54960963,mlp_source_only,51,15.094383,2.455227,True
2569984335539275158,Pristine SCW Biochar,NXP,17.71590352,mlp_source_only,51,15.545986,2.169918,True
6648755328613141350,Pristine SCW Biochar,NXP,16.30019973,mlp_source_only,51,16.963652,0.66345215,True
1214539223634647286,Pristine SCW Biochar,DCF,0.0,mlp_source_only,51,14.361206,14.361206,True
335119549853506142,Pristine SCW Biochar,DCF,16.15534017,mlp_source_only,51,14.300045,1.8552952,True
13581708233989788697,Pristine SCW Biochar,DCF,17.94998036,mlp_source_only,51,14.239407,3.7105732,True
4071952786420779155,Pristine SCW Biochar,DCF,18.6868745,mlp_source_only,51,14.17561,4.511265,True
16575937784576867068,Pristine SCW Biochar,DCF,19.22913671,mlp_source_only,51,14.367302,4.8618355,True
16662543744214429559,Pristine SCW Biochar,DCF,19.16432581,mlp_source_only,51,14.859756,4.3045692,True
1002991668870794336,Pristine SCW Biochar,DCF,19.8012145,mlp_source_only,51,15.275692,4.525522,True
3713179060534583340,Pristine SCW Biochar,DCF,20.25228212,mlp_source_only,51,15.860355,4.391926,True
329814341262190588,Pristine SCW Biochar,DCF,19.121072145,mlp_source_only,51,15.422775,3.6982975,True
2051404940871207638,Pristine SCW Biochar,IBU,0.0,mlp_source_only,51,13.344456,13.344456,True
10658327680642255806,Pristine SCW Biochar,IBU,16.89988512,mlp_source_only,51,13.465473,3.434412,True
3790332834202311929,Pristine SCW Biochar,IBU,18.17632699,mlp_source_only,51,13.589619,4.586708,True
10796766321469813683,Pristine SCW Biochar,IBU,19.26992768,mlp_source_only,51,13.870289,5.399639,True
17200286515181460444,Pristine SCW Biochar,IBU,19.78484896,mlp_source_only,51,14.507065,5.2777843,True
11008431144893168087,Pristine SCW Biochar,IBU,19.78377849,mlp_source_only,51,15.538307,4.245472,True
18432371715842126336,Pristine SCW Biochar,IBU,20.67835043,mlp_source_only,51,16.315655,4.3626957,True
8910712751277851660,Pristine SCW Biochar,IBU,20.66529595,mlp_source_only,51,16.625143,4.0401535,True
16737703975485143772,Pristine SCW Biochar,IBU,20.025033185,mlp_source_only,51,16.272575,3.7524586,True
5976292064867976036,Pristine SCW Biochar,NXP,8.513560872,mlp_source_only,51,7.2575264,1.2560349,False
16638446263550319536,Pristine SCW Biochar,NXP,10.18427058,mlp_source_only,51,12.079998,1.8957272,False
14247326399820608681,Pristine SCW Biochar,NXP,23.66355817,mlp_source_only,51,18.561676,5.101883,False
3626679836655073239,Pristine SCW Biochar,NXP,32.83624096,mlp_source_only,51,18.613647,14.222595,False
1938230782418544334,Pristine SCW Biochar,DCF,6.910849115,mlp_source_only,51,13.23016,6.3193107,False
17509084134776967386,Pristine SCW Biochar,DCF,11.94615928,mlp_source_only,51,15.123806,3.1776466,False
9214597997492623055,Pristine SCW Biochar,DCF,21.51003422,mlp_source_only,51,14.321873,7.188162,False
15613626881432330545,Pristine SCW Biochar,DCF,32.55652461,mlp_source_only,51,15.693317,16.863209,False
1249904749956654510,Pristine SCW Biochar,IBU,10.935518415,mlp_source_only,51,11.056408,0.12088966,False
9750239826985509562,Pristine SCW Biochar,IBU,13.35058334,mlp_source_only,51,15.4075775,2.0569944,False
12415649059408947823,Pristine SCW Biochar,IBU,23.23297655,mlp_source_only,51,17.836628,5.396349,False
493397566369541585,Pristine SCW Biochar,IBU,33.23850263,mlp_source_only,51,17.50148,15.737022,False
2431818629244494460,Pristine SCW Biochar,NPX,21.49577512,mlp_source_only,51,15.441559,6.0542164,True
14632511503543224213,Pristine SCW Biochar,NPX,18.26438455,mlp_source_only,51,16.049099,2.2152863,True
10158343563720824836,Pristine SCW Biochar,NPX,17.26357285,mlp_source_only,51,13.369343,3.89423,True
8860467251718062619,Pristine SCW Biochar,NPX,16.13579508,mlp_source_only,51,13.39584,2.739956,True
7708639079549094677,Pristine SCW Biochar,DCF,21.75317842,mlp_source_only,51,16.472466,5.280712,True
15693684484887973741,Pristine SCW Biochar,DCF,19.16141715,mlp_source_only,51,14.676521,4.4848957,True
12068268132093545302,Pristine SCW Biochar,DCF,17.98311701,mlp_source_only,51,13.045891,4.9372253,True
3805779553248948725,Pristine SCW Biochar,IBU,22.89928752,mlp_source_only,51,19.587257,3.3120308,True
8203542750957706445,Pristine SCW Biochar,IBU,18.5045802,mlp_source_only,51,14.589882,3.9146976,True
8619013912121469110,Pristine SCW Biochar,IBU,17.26124304,mlp_source_only,51,12.626587,4.634657,True
16755461862370840366,Pristine SCW Biochar,NPX,18.38244058,mlp_source_only,51,15.256008,3.1264324,True
6288762701156006317,Pristine SCW Biochar,NPX,17.29507799,mlp_source_only,51,14.943966,2.3511124,True
2461942620734296822,Pristine SCW Biochar,NPX,18.3312792,mlp_source_only,51,15.439423,2.8918571,True
14915493390938448242,Pristine SCW Biochar,NPX,17.59235683,mlp_source_only,51,16.383026,1.2093315,True
14561758705567463404,Pristine SCW Biochar,NPX,16.04739171,mlp_source_only,51,17.739513,1.6921215,True
4659234226800065611,Pristine SCW Biochar,DCF,16.653938,mlp_source_only,51,16.50729,0.1466484,False
11469103634136059972,Pristine SCW Biochar,DCF,16.3975333,mlp_source_only,51,16.766705,0.36917114,False
13255282744427241635,Pristine SCW Biochar,DCF,16.61566462,mlp_source_only,51,17.208265,0.59259987,False
2813337390772277759,Pristine SCW Biochar,DCF,16.02054824,mlp_source_only,51,17.394062,1.3735142,False
12147411485588615077,Pristine SCW Biochar,DCF,16.12257134,mlp_source_only,51,17.64714,1.5245686,False
3619321008973724267,Pristine SCW Biochar,IBU,16.58306542,mlp_source_only,51,17.47027,0.8872051,False
6767561828512103332,Pristine SCW Biochar,IBU,15.96808891,mlp_source_only,51,18.459301,2.491212,False
14598158743120574339,Pristine SCW Biochar,IBU,16.56583978,mlp_source_only,51,19.318909,2.753069,False
12552377453823545695,Pristine SCW Biochar,IBU,17.10001985,mlp_source_only,51,19.966232,2.8662128,False
15269897442523904645,Pristine SCW Biochar,IBU,15.62815373,mlp_source_only,51,20.627283,4.9991293,False
14527147495807567373,Pristine SCW Biochar,NPX,17.10889887,mlp_source_only,51,14.680321,2.4285774,True
18242488890160064085,Pristine SCW Biochar,NPX,18.50934797,mlp_source_only,51,18.205584,0.30376434,True
9217257676294177556,Pristine SCW Biochar,DCF,18.40713328,mlp_source_only,51,15.440773,2.96636,True
6194712352110633020,Pristine SCW Biochar,DCF,20.02057158,mlp_source_only,51,16.326801,3.6937695,True
7086304982263032628,Pristine SCW Biochar,IBU,19.90873317,mlp_source_only,51,19.352673,0.5560608,True
870809365627718684,Pristine SCW Biochar,IBU,21.2613338,mlp_source_only,51,15.859531,5.401802,True
11463466362237138402,NaOH-activated SCW biochars,NXP,0.0,mlp_source_only,51,156.30478,156.30478,True
12429355053059418026,NaOH-activated SCW biochars,NXP,90.16372742,mlp_source_only,51,157.62677,67.46304,True
14609237521165358149,NaOH-activated SCW biochars,NXP,104.2284102,mlp_source_only,51,158.95187,54.723465,True
446328556523201111,NaOH-activated SCW biochars,NXP,130.9519993,mlp_source_only,51,161.60867,30.656677,True
1551655804826946544,NaOH-activated SCW biochars,NXP,153.5606127,mlp_source_only,51,167.12802,13.567413,True
12674212456835948851,NaOH-activated SCW biochars,NXP,166.7371919,mlp_source_only,51,177.95728,11.2200775,True
12588539707960640012,NaOH-activated SCW biochars,NXP,174.3891721,mlp_source_only,51,187.08572,12.696548,True
3988610212697559040,NaOH-activated SCW biochars,NXP,174.0987509,mlp_source_only,51,192.32944,18.230682,True
10547200906881874672,NaOH-activated SCW biochars,NXP,179.92426765,mlp_source_only,51,197.23312,17.308853,True
4097433552957510200,NaOH-activated SCW biochars,DCF,0.0,mlp_source_only,51,92.592354,92.592354,True
8973503642251044448,NaOH-activated SCW biochars,DCF,48.76561963,mlp_source_only,51,92.73659,43.970966,True
8132899750145070855,NaOH-activated SCW biochars,DCF,60.68388993,mlp_source_only,51,92.8789,32.195007,True
10455380725152883637,NaOH-activated SCW biochars,DCF,73.87287411,mlp_source_only,51,93.15358,19.280708,True
3249913649156960858,NaOH-activated SCW biochars,DCF,82.2331982,mlp_source_only,51,93.646645,11.4134445,True
2892051548520492425,NaOH-activated SCW biochars,DCF,81.93930885,mlp_source_only,51,93.69383,11.754524,True
13926868731529471070,NaOH-activated SCW biochars,DCF,82.83055081,mlp_source_only,51,93.69512,10.864571,True
6280546985017538186,NaOH-activated SCW biochars,DCF,82.6411851,mlp_source_only,51,94.3108,11.669617,True
14802185984964681562,NaOH-activated SCW biochars,DCF,77.22438452,mlp_source_only,51,95.79294,18.56855,True
18031951279925841496,NaOH-activated SCW biochars,IBU,0.0,mlp_source_only,51,65.8174,65.8174,True
7439356660872997760,NaOH-activated SCW biochars,IBU,38.20195295,mlp_source_only,51,66.06936,27.867405,True
3280576637481085735,NaOH-activated SCW biochars,IBU,49.12704629,mlp_source_only,51,66.32149,17.194443,True
2475666081309423509,NaOH-activated SCW biochars,IBU,62.99284614,mlp_source_only,51,66.82608,3.8332329,True
7140885989460122234,NaOH-activated SCW biochars,IBU,65.00045691,mlp_source_only,51,67.82799,2.82753,True
5352559836577404585,NaOH-activated SCW biochars,IBU,65.18409441,mlp_source_only,51,70.17746,4.9933624,True
271021551376951870,NaOH-activated SCW biochars,IBU,65.30178063,mlp_source_only,51,72.33821,7.0364304,True
4601601497501002282,NaOH-activated SCW biochars,IBU,65.65806376,mlp_source_only,51,73.58176,7.923691,True
14131146040637425530,NaOH-activated SCW biochars,IBU,65.65332219000001,mlp_source_only,51,75.9879,10.334579,True
16405048272212825666,NaOH-activated SCW biochars,NXP,64.8903021,mlp_source_only,51,68.03612,3.145813,True
13765390047063166502,NaOH-activated SCW biochars,NXP,126.0338032,mlp_source_only,51,127.002716,0.9689102,True
3540536502839737235,NaOH-activated SCW biochars,NXP,225.3867619,mlp_source_only,51,220.61493,4.7718353,True
10087744159834544517,NaOH-activated SCW biochars,NXP,253.7893399,mlp_source_only,51,211.23036,42.558975,True
14731060229230471192,NaOH-activated SCW biochars,DCF,54.75327727,mlp_source_only,51,65.918785,11.165508,True
5541933350374393212,NaOH-activated SCW biochars,DCF,77.09472432,mlp_source_only,51,87.48314,10.388412,True
12615432238208671005,NaOH-activated SCW biochars,DCF,92.0230423,mlp_source_only,51,99.10104,7.078003,True
10427946335696234203,NaOH-activated SCW biochars,DCF,95.69277177,mlp_source_only,51,102.14711,6.454338,True
6260261985190404920,NaOH-activated SCW biochars,IBU,52.90707681,mlp_source_only,51,47.222492,5.6845856,True
599381209477399324,NaOH-activated SCW biochars,IBU,66.76808811,mlp_source_only,51,63.461143,3.3069458,True
3926410718330234365,NaOH-activated SCW biochars,IBU,70.35687624,mlp_source_only,51,81.664246,11.307373,True
3396071663462261947,NaOH-activated SCW biochars,IBU,73.29670399,mlp_source_only,51,85.01111,11.714401,True
12143757583447324994,NaOH-activated SCW biochars,NPX,190.595886,mlp_source_only,51,188.76808,1.8278046,True
7070640037739440319,NaOH-activated SCW biochars,NPX,172.0266924,mlp_source_only,51,182.86325,10.836563,True
852043111923116922,NaOH-activated SCW biochars,NPX,152.656609,mlp_source_only,51,176.23131,23.574692,True
15261173828235182569,NaOH-activated SCW biochars,NPX,145.3785096,mlp_source_only,51,138.08212,7.2963867,True
18018378148491117671,NaOH-activated SCW biochars,DCF,96.67411867,mlp_source_only,51,115.80165,19.127533,True
1787412344397427871,NaOH-activated SCW biochars,DCF,62.75924066,mlp_source_only,51,89.19728,26.438042,True
17454219733314565792,NaOH-activated SCW biochars,DCF,51.973701,mlp_source_only,51,82.974976,31.001274,True
1502419750140885639,NaOH-activated SCW biochars,IBU,94.31416328,mlp_source_only,51,105.95453,11.640366,True
15807910494372115647,NaOH-activated SCW biochars,IBU,50.22163876,mlp_source_only,51,64.30852,14.08688,True
8791253579198486592,NaOH-activated SCW biochars,IBU,38.06104336,mlp_source_only,51,65.0918,27.030754,True
665404155957715216,NaOH-activated SCW biochars,NPX,177.1620054,mlp_source_only,51,186.9095,9.747498,True
6827103232613768791,NaOH-activated SCW biochars,NPX,179.105641,mlp_source_only,51,190.95518,11.849548,True
18203435778758194360,NaOH-activated SCW biochars,NPX,186.0584129,mlp_source_only,51,192.76581,6.7073975,True
5759522579916954172,NaOH-activated SCW biochars,NPX,181.2017167,mlp_source_only,51,192.65869,11.45697,True
664633524360232258,NaOH-activated SCW biochars,NPX,182.9370612,mlp_source_only,51,191.06105,8.123993,True
13641899622687088449,NaOH-activated SCW biochars,DCF,76.95847226,mlp_source_only,51,96.87797,19.919495,False
9393633767651503122,NaOH-activated SCW biochars,DCF,83.56161718499999,mlp_source_only,51,99.02388,15.462265,False
5981541925235720617,NaOH-activated SCW biochars,DCF,85.17762947,mlp_source_only,51,101.85043,16.672806,False
6023530469711918669,NaOH-activated SCW biochars,DCF,80.57171083,mlp_source_only,51,104.31702,23.745308,False
532790910543730727,NaOH-activated SCW biochars,DCF,79.58071398,mlp_source_only,51,108.90222,29.32151,False
12079174347632602273,NaOH-activated SCW biochars,IBU,69.72658596,mlp_source_only,51,80.293846,10.567261,False
3049006844620542258,NaOH-activated SCW biochars,IBU,73.17741615,mlp_source_only,51,86.13337,12.9559555,False
4855520275444175689,NaOH-activated SCW biochars,IBU,75.69155256,mlp_source_only,51,90.94995,15.2584,False
5514219354175734125,NaOH-activated SCW biochars,IBU,76.30216313,mlp_source_only,51,93.131065,16.828903,False
7156357989100352967,NaOH-activated SCW biochars,IBU,71.70044321,mlp_source_only,51,94.93327,23.232834,False
6812290224175752247,NaOH-activated SCW biochars,NPX,167.0779885,mlp_source_only,51,175.7832,8.705215,True
9153488855957792255,NaOH-activated SCW biochars,NPX,181.832546,mlp_source_only,51,185.34547,3.5129242,True
12341295020867722114,NaOH-activated SCW biochars,DCF,72.89459636,mlp_source_only,51,76.47159,3.5769882,True
8138945238617595290,NaOH-activated SCW biochars,DCF,87.78495046,mlp_source_only,51,107.41844,19.633492,True
95817833491593826,NaOH-activated SCW biochars,IBU,57.641649,mlp_source_only,51,63.84703,6.2053833,True
12299775327561621562,NaOH-activated SCW biochars,IBU,69.79127526,mlp_source_only,51,98.38304,28.591766,True
17053035532018455372,Pristine SCW Biochar,NXP,0.0,mlp_source_only,71,12.551891,12.551891,True
17098923533429936836,Pristine SCW Biochar,NXP,14.44646584,mlp_source_only,71,12.566658,1.8798075,True
13215046423171528219,Pristine SCW Biochar,NXP,15.62173129,mlp_source_only,71,12.587185,3.0345469,True
16825237191054845665,Pristine SCW Biochar,NXP,16.88164032,mlp_source_only,71,12.668957,4.2126827,True
6982030516250217062,Pristine SCW Biochar,NXP,17.00858908,mlp_source_only,71,12.818951,4.189638,True
2755595898843553677,Pristine SCW Biochar,NXP,17.4625326,mlp_source_only,71,13.53981,3.9227219,True
12146535126227506594,Pristine SCW Biochar,NXP,17.54960963,mlp_source_only,71,14.158215,3.3913956,True
2569984335539275158,Pristine SCW Biochar,NXP,17.71590352,mlp_source_only,71,14.470264,3.2456398,True
6648755328613141350,Pristine SCW Biochar,NXP,16.30019973,mlp_source_only,71,14.919903,1.3802967,True
1214539223634647286,Pristine SCW Biochar,DCF,0.0,mlp_source_only,71,14.305508,14.305508,True
335119549853506142,Pristine SCW Biochar,DCF,16.15534017,mlp_source_only,71,14.374245,1.7810955,True
13581708233989788697,Pristine SCW Biochar,DCF,17.94998036,mlp_source_only,71,14.450855,3.4991245,True
4071952786420779155,Pristine SCW Biochar,DCF,18.6868745,mlp_source_only,71,14.573456,4.1134186,True
16575937784576867068,Pristine SCW Biochar,DCF,19.22913671,mlp_source_only,71,14.773663,4.455475,True
16662543744214429559,Pristine SCW Biochar,DCF,19.16432581,mlp_source_only,71,14.883102,4.2812233,True
1002991668870794336,Pristine SCW Biochar,DCF,19.8012145,mlp_source_only,71,14.937294,4.86392,True
3713179060534583340,Pristine SCW Biochar,DCF,20.25228212,mlp_source_only,71,14.888622,5.363659,True
329814341262190588,Pristine SCW Biochar,DCF,19.121072145,mlp_source_only,71,15.24258,3.8784924,True
2051404940871207638,Pristine SCW Biochar,IBU,0.0,mlp_source_only,71,13.744541,13.744541,True
10658327680642255806,Pristine SCW Biochar,IBU,16.89988512,mlp_source_only,71,13.770954,3.128931,True
3790332834202311929,Pristine SCW Biochar,IBU,18.17632699,mlp_source_only,71,13.799076,4.3772507,True
10796766321469813683,Pristine SCW Biochar,IBU,19.26992768,mlp_source_only,71,13.860565,5.409363,True
17200286515181460444,Pristine SCW Biochar,IBU,19.78484896,mlp_source_only,71,14.009262,5.775587,True
11008431144893168087,Pristine SCW Biochar,IBU,19.78377849,mlp_source_only,71,14.45063,5.333149,True
18432371715842126336,Pristine SCW Biochar,IBU,20.67835043,mlp_source_only,71,14.766163,5.9121876,True
8910712751277851660,Pristine SCW Biochar,IBU,20.66529595,mlp_source_only,71,14.8033905,5.861906,True
16737703975485143772,Pristine SCW Biochar,IBU,20.025033185,mlp_source_only,71,15.255188,4.769846,True
5976292064867976036,Pristine SCW Biochar,NXP,8.513560872,mlp_source_only,71,5.140892,3.3726692,False
16638446263550319536,Pristine SCW Biochar,NXP,10.18427058,mlp_source_only,71,9.2798195,0.9044514,False
14247326399820608681,Pristine SCW Biochar,NXP,23.66355817,mlp_source_only,71,15.667843,7.995716,False
3626679836655073239,Pristine SCW Biochar,NXP,32.83624096,mlp_source_only,71,17.620893,15.215349,False
1938230782418544334,Pristine SCW Biochar,DCF,6.910849115,mlp_source_only,71,6.2885323,0.62231684,False
17509084134776967386,Pristine SCW Biochar,DCF,11.94615928,mlp_source_only,71,11.669979,0.27618027,False
9214597997492623055,Pristine SCW Biochar,DCF,21.51003422,mlp_source_only,71,15.766945,5.7430897,False
15613626881432330545,Pristine SCW Biochar,DCF,32.55652461,mlp_source_only,71,16.859264,15.697262,False
1249904749956654510,Pristine SCW Biochar,IBU,10.935518415,mlp_source_only,71,9.384392,1.5511265,False
9750239826985509562,Pristine SCW Biochar,IBU,13.35058334,mlp_source_only,71,13.0369,0.3136835,False
12415649059408947823,Pristine SCW Biochar,IBU,23.23297655,mlp_source_only,71,15.727337,7.50564,False
493397566369541585,Pristine SCW Biochar,IBU,33.23850263,mlp_source_only,71,16.347347,16.891155,False
2431818629244494460,Pristine SCW Biochar,NPX,21.49577512,mlp_source_only,71,18.255352,3.2404232,True
14632511503543224213,Pristine SCW Biochar,NPX,18.26438455,mlp_source_only,71,14.846699,3.4176865,True
10158343563720824836,Pristine SCW Biochar,NPX,17.26357285,mlp_source_only,71,13.581879,3.681694,True
8860467251718062619,Pristine SCW Biochar,NPX,16.13579508,mlp_source_only,71,13.081135,3.0546608,True
7708639079549094677,Pristine SCW Biochar,DCF,21.75317842,mlp_source_only,71,16.108757,5.6444206,True
15693684484887973741,Pristine SCW Biochar,DCF,19.16141715,mlp_source_only,71,15.159374,4.002043,True
12068268132093545302,Pristine SCW Biochar,DCF,17.98311701,mlp_source_only,71,14.428078,3.5550385,True
3805779553248948725,Pristine SCW Biochar,IBU,22.89928752,mlp_source_only,71,17.017414,5.881874,True
8203542750957706445,Pristine SCW Biochar,IBU,18.5045802,mlp_source_only,71,14.555725,3.9488544,True
8619013912121469110,Pristine SCW Biochar,IBU,17.26124304,mlp_source_only,71,13.789906,3.4713383,True
16755461862370840366,Pristine SCW Biochar,NPX,18.38244058,mlp_source_only,71,14.675667,3.7067738,True
6288762701156006317,Pristine SCW Biochar,NPX,17.29507799,mlp_source_only,71,14.895302,2.3997765,True
2461942620734296822,Pristine SCW Biochar,NPX,18.3312792,mlp_source_only,71,15.349892,2.981388,True
14915493390938448242,Pristine SCW Biochar,NPX,17.59235683,mlp_source_only,71,15.998646,1.5937119,True
14561758705567463404,Pristine SCW Biochar,NPX,16.04739171,mlp_source_only,71,17.010958,0.9635658,True
4659234226800065611,Pristine SCW Biochar,DCF,16.653938,mlp_source_only,71,15.395626,1.2583122,False
11469103634136059972,Pristine SCW Biochar,DCF,16.3975333,mlp_source_only,71,15.581985,0.81554794,False
13255282744427241635,Pristine SCW Biochar,DCF,16.61566462,mlp_source_only,71,16.155727,0.45993805,False
2813337390772277759,Pristine SCW Biochar,DCF,16.02054824,mlp_source_only,71,16.564484,0.5439358,False
12147411485588615077,Pristine SCW Biochar,DCF,16.12257134,mlp_source_only,71,17.146349,1.023777,False
3619321008973724267,Pristine SCW Biochar,IBU,16.58306542,mlp_source_only,71,15.403053,1.1800117,False
6767561828512103332,Pristine SCW Biochar,IBU,15.96808891,mlp_source_only,71,15.77449,0.19359875,False
14598158743120574339,Pristine SCW Biochar,IBU,16.56583978,mlp_source_only,71,16.364017,0.20182228,False
12552377453823545695,Pristine SCW Biochar,IBU,17.10001985,mlp_source_only,71,16.972637,0.12738228,False
15269897442523904645,Pristine SCW Biochar,IBU,15.62815373,mlp_source_only,71,17.45254,1.8243856,False
14527147495807567373,Pristine SCW Biochar,NPX,17.10889887,mlp_source_only,71,15.90625,1.2026482,True
18242488890160064085,Pristine SCW Biochar,NPX,18.50934797,mlp_source_only,71,13.478226,5.031122,True
9217257676294177556,Pristine SCW Biochar,DCF,18.40713328,mlp_source_only,71,15.96328,2.4438534,True
6194712352110633020,Pristine SCW Biochar,DCF,20.02057158,mlp_source_only,71,14.643848,5.3767223,True
7086304982263032628,Pristine SCW Biochar,IBU,19.90873317,mlp_source_only,71,16.01295,3.8957825,True
870809365627718684,Pristine SCW Biochar,IBU,21.2613338,mlp_source_only,71,14.397945,6.863388,True
11463466362237138402,NaOH-activated SCW biochars,NXP,0.0,mlp_source_only,71,138.91014,138.91014,True
12429355053059418026,NaOH-activated SCW biochars,NXP,90.16372742,mlp_source_only,71,142.03288,51.869156,True
14609237521165358149,NaOH-activated SCW biochars,NXP,104.2284102,mlp_source_only,71,145.11522,40.88681,True
446328556523201111,NaOH-activated SCW biochars,NXP,130.9519993,mlp_source_only,71,151.35733,20.405334,True
1551655804826946544,NaOH-activated SCW biochars,NXP,153.5606127,mlp_source_only,71,163.93594,10.375336,True
12674212456835948851,NaOH-activated SCW biochars,NXP,166.7371919,mlp_source_only,71,186.60991,19.872711,True
12588539707960640012,NaOH-activated SCW biochars,NXP,174.3891721,mlp_source_only,71,198.5131,24.123932,True
3988610212697559040,NaOH-activated SCW biochars,NXP,174.0987509,mlp_source_only,71,200.0308,25.932053,True
10547200906881874672,NaOH-activated SCW biochars,NXP,179.92426765,mlp_source_only,71,184.88084,4.9565735,True
4097433552957510200,NaOH-activated SCW biochars,DCF,0.0,mlp_source_only,71,84.1084,84.1084,True
8973503642251044448,NaOH-activated SCW biochars,DCF,48.76561963,mlp_source_only,71,85.1488,36.383183,True
8132899750145070855,NaOH-activated SCW biochars,DCF,60.68388993,mlp_source_only,71,86.19273,25.508842,True
10455380725152883637,NaOH-activated SCW biochars,DCF,73.87287411,mlp_source_only,71,88.26947,14.396599,True
3249913649156960858,NaOH-activated SCW biochars,DCF,82.2331982,mlp_source_only,71,90.67201,8.438812,True
2892051548520492425,NaOH-activated SCW biochars,DCF,81.93930885,mlp_source_only,71,93.51866,11.579353,True
13926868731529471070,NaOH-activated SCW biochars,DCF,82.83055081,mlp_source_only,71,94.828674,11.998123,True
6280546985017538186,NaOH-activated SCW biochars,DCF,82.6411851,mlp_source_only,71,95.07871,12.4375305,True
14802185984964681562,NaOH-activated SCW biochars,DCF,77.22438452,mlp_source_only,71,89.536545,12.312157,True
18031951279925841496,NaOH-activated SCW biochars,IBU,0.0,mlp_source_only,71,52.69029,52.69029,True
7439356660872997760,NaOH-activated SCW biochars,IBU,38.20195295,mlp_source_only,71,53.486515,15.284561,True
3280576637481085735,NaOH-activated SCW biochars,IBU,49.12704629,mlp_source_only,71,54.325638,5.198593,True
2475666081309423509,NaOH-activated SCW biochars,IBU,62.99284614,mlp_source_only,71,56.03399,6.9588585,True
7140885989460122234,NaOH-activated SCW biochars,IBU,65.00045691,mlp_source_only,71,59.79812,5.202339,True
5352559836577404585,NaOH-activated SCW biochars,IBU,65.18409441,mlp_source_only,71,65.154434,0.029663086,True
271021551376951870,NaOH-activated SCW biochars,IBU,65.30178063,mlp_source_only,71,69.67206,4.3702774,True
4601601497501002282,NaOH-activated SCW biochars,IBU,65.65806376,mlp_source_only,71,72.61676,6.9586945,True
14131146040637425530,NaOH-activated SCW biochars,IBU,65.65332219000001,mlp_source_only,71,76.25154,10.598221,True
16405048272212825666,NaOH-activated SCW biochars,NXP,64.8903021,mlp_source_only,71,65.43378,0.5434723,True
13765390047063166502,NaOH-activated SCW biochars,NXP,126.0338032,mlp_source_only,71,121.106766,4.92704,True
3540536502839737235,NaOH-activated SCW biochars,NXP,225.3867619,mlp_source_only,71,211.10663,14.280136,True
10087744159834544517,NaOH-activated SCW biochars,NXP,253.7893399,mlp_source_only,71,209.59631,44.193024,True
14731060229230471192,NaOH-activated SCW biochars,DCF,54.75327727,mlp_source_only,71,57.059685,2.306408,True
5541933350374393212,NaOH-activated SCW biochars,DCF,77.09472432,mlp_source_only,71,74.26415,2.830574,True
12615432238208671005,NaOH-activated SCW biochars,DCF,92.0230423,mlp_source_only,71,98.55586,6.5328217,True
10427946335696234203,NaOH-activated SCW biochars,DCF,95.69277177,mlp_source_only,71,103.36131,7.668541,True
6260261985190404920,NaOH-activated SCW biochars,IBU,52.90707681,mlp_source_only,71,47.93217,4.974907,True
599381209477399324,NaOH-activated SCW biochars,IBU,66.76808811,mlp_source_only,71,61.28788,5.4802094,True
3926410718330234365,NaOH-activated SCW biochars,IBU,70.35687624,mlp_source_only,71,78.26079,7.9039154,True
3396071663462261947,NaOH-activated SCW biochars,IBU,73.29670399,mlp_source_only,71,74.74612,1.4494095,True
12143757583447324994,NaOH-activated SCW biochars,NPX,190.595886,mlp_source_only,71,194.18031,3.5844269,True
7070640037739440319,NaOH-activated SCW biochars,NPX,172.0266924,mlp_source_only,71,181.5495,9.522812,True
852043111923116922,NaOH-activated SCW biochars,NPX,152.656609,mlp_source_only,71,170.43623,17.779617,True
15261173828235182569,NaOH-activated SCW biochars,NPX,145.3785096,mlp_source_only,71,132.6504,12.728104,True
18018378148491117671,NaOH-activated SCW biochars,DCF,96.67411867,mlp_source_only,71,115.58124,18.90712,True
1787412344397427871,NaOH-activated SCW biochars,DCF,62.75924066,mlp_source_only,71,82.84202,20.082779,True
17454219733314565792,NaOH-activated SCW biochars,DCF,51.973701,mlp_source_only,71,77.615295,25.641594,True
1502419750140885639,NaOH-activated SCW biochars,IBU,94.31416328,mlp_source_only,71,104.986885,10.672722,True
15807910494372115647,NaOH-activated SCW biochars,IBU,50.22163876,mlp_source_only,71,62.184742,11.963104,True
8791253579198486592,NaOH-activated SCW biochars,IBU,38.06104336,mlp_source_only,71,53.725006,15.663963,True
665404155957715216,NaOH-activated SCW biochars,NPX,177.1620054,mlp_source_only,71,187.06165,9.899643,True
6827103232613768791,NaOH-activated SCW biochars,NPX,179.105641,mlp_source_only,71,190.5401,11.4344635,True
18203435778758194360,NaOH-activated SCW biochars,NPX,186.0584129,mlp_source_only,71,191.60759,5.549179,True
5759522579916954172,NaOH-activated SCW biochars,NPX,181.2017167,mlp_source_only,71,190.14705,8.945328,True
664633524360232258,NaOH-activated SCW biochars,NPX,182.9370612,mlp_source_only,71,186.55547,3.6184082,True
13641899622687088449,NaOH-activated SCW biochars,DCF,76.95847226,mlp_source_only,71,89.292114,12.333641,False
9393633767651503122,NaOH-activated SCW biochars,DCF,83.56161718499999,mlp_source_only,71,90.28345,6.7218323,False
5981541925235720617,NaOH-activated SCW biochars,DCF,85.17762947,mlp_source_only,71,91.16131,5.9836807,False
6023530469711918669,NaOH-activated SCW biochars,DCF,80.57171083,mlp_source_only,71,93.76856,13.196854,False
532790910543730727,NaOH-activated SCW biochars,DCF,79.58071398,mlp_source_only,71,97.74879,18.168076,False
12079174347632602273,NaOH-activated SCW biochars,IBU,69.72658596,mlp_source_only,71,79.92909,10.202507,False
3049006844620542258,NaOH-activated SCW biochars,IBU,73.17741615,mlp_source_only,71,82.78331,9.605896,False
4855520275444175689,NaOH-activated SCW biochars,IBU,75.69155256,mlp_source_only,71,85.71698,10.025429,False
5514219354175734125,NaOH-activated SCW biochars,IBU,76.30216313,mlp_source_only,71,88.881874,12.579712,False
7156357989100352967,NaOH-activated SCW biochars,IBU,71.70044321,mlp_source_only,71,90.63422,18.933777,False
6812290224175752247,NaOH-activated SCW biochars,NPX,167.0779885,mlp_source_only,71,170.36575,3.2877655,True
9153488855957792255,NaOH-activated SCW biochars,NPX,181.832546,mlp_source_only,71,181.92285,0.09030151,True
12341295020867722114,NaOH-activated SCW biochars,DCF,72.89459636,mlp_source_only,71,74.141014,1.2464142,True
8138945238617595290,NaOH-activated SCW biochars,DCF,87.78495046,mlp_source_only,71,105.49936,17.714409,True
95817833491593826,NaOH-activated SCW biochars,IBU,57.641649,mlp_source_only,71,60.408775,2.767128,True
12299775327561621562,NaOH-activated SCW biochars,IBU,69.79127526,mlp_source_only,71,86.26102,16.469742,True
17053035532018455372,Pristine SCW Biochar,NXP,0.0,dann_lambda_0.1,11,10.28463,10.28463,True
17098923533429936836,Pristine SCW Biochar,NXP,14.44646584,dann_lambda_0.1,11,10.508217,3.9382486,True
13215046423171528219,Pristine SCW Biochar,NXP,15.62173129,dann_lambda_0.1,11,10.735931,4.8858004,True
16825237191054845665,Pristine SCW Biochar,NXP,16.88164032,dann_lambda_0.1,11,11.216282,5.6653576,True
6982030516250217062,Pristine SCW Biochar,NXP,17.00858908,dann_lambda_0.1,11,12.382015,4.6265736,True
2755595898843553677,Pristine SCW Biochar,NXP,17.4625326,dann_lambda_0.1,11,14.450661,3.0118713,True
12146535126227506594,Pristine SCW Biochar,NXP,17.54960963,dann_lambda_0.1,11,15.625786,1.9238243,True
2569984335539275158,Pristine SCW Biochar,NXP,17.71590352,dann_lambda_0.1,11,16.050323,1.6655807,True
6648755328613141350,Pristine SCW Biochar,NXP,16.30019973,dann_lambda_0.1,11,14.479454,1.8207455,True
1214539223634647286,Pristine SCW Biochar,DCF,0.0,dann_lambda_0.1,11,13.958218,13.958218,True
335119549853506142,Pristine SCW Biochar,DCF,16.15534017,dann_lambda_0.1,11,14.122284,2.0330563,True
13581708233989788697,Pristine SCW Biochar,DCF,17.94998036,dann_lambda_0.1,11,14.288769,3.661211,True
4071952786420779155,Pristine SCW Biochar,DCF,18.6868745,dann_lambda_0.1,11,14.629105,4.05777,True
16575937784576867068,Pristine SCW Biochar,DCF,19.22913671,dann_lambda_0.1,11,15.216488,4.0126495,True
16662543744214429559,Pristine SCW Biochar,DCF,19.16432581,dann_lambda_0.1,11,15.941177,3.2231483,True
1002991668870794336,Pristine SCW Biochar,DCF,19.8012145,dann_lambda_0.1,11,16.104412,3.6968021,True
3713179060534583340,Pristine SCW Biochar,DCF,20.25228212,dann_lambda_0.1,11,15.725517,4.526764,True
329814341262190588,Pristine SCW Biochar,DCF,19.121072145,dann_lambda_0.1,11,14.21022,4.9108524,True
2051404940871207638,Pristine SCW Biochar,IBU,0.0,dann_lambda_0.1,11,14.163658,14.163658,True
10658327680642255806,Pristine SCW Biochar,IBU,16.89988512,dann_lambda_0.1,11,14.25499,2.6448956,True
3790332834202311929,Pristine SCW Biochar,IBU,18.17632699,dann_lambda_0.1,11,14.362495,3.8138313,True
10796766321469813683,Pristine SCW Biochar,IBU,19.26992768,dann_lambda_0.1,11,14.534927,4.7350006,True
17200286515181460444,Pristine SCW Biochar,IBU,19.78484896,dann_lambda_0.1,11,14.877789,4.9070606,True
11008431144893168087,Pristine SCW Biochar,IBU,19.78377849,dann_lambda_0.1,11,15.520184,4.2635956,True
18432371715842126336,Pristine SCW Biochar,IBU,20.67835043,dann_lambda_0.1,11,15.76302,4.915331,True
8910712751277851660,Pristine SCW Biochar,IBU,20.66529595,dann_lambda_0.1,11,15.490833,5.1744633,True
16737703975485143772,Pristine SCW Biochar,IBU,20.025033185,dann_lambda_0.1,11,14.896954,5.1280804,True
5976292064867976036,Pristine SCW Biochar,NXP,8.513560872,dann_lambda_0.1,11,1.2307816,7.2827797,False
16638446263550319536,Pristine SCW Biochar,NXP,10.18427058,dann_lambda_0.1,11,6.492096,3.692175,False
14247326399820608681,Pristine SCW Biochar,NXP,23.66355817,dann_lambda_0.1,11,20.581778,3.0817814,False
3626679836655073239,Pristine SCW Biochar,NXP,32.83624096,dann_lambda_0.1,11,25.36824,7.4680023,False
1938230782418544334,Pristine SCW Biochar,DCF,6.910849115,dann_lambda_0.1,11,4.4869804,2.4238687,False
17509084134776967386,Pristine SCW Biochar,DCF,11.94615928,dann_lambda_0.1,11,10.073093,1.873066,False
9214597997492623055,Pristine SCW Biochar,DCF,21.51003422,dann_lambda_0.1,11,16.88095,4.6290836,False
15613626881432330545,Pristine SCW Biochar,DCF,32.55652461,dann_lambda_0.1,11,23.281193,9.275333,False
1249904749956654510,Pristine SCW Biochar,IBU,10.935518415,dann_lambda_0.1,11,6.7425194,4.192999,False
9750239826985509562,Pristine SCW Biochar,IBU,13.35058334,dann_lambda_0.1,11,10.514843,2.83574,False
12415649059408947823,Pristine SCW Biochar,IBU,23.23297655,dann_lambda_0.1,11,19.949102,3.2838745,False
493397566369541585,Pristine SCW Biochar,IBU,33.23850263,dann_lambda_0.1,11,25.61604,7.622463,False
2431818629244494460,Pristine SCW Biochar,NPX,21.49577512,dann_lambda_0.1,11,16.247768,5.248007,True
14632511503543224213,Pristine SCW Biochar,NPX,18.26438455,dann_lambda_0.1,11,14.654781,3.609604,True
10158343563720824836,Pristine SCW Biochar,NPX,17.26357285,dann_lambda_0.1,11,16.144547,1.1190262,True
8860467251718062619,Pristine SCW Biochar,NPX,16.13579508,dann_lambda_0.1,11,13.901096,2.2346992,True
7708639079549094677,Pristine SCW Biochar,DCF,21.75317842,dann_lambda_0.1,11,17.660501,4.092676,True
15693684484887973741,Pristine SCW Biochar,DCF,19.16141715,dann_lambda_0.1,11,15.351318,3.8100986,True
12068268132093545302,Pristine SCW Biochar,DCF,17.98311701,dann_lambda_0.1,11,15.916958,2.0661583,True
3805779553248948725,Pristine SCW Biochar,IBU,22.89928752,dann_lambda_0.1,11,17.307608,5.5916805,True
8203542750957706445,Pristine SCW Biochar,IBU,18.5045802,dann_lambda_0.1,11,15.8020935,2.702486,True
8619013912121469110,Pristine SCW Biochar,IBU,17.26124304,dann_lambda_0.1,11,17.358679,0.097435,True
16755461862370840366,Pristine SCW Biochar,NPX,18.38244058,dann_lambda_0.1,11,14.198944,4.1834965,True
6288762701156006317,Pristine SCW Biochar,NPX,17.29507799,dann_lambda_0.1,11,15.539467,1.7556114,True
2461942620734296822,Pristine SCW Biochar,NPX,18.3312792,dann_lambda_0.1,11,16.493675,1.8376045,True
14915493390938448242,Pristine SCW Biochar,NPX,17.59235683,dann_lambda_0.1,11,16.6374,0.95495796,True
14561758705567463404,Pristine SCW Biochar,NPX,16.04739171,dann_lambda_0.1,11,15.912025,0.13536644,True
4659234226800065611,Pristine SCW Biochar,DCF,16.653938,dann_lambda_0.1,11,15.113911,1.5400276,False
11469103634136059972,Pristine SCW Biochar,DCF,16.3975333,dann_lambda_0.1,11,16.125069,0.27246475,False
13255282744427241635,Pristine SCW Biochar,DCF,16.61566462,dann_lambda_0.1,11,16.492435,0.12322998,False
2813337390772277759,Pristine SCW Biochar,DCF,16.02054824,dann_lambda_0.1,11,16.31366,0.2931118,False
12147411485588615077,Pristine SCW Biochar,DCF,16.12257134,dann_lambda_0.1,11,15.929794,0.19277763,False
3619321008973724267,Pristine SCW Biochar,IBU,16.58306542,dann_lambda_0.1,11,16.13491,0.44815445,False
6767561828512103332,Pristine SCW Biochar,IBU,15.96808891,dann_lambda_0.1,11,17.585745,1.6176558,False
14598158743120574339,Pristine SCW Biochar,IBU,16.56583978,dann_lambda_0.1,11,18.934187,2.3683472,False
12552377453823545695,Pristine SCW Biochar,IBU,17.10001985,dann_lambda_0.1,11,18.795462,1.6954422,False
15269897442523904645,Pristine SCW Biochar,IBU,15.62815373,dann_lambda_0.1,11,18.272533,2.6443796,False
14527147495807567373,Pristine SCW Biochar,NPX,17.10889887,dann_lambda_0.1,11,12.065094,5.043804,True
18242488890160064085,Pristine SCW Biochar,NPX,18.50934797,dann_lambda_0.1,11,17.467113,1.0422344,True
9217257676294177556,Pristine SCW Biochar,DCF,18.40713328,dann_lambda_0.1,11,12.311169,6.0959644,True
6194712352110633020,Pristine SCW Biochar,DCF,20.02057158,dann_lambda_0.1,11,16.016663,4.003908,True
7086304982263032628,Pristine SCW Biochar,IBU,19.90873317,dann_lambda_0.1,11,14.68737,5.221363,True
870809365627718684,Pristine SCW Biochar,IBU,21.2613338,dann_lambda_0.1,11,16.561558,4.6997757,True
11463466362237138402,NaOH-activated SCW biochars,NXP,0.0,dann_lambda_0.1,11,139.18776,139.18776,True
12429355053059418026,NaOH-activated SCW biochars,NXP,90.16372742,dann_lambda_0.1,11,142.12076,51.95703,True
14609237521165358149,NaOH-activated SCW biochars,NXP,104.2284102,dann_lambda_0.1,11,145.06937,40.840958,True
446328556523201111,NaOH-activated SCW biochars,NXP,130.9519993,dann_lambda_0.1,11,150.96187,20.009872,True
1551655804826946544,NaOH-activated SCW biochars,NXP,153.5606127,dann_lambda_0.1,11,162.1388,8.578186,True
12674212456835948851,NaOH-activated SCW biochars,NXP,166.7371919,dann_lambda_0.1,11,179.08301,12.34581,True
12588539707960640012,NaOH-activated SCW biochars,NXP,174.3891721,dann_lambda_0.1,11,188.6757,14.28653,True
3988610212697559040,NaOH-activated SCW biochars,NXP,174.0987509,dann_lambda_0.1,11,191.69357,17.594818,True
10547200906881874672,NaOH-activated SCW biochars,NXP,179.92426765,dann_lambda_0.1,11,184.34341,4.4191437,True
4097433552957510200,NaOH-activated SCW biochars,DCF,0.0,dann_lambda_0.1,11,85.969894,85.969894,True
8973503642251044448,NaOH-activated SCW biochars,DCF,48.76561963,dann_lambda_0.1,11,86.71713,37.95151,True
8132899750145070855,NaOH-activated SCW biochars,DCF,60.68388993,dann_lambda_0.1,11,87.45616,26.77227,True
10455380725152883637,NaOH-activated SCW biochars,DCF,73.87287411,dann_lambda_0.1,11,88.79888,14.92601,True
3249913649156960858,NaOH-activated SCW biochars,DCF,82.2331982,dann_lambda_0.1,11,91.38111,9.147911,True
2892051548520492425,NaOH-activated SCW biochars,DCF,81.93930885,dann_lambda_0.1,11,94.524185,12.584877,True
13926868731529471070,NaOH-activated SCW biochars,DCF,82.83055081,dann_lambda_0.1,11,96.634,13.803452,True
6280546985017538186,NaOH-activated SCW biochars,DCF,82.6411851,dann_lambda_0.1,11,96.200035,13.558853,True
14802185984964681562,NaOH-activated SCW biochars,DCF,77.22438452,dann_lambda_0.1,11,94.40403,17.179642,True
18031951279925841496,NaOH-activated SCW biochars,IBU,0.0,dann_lambda_0.1,11,58.117817,58.117817,True
7439356660872997760,NaOH-activated SCW biochars,IBU,38.20195295,dann_lambda_0.1,11,58.98426,20.782307,True
3280576637481085735,NaOH-activated SCW biochars,IBU,49.12704629,dann_lambda_0.1,11,59.700386,10.573341,True
2475666081309423509,NaOH-activated SCW biochars,IBU,62.99284614,dann_lambda_0.1,11,60.99499,1.9978561,True
7140885989460122234,NaOH-activated SCW biochars,IBU,65.00045691,dann_lambda_0.1,11,63.59117,1.4092865,True
5352559836577404585,NaOH-activated SCW biochars,IBU,65.18409441,dann_lambda_0.1,11,67.81804,2.6339417,True
271021551376951870,NaOH-activated SCW biochars,IBU,65.30178063,dann_lambda_0.1,11,70.87059,5.5688095,True
4601601497501002282,NaOH-activated SCW biochars,IBU,65.65806376,dann_lambda_0.1,11,73.06614,7.4080734,True
14131146040637425530,NaOH-activated SCW biochars,IBU,65.65332219000001,dann_lambda_0.1,11,74.36759,8.714272,True
16405048272212825666,NaOH-activated SCW biochars,NXP,64.8903021,dann_lambda_0.1,11,66.69049,1.8001862,True
13765390047063166502,NaOH-activated SCW biochars,NXP,126.0338032,dann_lambda_0.1,11,127.79234,1.7585373,True
3540536502839737235,NaOH-activated SCW biochars,NXP,225.3867619,dann_lambda_0.1,11,199.67068,25.71608,True
10087744159834544517,NaOH-activated SCW biochars,NXP,253.7893399,dann_lambda_0.1,11,192.98026,60.809082,True
14731060229230471192,NaOH-activated SCW biochars,DCF,54.75327727,dann_lambda_0.1,11,66.84302,12.089741,True
5541933350374393212,NaOH-activated SCW biochars,DCF,77.09472432,dann_lambda_0.1,11,82.20384,5.1091156,True
12615432238208671005,NaOH-activated SCW biochars,DCF,92.0230423,dann_lambda_0.1,11,97.3876,5.364563,True
10427946335696234203,NaOH-activated SCW biochars,DCF,95.69277177,dann_lambda_0.1,11,98.406296,2.7135239,True
6260261985190404920,NaOH-activated SCW biochars,IBU,52.90707681,dann_lambda_0.1,11,59.92739,7.0203133,True
599381209477399324,NaOH-activated SCW biochars,IBU,66.76808811,dann_lambda_0.1,11,69.46988,2.7017899,True
3926410718330234365,NaOH-activated SCW biochars,IBU,70.35687624,dann_lambda_0.1,11,74.39562,4.0387497,True
3396071663462261947,NaOH-activated SCW biochars,IBU,73.29670399,dann_lambda_0.1,11,72.50019,0.7965164,True
12143757583447324994,NaOH-activated SCW biochars,NPX,190.595886,dann_lambda_0.1,11,192.65102,2.05513,True
7070640037739440319,NaOH-activated SCW biochars,NPX,172.0266924,dann_lambda_0.1,11,179.66843,7.641739,True
852043111923116922,NaOH-activated SCW biochars,NPX,152.656609,dann_lambda_0.1,11,168.3376,15.6809845,True
15261173828235182569,NaOH-activated SCW biochars,NPX,145.3785096,dann_lambda_0.1,11,114.321976,31.056534,True
18018378148491117671,NaOH-activated SCW biochars,DCF,96.67411867,dann_lambda_0.1,11,116.67401,19.999893,True
1787412344397427871,NaOH-activated SCW biochars,DCF,62.75924066,dann_lambda_0.1,11,78.97966,16.22042,True
17454219733314565792,NaOH-activated SCW biochars,DCF,51.973701,dann_lambda_0.1,11,65.431595,13.457893,True
1502419750140885639,NaOH-activated SCW biochars,IBU,94.31416328,dann_lambda_0.1,11,101.83238,7.518219,True
15807910494372115647,NaOH-activated SCW biochars,IBU,50.22163876,dann_lambda_0.1,11,59.287434,9.065796,True
8791253579198486592,NaOH-activated SCW biochars,IBU,38.06104336,dann_lambda_0.1,11,53.924427,15.863384,True
665404155957715216,NaOH-activated SCW biochars,NPX,177.1620054,dann_lambda_0.1,11,181.97836,4.8163605,True
6827103232613768791,NaOH-activated SCW biochars,NPX,179.105641,dann_lambda_0.1,11,183.78993,4.6842957,True
18203435778758194360,NaOH-activated SCW biochars,NPX,186.0584129,dann_lambda_0.1,11,184.74878,1.3096313,True
5759522579916954172,NaOH-activated SCW biochars,NPX,181.2017167,dann_lambda_0.1,11,186.32788,5.1261597,True
664633524360232258,NaOH-activated SCW biochars,NPX,182.9370612,dann_lambda_0.1,11,186.78558,3.848526,True
13641899622687088449,NaOH-activated SCW biochars,DCF,76.95847226,dann_lambda_0.1,11,96.12436,19.165886,False
9393633767651503122,NaOH-activated SCW biochars,DCF,83.56161718499999,dann_lambda_0.1,11,97.51388,13.952263,False
5981541925235720617,NaOH-activated SCW biochars,DCF,85.17762947,dann_lambda_0.1,11,98.7009,13.52327,False
6023530469711918669,NaOH-activated SCW biochars,DCF,80.57171083,dann_lambda_0.1,11,99.84303,19.271324,False
532790910543730727,NaOH-activated SCW biochars,DCF,79.58071398,dann_lambda_0.1,11,103.475525,23.894814,False
12079174347632602273,NaOH-activated SCW biochars,IBU,69.72658596,dann_lambda_0.1,11,76.41976,6.6931763,False
3049006844620542258,NaOH-activated SCW biochars,IBU,73.17741615,dann_lambda_0.1,11,78.23489,5.05748,False
4855520275444175689,NaOH-activated SCW biochars,IBU,75.69155256,dann_lambda_0.1,11,80.18023,4.488678,False
5514219354175734125,NaOH-activated SCW biochars,IBU,76.30216313,dann_lambda_0.1,11,81.93054,5.62838,False
7156357989100352967,NaOH-activated SCW biochars,IBU,71.70044321,dann_lambda_0.1,11,85.69,13.989563,False
6812290224175752247,NaOH-activated SCW biochars,NPX,167.0779885,dann_lambda_0.1,11,172.61018,5.532196,True
9153488855957792255,NaOH-activated SCW biochars,NPX,181.832546,dann_lambda_0.1,11,182.02675,0.19419861,True
12341295020867722114,NaOH-activated SCW biochars,DCF,72.89459636,dann_lambda_0.1,11,78.75725,5.862648,True
8138945238617595290,NaOH-activated SCW biochars,DCF,87.78495046,dann_lambda_0.1,11,106.41656,18.631607,True
95817833491593826,NaOH-activated SCW biochars,IBU,57.641649,dann_lambda_0.1,11,63.92389,6.282242,True
12299775327561621562,NaOH-activated SCW biochars,IBU,69.79127526,dann_lambda_0.1,11,90.4008,20.609528,True
17053035532018455372,Pristine SCW Biochar,NXP,0.0,dann_lambda_0.1,23,12.74527,12.74527,True
17098923533429936836,Pristine SCW Biochar,NXP,14.44646584,dann_lambda_0.1,23,12.794144,1.6523218,True
13215046423171528219,Pristine SCW Biochar,NXP,15.62173129,dann_lambda_0.1,23,12.877197,2.7445345,True
16825237191054845665,Pristine SCW Biochar,NXP,16.88164032,dann_lambda_0.1,23,13.054924,3.8267155,True
6982030516250217062,Pristine SCW Biochar,NXP,17.00858908,dann_lambda_0.1,23,13.438923,3.569666,True
2755595898843553677,Pristine SCW Biochar,NXP,17.4625326,dann_lambda_0.1,23,14.090488,3.3720436,True
12146535126227506594,Pristine SCW Biochar,NXP,17.54960963,dann_lambda_0.1,23,14.543999,3.0056114,True
2569984335539275158,Pristine SCW Biochar,NXP,17.71590352,dann_lambda_0.1,23,14.520821,3.1950836,True
6648755328613141350,Pristine SCW Biochar,NXP,16.30019973,dann_lambda_0.1,23,14.37616,1.9240398,True
1214539223634647286,Pristine SCW Biochar,DCF,0.0,dann_lambda_0.1,23,13.105186,13.105186,True
335119549853506142,Pristine SCW Biochar,DCF,16.15534017,dann_lambda_0.1,23,13.222885,2.932455,True
13581708233989788697,Pristine SCW Biochar,DCF,17.94998036,dann_lambda_0.1,23,13.343132,4.606848,True
4071952786420779155,Pristine SCW Biochar,DCF,18.6868745,dann_lambda_0.1,23,13.573635,5.1132393,True
16575937784576867068,Pristine SCW Biochar,DCF,19.22913671,dann_lambda_0.1,23,13.906185,5.3229523,True
16662543744214429559,Pristine SCW Biochar,DCF,19.16432581,dann_lambda_0.1,23,14.445122,4.719204,True
1002991668870794336,Pristine SCW Biochar,DCF,19.8012145,dann_lambda_0.1,23,14.968357,4.832857,True
3713179060534583340,Pristine SCW Biochar,DCF,20.25228212,dann_lambda_0.1,23,15.534187,4.718094,True
329814341262190588,Pristine SCW Biochar,DCF,19.121072145,dann_lambda_0.1,23,15.820271,3.3008022,True
2051404940871207638,Pristine SCW Biochar,IBU,0.0,dann_lambda_0.1,23,14.06118,14.06118,True
10658327680642255806,Pristine SCW Biochar,IBU,16.89988512,dann_lambda_0.1,23,14.129513,2.7703724,True
3790332834202311929,Pristine SCW Biochar,IBU,18.17632699,dann_lambda_0.1,23,14.19944,3.9768867,True
10796766321469813683,Pristine SCW Biochar,IBU,19.26992768,dann_lambda_0.1,23,14.350334,4.919594,True
17200286515181460444,Pristine SCW Biochar,IBU,19.78484896,dann_lambda_0.1,23,14.765728,5.019121,True
11008431144893168087,Pristine SCW Biochar,IBU,19.78377849,dann_lambda_0.1,23,15.591541,4.192238,True
18432371715842126336,Pristine SCW Biochar,IBU,20.67835043,dann_lambda_0.1,23,16.14162,4.53673,True
8910712751277851660,Pristine SCW Biochar,IBU,20.66529595,dann_lambda_0.1,23,16.638845,4.026451,True
16737703975485143772,Pristine SCW Biochar,IBU,20.025033185,dann_lambda_0.1,23,17.162151,2.8628826,True
5976292064867976036,Pristine SCW Biochar,NXP,8.513560872,dann_lambda_0.1,23,8.092865,0.42069626,False
16638446263550319536,Pristine SCW Biochar,NXP,10.18427058,dann_lambda_0.1,23,10.463539,0.27926826,False
14247326399820608681,Pristine SCW Biochar,NXP,23.66355817,dann_lambda_0.1,23,21.767244,1.8963146,False
3626679836655073239,Pristine SCW Biochar,NXP,32.83624096,dann_lambda_0.1,23,35.349133,2.5128899,False
1938230782418544334,Pristine SCW Biochar,DCF,6.910849115,dann_lambda_0.1,23,9.694469,2.7836204,False
17509084134776967386,Pristine SCW Biochar,DCF,11.94615928,dann_lambda_0.1,23,11.679962,0.2661972,False
9214597997492623055,Pristine SCW Biochar,DCF,21.51003422,dann_lambda_0.1,23,22.042501,0.5324669,False
15613626881432330545,Pristine SCW Biochar,DCF,32.55652461,dann_lambda_0.1,23,28.149595,4.406931,False
1249904749956654510,Pristine SCW Biochar,IBU,10.935518415,dann_lambda_0.1,23,12.302219,1.3667011,False
9750239826985509562,Pristine SCW Biochar,IBU,13.35058334,dann_lambda_0.1,23,14.463146,1.1125631,False
12415649059408947823,Pristine SCW Biochar,IBU,23.23297655,dann_lambda_0.1,23,20.870565,2.3624115,False
493397566369541585,Pristine SCW Biochar,IBU,33.23850263,dann_lambda_0.1,23,26.624765,6.613737,False
2431818629244494460,Pristine SCW Biochar,NPX,21.49577512,dann_lambda_0.1,23,18.8136,2.6821747,True
14632511503543224213,Pristine SCW Biochar,NPX,18.26438455,dann_lambda_0.1,23,16.32508,1.9393044,True
10158343563720824836,Pristine SCW Biochar,NPX,17.26357285,dann_lambda_0.1,23,12.587399,4.676174,True
8860467251718062619,Pristine SCW Biochar,NPX,16.13579508,dann_lambda_0.1,23,13.372303,2.7634926,True
7708639079549094677,Pristine SCW Biochar,DCF,21.75317842,dann_lambda_0.1,23,15.52795,6.2252274,True
15693684484887973741,Pristine SCW Biochar,DCF,19.16141715,dann_lambda_0.1,23,12.575123,6.586294,True
12068268132093545302,Pristine SCW Biochar,DCF,17.98311701,dann_lambda_0.1,23,12.290764,5.6923523,True
3805779553248948725,Pristine SCW Biochar,IBU,22.89928752,dann_lambda_0.1,23,16.83795,6.0613384,True
8203542750957706445,Pristine SCW Biochar,IBU,18.5045802,dann_lambda_0.1,23,14.103413,4.401167,True
8619013912121469110,Pristine SCW Biochar,IBU,17.26124304,dann_lambda_0.1,23,13.463421,3.797823,True
16755461862370840366,Pristine SCW Biochar,NPX,18.38244058,dann_lambda_0.1,23,16.097095,2.285345,True
6288762701156006317,Pristine SCW Biochar,NPX,17.29507799,dann_lambda_0.1,23,15.587589,1.707489,True
2461942620734296822,Pristine SCW Biochar,NPX,18.3312792,dann_lambda_0.1,23,16.125454,2.2058258,True
14915493390938448242,Pristine SCW Biochar,NPX,17.59235683,dann_lambda_0.1,23,16.765171,0.8271866,True
14561758705567463404,Pristine SCW Biochar,NPX,16.04739171,dann_lambda_0.1,23,17.334724,1.2873325,True
4659234226800065611,Pristine SCW Biochar,DCF,16.653938,dann_lambda_0.1,23,15.656872,0.9970665,False
11469103634136059972,Pristine SCW Biochar,DCF,16.3975333,dann_lambda_0.1,23,15.631306,0.7662277,False
13255282744427241635,Pristine SCW Biochar,DCF,16.61566462,dann_lambda_0.1,23,15.792412,0.82325363,False
2813337390772277759,Pristine SCW Biochar,DCF,16.02054824,dann_lambda_0.1,23,16.073032,0.052484512,False
12147411485588615077,Pristine SCW Biochar,DCF,16.12257134,dann_lambda_0.1,23,16.10062,0.021951675,False
3619321008973724267,Pristine SCW Biochar,IBU,16.58306542,dann_lambda_0.1,23,16.709082,0.12601662,False
6767561828512103332,Pristine SCW Biochar,IBU,15.96808891,dann_lambda_0.1,23,16.823095,0.8550062,False
14598158743120574339,Pristine SCW Biochar,IBU,16.56583978,dann_lambda_0.1,23,17.242907,0.6770668,False
12552377453823545695,Pristine SCW Biochar,IBU,17.10001985,dann_lambda_0.1,23,17.538033,0.43801308,False
15269897442523904645,Pristine SCW Biochar,IBU,15.62815373,dann_lambda_0.1,23,17.667614,2.0394602,False
14527147495807567373,Pristine SCW Biochar,NPX,17.10889887,dann_lambda_0.1,23,16.325237,0.7836609,True
18242488890160064085,Pristine SCW Biochar,NPX,18.50934797,dann_lambda_0.1,23,15.799133,2.7102146,True
9217257676294177556,Pristine SCW Biochar,DCF,18.40713328,dann_lambda_0.1,23,14.706165,3.7009678,True
6194712352110633020,Pristine SCW Biochar,DCF,20.02057158,dann_lambda_0.1,23,16.49244,3.5281315,True
7086304982263032628,Pristine SCW Biochar,IBU,19.90873317,dann_lambda_0.1,23,15.519405,4.389328,True
870809365627718684,Pristine SCW Biochar,IBU,21.2613338,dann_lambda_0.1,23,17.926287,3.3350468,True
11463466362237138402,NaOH-activated SCW biochars,NXP,0.0,dann_lambda_0.1,23,156.84895,156.84895,True
12429355053059418026,NaOH-activated SCW biochars,NXP,90.16372742,dann_lambda_0.1,23,158.45888,68.29515,True
14609237521165358149,NaOH-activated SCW biochars,NXP,104.2284102,dann_lambda_0.1,23,160.2549,56.02649,True
446328556523201111,NaOH-activated SCW biochars,NXP,130.9519993,dann_lambda_0.1,23,163.79167,32.839676,True
1551655804826946544,NaOH-activated SCW biochars,NXP,153.5606127,dann_lambda_0.1,23,170.65015,17.089539,True
12674212456835948851,NaOH-activated SCW biochars,NXP,166.7371919,dann_lambda_0.1,23,182.89284,16.15564,True
12588539707960640012,NaOH-activated SCW biochars,NXP,174.3891721,dann_lambda_0.1,23,191.95978,17.570602,True
3988610212697559040,NaOH-activated SCW biochars,NXP,174.0987509,dann_lambda_0.1,23,196.69484,22.596085,True
10547200906881874672,NaOH-activated SCW biochars,NXP,179.92426765,dann_lambda_0.1,23,191.32811,11.403839,True
4097433552957510200,NaOH-activated SCW biochars,DCF,0.0,dann_lambda_0.1,23,91.10683,91.10683,True
8973503642251044448,NaOH-activated SCW biochars,DCF,48.76561963,dann_lambda_0.1,23,91.61873,42.853107,True
8132899750145070855,NaOH-activated SCW biochars,DCF,60.68388993,dann_lambda_0.1,23,92.12573,31.441841,True
10455380725152883637,NaOH-activated SCW biochars,DCF,73.87287411,dann_lambda_0.1,23,93.12383,19.250961,True
3249913649156960858,NaOH-activated SCW biochars,DCF,82.2331982,dann_lambda_0.1,23,94.98389,12.750687,True
2892051548520492425,NaOH-activated SCW biochars,DCF,81.93930885,dann_lambda_0.1,23,97.060776,15.121468,True
13926868731529471070,NaOH-activated SCW biochars,DCF,82.83055081,dann_lambda_0.1,23,97.501755,14.671204,True
6280546985017538186,NaOH-activated SCW biochars,DCF,82.6411851,dann_lambda_0.1,23,96.176735,13.535553,True
14802185984964681562,NaOH-activated SCW biochars,DCF,77.22438452,dann_lambda_0.1,23,90.563644,13.339256,True
18031951279925841496,NaOH-activated SCW biochars,IBU,0.0,dann_lambda_0.1,23,67.09252,67.09252,True
7439356660872997760,NaOH-activated SCW biochars,IBU,38.20195295,dann_lambda_0.1,23,67.568344,29.36639,True
3280576637481085735,NaOH-activated SCW biochars,IBU,49.12704629,dann_lambda_0.1,23,68.04537,18.918327,True
2475666081309423509,NaOH-activated SCW biochars,IBU,62.99284614,dann_lambda_0.1,23,69.01115,6.018299,True
7140885989460122234,NaOH-activated SCW biochars,IBU,65.00045691,dann_lambda_0.1,23,70.79561,5.7951508,True
5352559836577404585,NaOH-activated SCW biochars,IBU,65.18409441,dann_lambda_0.1,23,73.47146,8.287361,True
271021551376951870,NaOH-activated SCW biochars,IBU,65.30178063,dann_lambda_0.1,23,74.95155,9.649773,True
4601601497501002282,NaOH-activated SCW biochars,IBU,65.65806376,dann_lambda_0.1,23,75.52475,9.866684,True
14131146040637425530,NaOH-activated SCW biochars,IBU,65.65332219000001,dann_lambda_0.1,23,75.122116,9.468796,True
16405048272212825666,NaOH-activated SCW biochars,NXP,64.8903021,dann_lambda_0.1,23,71.00544,6.115135,True
13765390047063166502,NaOH-activated SCW biochars,NXP,126.0338032,dann_lambda_0.1,23,128.05765,2.0238419,True
3540536502839737235,NaOH-activated SCW biochars,NXP,225.3867619,dann_lambda_0.1,23,211.75035,13.636414,True
10087744159834544517,NaOH-activated SCW biochars,NXP,253.7893399,dann_lambda_0.1,23,202.5488,51.24054,True
14731060229230471192,NaOH-activated SCW biochars,DCF,54.75327727,dann_lambda_0.1,23,69.37243,14.619152,True
5541933350374393212,NaOH-activated SCW biochars,DCF,77.09472432,dann_lambda_0.1,23,80.17607,3.0813446,True
12615432238208671005,NaOH-activated SCW biochars,DCF,92.0230423,dann_lambda_0.1,23,103.81459,11.79155,True
10427946335696234203,NaOH-activated SCW biochars,DCF,95.69277177,dann_lambda_0.1,23,116.543015,20.850243,True
6260261985190404920,NaOH-activated SCW biochars,IBU,52.90707681,dann_lambda_0.1,23,56.47193,3.5648537,True
599381209477399324,NaOH-activated SCW biochars,IBU,66.76808811,dann_lambda_0.1,23,65.9939,0.7741928,True
3926410718330234365,NaOH-activated SCW biochars,IBU,70.35687624,dann_lambda_0.1,23,80.356865,9.999992,True
3396071663462261947,NaOH-activated SCW biochars,IBU,73.29670399,dann_lambda_0.1,23,84.16283,10.866119,True
12143757583447324994,NaOH-activated SCW biochars,NPX,190.595886,dann_lambda_0.1,23,197.23701,6.6411285,True
7070640037739440319,NaOH-activated SCW biochars,NPX,172.0266924,dann_lambda_0.1,23,192.43846,20.411774,True
852043111923116922,NaOH-activated SCW biochars,NPX,152.656609,dann_lambda_0.1,23,171.7822,19.12558,True
15261173828235182569,NaOH-activated SCW biochars,NPX,145.3785096,dann_lambda_0.1,23,128.56503,16.813477,True
18018378148491117671,NaOH-activated SCW biochars,DCF,96.67411867,dann_lambda_0.1,23,119.19693,22.522812,True
1787412344397427871,NaOH-activated SCW biochars,DCF,62.75924066,dann_lambda_0.1,23,86.656975,23.897736,True
17454219733314565792,NaOH-activated SCW biochars,DCF,51.973701,dann_lambda_0.1,23,86.63187,34.658165,True
1502419750140885639,NaOH-activated SCW biochars,IBU,94.31416328,dann_lambda_0.1,23,109.5474,15.233238,True
15807910494372115647,NaOH-activated SCW biochars,IBU,50.22163876,dann_lambda_0.1,23,69.0489,18.82726,True
8791253579198486592,NaOH-activated SCW biochars,IBU,38.06104336,dann_lambda_0.1,23,67.70996,29.648918,True
665404155957715216,NaOH-activated SCW biochars,NPX,177.1620054,dann_lambda_0.1,23,198.5763,21.414291,True
6827103232613768791,NaOH-activated SCW biochars,NPX,179.105641,dann_lambda_0.1,23,198.04898,18.943344,True
18203435778758194360,NaOH-activated SCW biochars,NPX,186.0584129,dann_lambda_0.1,23,195.35617,9.29776,True
5759522579916954172,NaOH-activated SCW biochars,NPX,181.2017167,dann_lambda_0.1,23,192.73537,11.533646,True
664633524360232258,NaOH-activated SCW biochars,NPX,182.9370612,dann_lambda_0.1,23,189.3032,6.36615,True
13641899622687088449,NaOH-activated SCW biochars,DCF,76.95847226,dann_lambda_0.1,23,96.10009,19.141617,False
9393633767651503122,NaOH-activated SCW biochars,DCF,83.56161718499999,dann_lambda_0.1,23,99.57058,16.008965,False
5981541925235720617,NaOH-activated SCW biochars,DCF,85.17762947,dann_lambda_0.1,23,100.83943,15.661804,False
6023530469711918669,NaOH-activated SCW biochars,DCF,80.57171083,dann_lambda_0.1,23,102.498245,21.926537,False
532790910543730727,NaOH-activated SCW biochars,DCF,79.58071398,dann_lambda_0.1,23,102.22325,22.64254,False
12079174347632602273,NaOH-activated SCW biochars,IBU,69.72658596,dann_lambda_0.1,23,79.75153,10.024948,False
3049006844620542258,NaOH-activated SCW biochars,IBU,73.17741615,dann_lambda_0.1,23,84.589485,11.412071,False
4855520275444175689,NaOH-activated SCW biochars,IBU,75.69155256,dann_lambda_0.1,23,86.68555,10.993996,False
5514219354175734125,NaOH-activated SCW biochars,IBU,76.30216313,dann_lambda_0.1,23,86.956726,10.654564,False
7156357989100352967,NaOH-activated SCW biochars,IBU,71.70044321,dann_lambda_0.1,23,86.25577,14.555328,False
6812290224175752247,NaOH-activated SCW biochars,NPX,167.0779885,dann_lambda_0.1,23,179.3299,12.251907,True
9153488855957792255,NaOH-activated SCW biochars,NPX,181.832546,dann_lambda_0.1,23,186.2458,4.413254,True
12341295020867722114,NaOH-activated SCW biochars,DCF,72.89459636,dann_lambda_0.1,23,78.35987,5.465271,True
8138945238617595290,NaOH-activated SCW biochars,DCF,87.78495046,dann_lambda_0.1,23,108.30424,20.519287,True
95817833491593826,NaOH-activated SCW biochars,IBU,57.641649,dann_lambda_0.1,23,67.25572,9.614075,True
12299775327561621562,NaOH-activated SCW biochars,IBU,69.79127526,dann_lambda_0.1,23,85.933136,16.141861,True
17053035532018455372,Pristine SCW Biochar,NXP,0.0,dann_lambda_0.1,37,13.978531,13.978531,True
17098923533429936836,Pristine SCW Biochar,NXP,14.44646584,dann_lambda_0.1,37,14.105122,0.34134388,True
13215046423171528219,Pristine SCW Biochar,NXP,15.62173129,dann_lambda_0.1,37,14.235184,1.386548,True
16825237191054845665,Pristine SCW Biochar,NXP,16.88164032,dann_lambda_0.1,37,14.4405365,2.441103,True
6982030516250217062,Pristine SCW Biochar,NXP,17.00858908,dann_lambda_0.1,37,14.824253,2.1843357,True
2755595898843553677,Pristine SCW Biochar,NXP,17.4625326,dann_lambda_0.1,37,15.690865,1.7716675,True
12146535126227506594,Pristine SCW Biochar,NXP,17.54960963,dann_lambda_0.1,37,16.64245,0.9071598,True
2569984335539275158,Pristine SCW Biochar,NXP,17.71590352,dann_lambda_0.1,37,17.308289,0.40761566,True
6648755328613141350,Pristine SCW Biochar,NXP,16.30019973,dann_lambda_0.1,37,18.5415,2.2413006,True
1214539223634647286,Pristine SCW Biochar,DCF,0.0,dann_lambda_0.1,37,12.006779,12.006779,True
335119549853506142,Pristine SCW Biochar,DCF,16.15534017,dann_lambda_0.1,37,11.99181,4.1635303,True
13581708233989788697,Pristine SCW Biochar,DCF,17.94998036,dann_lambda_0.1,37,11.961586,5.988394,True
4071952786420779155,Pristine SCW Biochar,DCF,18.6868745,dann_lambda_0.1,37,11.846951,6.839924,True
16575937784576867068,Pristine SCW Biochar,DCF,19.22913671,dann_lambda_0.1,37,11.615204,7.6139336,True
16662543744214429559,Pristine SCW Biochar,DCF,19.16432581,dann_lambda_0.1,37,10.958115,8.206211,True
1002991668870794336,Pristine SCW Biochar,DCF,19.8012145,dann_lambda_0.1,37,10.475243,9.325972,True
3713179060534583340,Pristine SCW Biochar,DCF,20.25228212,dann_lambda_0.1,37,10.19986,10.052422,True
329814341262190588,Pristine SCW Biochar,DCF,19.121072145,dann_lambda_0.1,37,11.917038,7.204035,True
2051404940871207638,Pristine SCW Biochar,IBU,0.0,dann_lambda_0.1,37,11.456413,11.456413,True
10658327680642255806,Pristine SCW Biochar,IBU,16.89988512,dann_lambda_0.1,37,11.516632,5.383253,True
3790332834202311929,Pristine SCW Biochar,IBU,18.17632699,dann_lambda_0.1,37,11.578514,6.5978127,True
10796766321469813683,Pristine SCW Biochar,IBU,19.26992768,dann_lambda_0.1,37,11.662758,7.60717,True
17200286515181460444,Pristine SCW Biochar,IBU,19.78484896,dann_lambda_0.1,37,11.820465,7.964384,True
11008431144893168087,Pristine SCW Biochar,IBU,19.78377849,dann_lambda_0.1,37,12.264069,7.5197105,True
18432371715842126336,Pristine SCW Biochar,IBU,20.67835043,dann_lambda_0.1,37,12.9915695,7.686781,True
8910712751277851660,Pristine SCW Biochar,IBU,20.66529595,dann_lambda_0.1,37,13.390903,7.274393,True
16737703975485143772,Pristine SCW Biochar,IBU,20.025033185,dann_lambda_0.1,37,14.154438,5.870596,True
5976292064867976036,Pristine SCW Biochar,NXP,8.513560872,dann_lambda_0.1,37,-2.0118713,10.525433,False
16638446263550319536,Pristine SCW Biochar,NXP,10.18427058,dann_lambda_0.1,37,9.225048,0.9592228,False
14247326399820608681,Pristine SCW Biochar,NXP,23.66355817,dann_lambda_0.1,37,25.222437,1.558878,False
3626679836655073239,Pristine SCW Biochar,NXP,32.83624096,dann_lambda_0.1,37,31.108574,1.7276688,False
1938230782418544334,Pristine SCW Biochar,DCF,6.910849115,dann_lambda_0.1,37,-2.3845558,9.295404,False
17509084134776967386,Pristine SCW Biochar,DCF,11.94615928,dann_lambda_0.1,37,6.150532,5.7956276,False
9214597997492623055,Pristine SCW Biochar,DCF,21.51003422,dann_lambda_0.1,37,15.882713,5.6273212,False
15613626881432330545,Pristine SCW Biochar,DCF,32.55652461,dann_lambda_0.1,37,21.739742,10.816784,False
1249904749956654510,Pristine SCW Biochar,IBU,10.935518415,dann_lambda_0.1,37,0.6947365,10.240782,False
9750239826985509562,Pristine SCW Biochar,IBU,13.35058334,dann_lambda_0.1,37,6.8295937,6.5209894,False
12415649059408947823,Pristine SCW Biochar,IBU,23.23297655,dann_lambda_0.1,37,20.02685,3.2061272,False
493397566369541585,Pristine SCW Biochar,IBU,33.23850263,dann_lambda_0.1,37,23.045385,10.193117,False
2431818629244494460,Pristine SCW Biochar,NPX,21.49577512,dann_lambda_0.1,37,16.35664,5.1391354,True
14632511503543224213,Pristine SCW Biochar,NPX,18.26438455,dann_lambda_0.1,37,9.772598,8.491787,True
10158343563720824836,Pristine SCW Biochar,NPX,17.26357285,dann_lambda_0.1,37,10.226017,7.0375557,True
8860467251718062619,Pristine SCW Biochar,NPX,16.13579508,dann_lambda_0.1,37,12.119499,4.0162964,True
7708639079549094677,Pristine SCW Biochar,DCF,21.75317842,dann_lambda_0.1,37,12.543919,9.209259,True
15693684484887973741,Pristine SCW Biochar,DCF,19.16141715,dann_lambda_0.1,37,12.125469,7.035948,True
12068268132093545302,Pristine SCW Biochar,DCF,17.98311701,dann_lambda_0.1,37,13.430744,4.552372,True
3805779553248948725,Pristine SCW Biochar,IBU,22.89928752,dann_lambda_0.1,37,13.449581,9.449707,True
8203542750957706445,Pristine SCW Biochar,IBU,18.5045802,dann_lambda_0.1,37,13.588417,4.9161625,True
8619013912121469110,Pristine SCW Biochar,IBU,17.26124304,dann_lambda_0.1,37,14.1535,3.1077442,True
16755461862370840366,Pristine SCW Biochar,NPX,18.38244058,dann_lambda_0.1,37,9.350994,9.031446,True
6288762701156006317,Pristine SCW Biochar,NPX,17.29507799,dann_lambda_0.1,37,8.911106,8.383972,True
2461942620734296822,Pristine SCW Biochar,NPX,18.3312792,dann_lambda_0.1,37,9.912018,8.419262,True
14915493390938448242,Pristine SCW Biochar,NPX,17.59235683,dann_lambda_0.1,37,11.5288315,6.063526,True
14561758705567463404,Pristine SCW Biochar,NPX,16.04739171,dann_lambda_0.1,37,13.6334305,2.4139614,True
4659234226800065611,Pristine SCW Biochar,DCF,16.653938,dann_lambda_0.1,37,11.063972,5.589966,False
11469103634136059972,Pristine SCW Biochar,DCF,16.3975333,dann_lambda_0.1,37,11.093426,5.3041077,False
13255282744427241635,Pristine SCW Biochar,DCF,16.61566462,dann_lambda_0.1,37,11.878235,4.7374306,False
2813337390772277759,Pristine SCW Biochar,DCF,16.02054824,dann_lambda_0.1,37,13.378742,2.6418056,False
12147411485588615077,Pristine SCW Biochar,DCF,16.12257134,dann_lambda_0.1,37,14.861805,1.260767,False
3619321008973724267,Pristine SCW Biochar,IBU,16.58306542,dann_lambda_0.1,37,12.65369,3.9293747,False
6767561828512103332,Pristine SCW Biochar,IBU,15.96808891,dann_lambda_0.1,37,11.404648,4.5634413,False
14598158743120574339,Pristine SCW Biochar,IBU,16.56583978,dann_lambda_0.1,37,11.73605,4.82979,False
12552377453823545695,Pristine SCW Biochar,IBU,17.10001985,dann_lambda_0.1,37,12.448036,4.6519833,False
15269897442523904645,Pristine SCW Biochar,IBU,15.62815373,dann_lambda_0.1,37,13.532402,2.0957518,False
14527147495807567373,Pristine SCW Biochar,NPX,17.10889887,dann_lambda_0.1,37,12.519951,4.5889473,True
18242488890160064085,Pristine SCW Biochar,NPX,18.50934797,dann_lambda_0.1,37,10.940269,7.5690784,True
9217257676294177556,Pristine SCW Biochar,DCF,18.40713328,dann_lambda_0.1,37,11.860607,6.546526,True
6194712352110633020,Pristine SCW Biochar,DCF,20.02057158,dann_lambda_0.1,37,14.381348,5.639223,True
7086304982263032628,Pristine SCW Biochar,IBU,19.90873317,dann_lambda_0.1,37,14.934849,4.9738846,True
870809365627718684,Pristine SCW Biochar,IBU,21.2613338,dann_lambda_0.1,37,11.974922,9.286411,True
11463466362237138402,NaOH-activated SCW biochars,NXP,0.0,dann_lambda_0.1,37,155.59555,155.59555,True
12429355053059418026,NaOH-activated SCW biochars,NXP,90.16372742,dann_lambda_0.1,37,156.71466,66.550934,True
14609237521165358149,NaOH-activated SCW biochars,NXP,104.2284102,dann_lambda_0.1,37,157.7246,53.496185,True
446328556523201111,NaOH-activated SCW biochars,NXP,130.9519993,dann_lambda_0.1,37,160.02411,29.072113,True
1551655804826946544,NaOH-activated SCW biochars,NXP,153.5606127,dann_lambda_0.1,37,165.62172,12.061111,True
12674212456835948851,NaOH-activated SCW biochars,NXP,166.7371919,dann_lambda_0.1,37,176.50146,9.764267,True
12588539707960640012,NaOH-activated SCW biochars,NXP,174.3891721,dann_lambda_0.1,37,185.39311,11.003937,True
3988610212697559040,NaOH-activated SCW biochars,NXP,174.0987509,dann_lambda_0.1,37,192.00089,17.90213,True
10547200906881874672,NaOH-activated SCW biochars,NXP,179.92426765,dann_lambda_0.1,37,201.39635,21.472076,True
4097433552957510200,NaOH-activated SCW biochars,DCF,0.0,dann_lambda_0.1,37,89.35071,89.35071,True
8973503642251044448,NaOH-activated SCW biochars,DCF,48.76561963,dann_lambda_0.1,37,90.08773,41.32211,True
8132899750145070855,NaOH-activated SCW biochars,DCF,60.68388993,dann_lambda_0.1,37,90.825226,30.141335,True
10455380725152883637,NaOH-activated SCW biochars,DCF,73.87287411,dann_lambda_0.1,37,92.29925,18.426376,True
3249913649156960858,NaOH-activated SCW biochars,DCF,82.2331982,dann_lambda_0.1,37,94.62527,12.392067,True
2892051548520492425,NaOH-activated SCW biochars,DCF,81.93930885,dann_lambda_0.1,37,96.92233,14.983025,True
13926868731529471070,NaOH-activated SCW biochars,DCF,82.83055081,dann_lambda_0.1,37,98.25996,15.429405,True
6280546985017538186,NaOH-activated SCW biochars,DCF,82.6411851,dann_lambda_0.1,37,96.24454,13.603355,True
14802185984964681562,NaOH-activated SCW biochars,DCF,77.22438452,dann_lambda_0.1,37,89.45566,12.23127,True
18031951279925841496,NaOH-activated SCW biochars,IBU,0.0,dann_lambda_0.1,37,55.165813,55.165813,True
7439356660872997760,NaOH-activated SCW biochars,IBU,38.20195295,dann_lambda_0.1,37,55.91298,17.711025,True
3280576637481085735,NaOH-activated SCW biochars,IBU,49.12704629,dann_lambda_0.1,37,56.738205,7.6111603,True
2475666081309423509,NaOH-activated SCW biochars,IBU,62.99284614,dann_lambda_0.1,37,58.444817,4.548031,True
7140885989460122234,NaOH-activated SCW biochars,IBU,65.00045691,dann_lambda_0.1,37,61.772095,3.228363,True
5352559836577404585,NaOH-activated SCW biochars,IBU,65.18409441,dann_lambda_0.1,37,67.5529,2.368805,True
271021551376951870,NaOH-activated SCW biochars,IBU,65.30178063,dann_lambda_0.1,37,73.17874,7.8769608,True
4601601497501002282,NaOH-activated SCW biochars,IBU,65.65806376,dann_lambda_0.1,37,74.78492,9.126854,True
14131146040637425530,NaOH-activated SCW biochars,IBU,65.65332219000001,dann_lambda_0.1,37,72.83537,7.1820526,True
16405048272212825666,NaOH-activated SCW biochars,NXP,64.8903021,dann_lambda_0.1,37,65.80595,0.9156418,True
13765390047063166502,NaOH-activated SCW biochars,NXP,126.0338032,dann_lambda_0.1,37,133.3157,7.2818985,True
3540536502839737235,NaOH-activated SCW biochars,NXP,225.3867619,dann_lambda_0.1,37,217.99017,7.396591,True
10087744159834544517,NaOH-activated SCW biochars,NXP,253.7893399,dann_lambda_0.1,37,202.6178,51.17154,True
14731060229230471192,NaOH-activated SCW biochars,DCF,54.75327727,dann_lambda_0.1,37,61.24213,6.4888535,True
5541933350374393212,NaOH-activated SCW biochars,DCF,77.09472432,dann_lambda_0.1,37,79.00733,1.9126053,True
12615432238208671005,NaOH-activated SCW biochars,DCF,92.0230423,dann_lambda_0.1,37,99.0621,7.0390625,True
10427946335696234203,NaOH-activated SCW biochars,DCF,95.69277177,dann_lambda_0.1,37,97.853195,2.1604233,True
6260261985190404920,NaOH-activated SCW biochars,IBU,52.90707681,dann_lambda_0.1,37,56.87205,3.9649734,True
599381209477399324,NaOH-activated SCW biochars,IBU,66.76808811,dann_lambda_0.1,37,72.03458,5.266487,True
3926410718330234365,NaOH-activated SCW biochars,IBU,70.35687624,dann_lambda_0.1,37,80.77373,10.416855,True
3396071663462261947,NaOH-activated SCW biochars,IBU,73.29670399,dann_lambda_0.1,37,76.45112,3.1544113,True
12143757583447324994,NaOH-activated SCW biochars,NPX,190.595886,dann_lambda_0.1,37,197.48799,6.892105,True
7070640037739440319,NaOH-activated SCW biochars,NPX,172.0266924,dann_lambda_0.1,37,197.38286,25.35617,True
852043111923116922,NaOH-activated SCW biochars,NPX,152.656609,dann_lambda_0.1,37,175.5639,22.907288,True
15261173828235182569,NaOH-activated SCW biochars,NPX,145.3785096,dann_lambda_0.1,37,120.71454,24.66397,True
18018378148491117671,NaOH-activated SCW biochars,DCF,96.67411867,dann_lambda_0.1,37,123.12509,26.450974,True
1787412344397427871,NaOH-activated SCW biochars,DCF,62.75924066,dann_lambda_0.1,37,85.738434,22.979195,True
17454219733314565792,NaOH-activated SCW biochars,DCF,51.973701,dann_lambda_0.1,37,74.33478,22.361076,True
1502419750140885639,NaOH-activated SCW biochars,IBU,94.31416328,dann_lambda_0.1,37,105.19737,10.883209,True
15807910494372115647,NaOH-activated SCW biochars,IBU,50.22163876,dann_lambda_0.1,37,67.60615,17.38451,True
8791253579198486592,NaOH-activated SCW biochars,IBU,38.06104336,dann_lambda_0.1,37,62.134377,24.073334,True
665404155957715216,NaOH-activated SCW biochars,NPX,177.1620054,dann_lambda_0.1,37,199.92761,22.76561,True
6827103232613768791,NaOH-activated SCW biochars,NPX,179.105641,dann_lambda_0.1,37,200.91658,21.810944,True
18203435778758194360,NaOH-activated SCW biochars,NPX,186.0584129,dann_lambda_0.1,37,201.60042,15.542007,True
5759522579916954172,NaOH-activated SCW biochars,NPX,181.2017167,dann_lambda_0.1,37,201.47334,20.271622,True
664633524360232258,NaOH-activated SCW biochars,NPX,182.9370612,dann_lambda_0.1,37,197.05598,14.118927,True
13641899622687088449,NaOH-activated SCW biochars,DCF,76.95847226,dann_lambda_0.1,37,92.303696,15.345222,False
9393633767651503122,NaOH-activated SCW biochars,DCF,83.56161718499999,dann_lambda_0.1,37,97.09909,13.537476,False
5981541925235720617,NaOH-activated SCW biochars,DCF,85.17762947,dann_lambda_0.1,37,99.868935,14.691307,False
6023530469711918669,NaOH-activated SCW biochars,DCF,80.57171083,dann_lambda_0.1,37,105.493454,24.921745,False
532790910543730727,NaOH-activated SCW biochars,DCF,79.58071398,dann_lambda_0.1,37,109.4528,29.872086,False
12079174347632602273,NaOH-activated SCW biochars,IBU,69.72658596,dann_lambda_0.1,37,79.33238,9.605797,False
3049006844620542258,NaOH-activated SCW biochars,IBU,73.17741615,dann_lambda_0.1,37,84.029205,10.851791,False
4855520275444175689,NaOH-activated SCW biochars,IBU,75.69155256,dann_lambda_0.1,37,93.50578,17.814232,False
5514219354175734125,NaOH-activated SCW biochars,IBU,76.30216313,dann_lambda_0.1,37,100.48941,24.187248,False
7156357989100352967,NaOH-activated SCW biochars,IBU,71.70044321,dann_lambda_0.1,37,101.79848,30.098038,False
6812290224175752247,NaOH-activated SCW biochars,NPX,167.0779885,dann_lambda_0.1,37,190.27582,23.19783,True
9153488855957792255,NaOH-activated SCW biochars,NPX,181.832546,dann_lambda_0.1,37,195.36736,13.534805,True
12341295020867722114,NaOH-activated SCW biochars,DCF,72.89459636,dann_lambda_0.1,37,78.00821,5.1136093,True
8138945238617595290,NaOH-activated SCW biochars,DCF,87.78495046,dann_lambda_0.1,37,111.28896,23.504013,True
95817833491593826,NaOH-activated SCW biochars,IBU,57.641649,dann_lambda_0.1,37,58.133904,0.49225616,True
12299775327561621562,NaOH-activated SCW biochars,IBU,69.79127526,dann_lambda_0.1,37,89.594055,19.80278,True
17053035532018455372,Pristine SCW Biochar,NXP,0.0,dann_lambda_0.1,51,12.648621,12.648621,True
17098923533429936836,Pristine SCW Biochar,NXP,14.44646584,dann_lambda_0.1,51,12.674332,1.7721338,True
13215046423171528219,Pristine SCW Biochar,NXP,15.62173129,dann_lambda_0.1,51,12.701332,2.9203997,True
16825237191054845665,Pristine SCW Biochar,NXP,16.88164032,dann_lambda_0.1,51,12.759285,4.1223545,True
6982030516250217062,Pristine SCW Biochar,NXP,17.00858908,dann_lambda_0.1,51,12.89146,4.1171284,True
2755595898843553677,Pristine SCW Biochar,NXP,17.4625326,dann_lambda_0.1,51,13.116913,4.345619,True
12146535126227506594,Pristine SCW Biochar,NXP,17.54960963,dann_lambda_0.1,51,13.310036,4.2395744,True
2569984335539275158,Pristine SCW Biochar,NXP,17.71590352,dann_lambda_0.1,51,13.611755,4.104149,True
6648755328613141350,Pristine SCW Biochar,NXP,16.30019973,dann_lambda_0.1,51,14.1789055,2.121294,True
1214539223634647286,Pristine SCW Biochar,DCF,0.0,dann_lambda_0.1,51,13.60899,13.60899,True
335119549853506142,Pristine SCW Biochar,DCF,16.15534017,dann_lambda_0.1,51,13.69622,2.4591198,True
13581708233989788697,Pristine SCW Biochar,DCF,17.94998036,dann_lambda_0.1,51,13.785095,4.1648846,True
4071952786420779155,Pristine SCW Biochar,DCF,18.6868745,dann_lambda_0.1,51,13.96785,4.7190247,True
16575937784576867068,Pristine SCW Biochar,DCF,19.22913671,dann_lambda_0.1,51,14.354012,4.875126,True
16662543744214429559,Pristine SCW Biochar,DCF,19.16432581,dann_lambda_0.1,51,15.089867,4.074459,True
1002991668870794336,Pristine SCW Biochar,DCF,19.8012145,dann_lambda_0.1,51,15.574638,4.226576,True
3713179060534583340,Pristine SCW Biochar,DCF,20.25228212,dann_lambda_0.1,51,15.542522,4.7097588,True
329814341262190588,Pristine SCW Biochar,DCF,19.121072145,dann_lambda_0.1,51,15.352108,3.7689648,True
2051404940871207638,Pristine SCW Biochar,IBU,0.0,dann_lambda_0.1,51,13.424141,13.424141,True
10658327680642255806,Pristine SCW Biochar,IBU,16.89988512,dann_lambda_0.1,51,13.496822,3.4030628,True
3790332834202311929,Pristine SCW Biochar,IBU,18.17632699,dann_lambda_0.1,51,13.571068,4.605259,True
10796766321469813683,Pristine SCW Biochar,IBU,19.26992768,dann_lambda_0.1,51,13.724266,5.545662,True
17200286515181460444,Pristine SCW Biochar,IBU,19.78484896,dann_lambda_0.1,51,14.020031,5.764818,True
11008431144893168087,Pristine SCW Biochar,IBU,19.78377849,dann_lambda_0.1,51,14.459885,5.3238945,True
18432371715842126336,Pristine SCW Biochar,IBU,20.67835043,dann_lambda_0.1,51,14.624733,6.0536175,True
8910712751277851660,Pristine SCW Biochar,IBU,20.66529595,dann_lambda_0.1,51,14.673164,5.992132,True
16737703975485143772,Pristine SCW Biochar,IBU,20.025033185,dann_lambda_0.1,51,14.702587,5.322447,True
5976292064867976036,Pristine SCW Biochar,NXP,8.513560872,dann_lambda_0.1,51,5.6082916,2.9052696,False
16638446263550319536,Pristine SCW Biochar,NXP,10.18427058,dann_lambda_0.1,51,9.657276,0.5269947,False
14247326399820608681,Pristine SCW Biochar,NXP,23.66355817,dann_lambda_0.1,51,18.743555,4.920004,False
3626679836655073239,Pristine SCW Biochar,NXP,32.83624096,dann_lambda_0.1,51,21.496977,11.339266,False
1938230782418544334,Pristine SCW Biochar,DCF,6.910849115,dann_lambda_0.1,51,7.549137,0.638288,False
17509084134776967386,Pristine SCW Biochar,DCF,11.94615928,dann_lambda_0.1,51,11.668179,0.2779808,False
9214597997492623055,Pristine SCW Biochar,DCF,21.51003422,dann_lambda_0.1,51,17.702337,3.8076973,False
15613626881432330545,Pristine SCW Biochar,DCF,32.55652461,dann_lambda_0.1,51,24.064398,8.492128,False
1249904749956654510,Pristine SCW Biochar,IBU,10.935518415,dann_lambda_0.1,51,6.8018494,4.133669,False
9750239826985509562,Pristine SCW Biochar,IBU,13.35058334,dann_lambda_0.1,51,10.702648,2.647935,False
12415649059408947823,Pristine SCW Biochar,IBU,23.23297655,dann_lambda_0.1,51,17.89292,5.3400574,False
493397566369541585,Pristine SCW Biochar,IBU,33.23850263,dann_lambda_0.1,51,23.711477,9.527025,False
2431818629244494460,Pristine SCW Biochar,NPX,21.49577512,dann_lambda_0.1,51,15.901657,5.594118,True
14632511503543224213,Pristine SCW Biochar,NPX,18.26438455,dann_lambda_0.1,51,14.161331,4.103054,True
10158343563720824836,Pristine SCW Biochar,NPX,17.26357285,dann_lambda_0.1,51,13.709923,3.55365,True
8860467251718062619,Pristine SCW Biochar,NPX,16.13579508,dann_lambda_0.1,51,13.221954,2.9138412,True
7708639079549094677,Pristine SCW Biochar,DCF,21.75317842,dann_lambda_0.1,51,19.417994,2.335184,True
15693684484887973741,Pristine SCW Biochar,DCF,19.16141715,dann_lambda_0.1,51,15.313133,3.8482838,True
12068268132093545302,Pristine SCW Biochar,DCF,17.98311701,dann_lambda_0.1,51,13.950661,4.0324554,True
3805779553248948725,Pristine SCW Biochar,IBU,22.89928752,dann_lambda_0.1,51,19.36618,3.5331078,True
8203542750957706445,Pristine SCW Biochar,IBU,18.5045802,dann_lambda_0.1,51,13.096573,5.4080067,True
8619013912121469110,Pristine SCW Biochar,IBU,17.26124304,dann_lambda_0.1,51,12.057995,5.203249,True
16755461862370840366,Pristine SCW Biochar,NPX,18.38244058,dann_lambda_0.1,51,14.502506,3.8799343,True
6288762701156006317,Pristine SCW Biochar,NPX,17.29507799,dann_lambda_0.1,51,14.54837,2.746708,True
2461942620734296822,Pristine SCW Biochar,NPX,18.3312792,dann_lambda_0.1,51,14.810852,3.5204277,True
14915493390938448242,Pristine SCW Biochar,NPX,17.59235683,dann_lambda_0.1,51,15.214752,2.3776054,True
14561758705567463404,Pristine SCW Biochar,NPX,16.04739171,dann_lambda_0.1,51,15.917252,0.1301403,True
4659234226800065611,Pristine SCW Biochar,DCF,16.653938,dann_lambda_0.1,51,15.734646,0.91929245,False
11469103634136059972,Pristine SCW Biochar,DCF,16.3975333,dann_lambda_0.1,51,16.08382,0.31371307,False
13255282744427241635,Pristine SCW Biochar,DCF,16.61566462,dann_lambda_0.1,51,16.656353,0.04068756,False
2813337390772277759,Pristine SCW Biochar,DCF,16.02054824,dann_lambda_0.1,51,17.142427,1.1218796,False
12147411485588615077,Pristine SCW Biochar,DCF,16.12257134,dann_lambda_0.1,51,17.37965,1.2570782,False
3619321008973724267,Pristine SCW Biochar,IBU,16.58306542,dann_lambda_0.1,51,15.122303,1.460762,False
6767561828512103332,Pristine SCW Biochar,IBU,15.96808891,dann_lambda_0.1,51,15.565975,0.4021139,False
14598158743120574339,Pristine SCW Biochar,IBU,16.56583978,dann_lambda_0.1,51,16.235664,0.3301754,False
12552377453823545695,Pristine SCW Biochar,IBU,17.10001985,dann_lambda_0.1,51,16.80491,0.2951088,False
15269897442523904645,Pristine SCW Biochar,IBU,15.62815373,dann_lambda_0.1,51,17.432104,1.8039503,False
14527147495807567373,Pristine SCW Biochar,NPX,17.10889887,dann_lambda_0.1,51,15.000507,2.1083908,True
18242488890160064085,Pristine SCW Biochar,NPX,18.50934797,dann_lambda_0.1,51,13.674751,4.8345966,True
9217257676294177556,Pristine SCW Biochar,DCF,18.40713328,dann_lambda_0.1,51,15.238312,3.1688213,True
6194712352110633020,Pristine SCW Biochar,DCF,20.02057158,dann_lambda_0.1,51,15.440041,4.58053,True
7086304982263032628,Pristine SCW Biochar,IBU,19.90873317,dann_lambda_0.1,51,16.402893,3.5058403,True
870809365627718684,Pristine SCW Biochar,IBU,21.2613338,dann_lambda_0.1,51,13.492863,7.768471,True
11463466362237138402,NaOH-activated SCW biochars,NXP,0.0,dann_lambda_0.1,51,156.00456,156.00456,True
12429355053059418026,NaOH-activated SCW biochars,NXP,90.16372742,dann_lambda_0.1,51,158.10825,67.94452,True
14609237521165358149,NaOH-activated SCW biochars,NXP,104.2284102,dann_lambda_0.1,51,160.22807,55.999664,True
446328556523201111,NaOH-activated SCW biochars,NXP,130.9519993,dann_lambda_0.1,51,164.46623,33.514236,True
1551655804826946544,NaOH-activated SCW biochars,NXP,153.5606127,dann_lambda_0.1,51,172.6187,19.05809,True
12674212456835948851,NaOH-activated SCW biochars,NXP,166.7371919,dann_lambda_0.1,51,185.33586,18.598663,True
12588539707960640012,NaOH-activated SCW biochars,NXP,174.3891721,dann_lambda_0.1,51,191.23233,16.843155,True
3988610212697559040,NaOH-activated SCW biochars,NXP,174.0987509,dann_lambda_0.1,51,194.58107,20.482315,True
10547200906881874672,NaOH-activated SCW biochars,NXP,179.92426765,dann_lambda_0.1,51,199.57898,19.654709,True
4097433552957510200,NaOH-activated SCW biochars,DCF,0.0,dann_lambda_0.1,51,92.567116,92.567116,True
8973503642251044448,NaOH-activated SCW biochars,DCF,48.76561963,dann_lambda_0.1,51,92.99855,44.23293,True
8132899750145070855,NaOH-activated SCW biochars,DCF,60.68388993,dann_lambda_0.1,51,93.424774,32.740883,True
10455380725152883637,NaOH-activated SCW biochars,DCF,73.87287411,dann_lambda_0.1,51,94.29907,20.4262,True
3249913649156960858,NaOH-activated SCW biochars,DCF,82.2331982,dann_lambda_0.1,51,94.96057,12.727371,True
2892051548520492425,NaOH-activated SCW biochars,DCF,81.93930885,dann_lambda_0.1,51,95.4028,13.463493,True
13926868731529471070,NaOH-activated SCW biochars,DCF,82.83055081,dann_lambda_0.1,51,96.06772,13.237167,True
6280546985017538186,NaOH-activated SCW biochars,DCF,82.6411851,dann_lambda_0.1,51,95.72267,13.08149,True
14802185984964681562,NaOH-activated SCW biochars,DCF,77.22438452,dann_lambda_0.1,51,93.64842,16.424034,True
18031951279925841496,NaOH-activated SCW biochars,IBU,0.0,dann_lambda_0.1,51,66.03339,66.03339,True
7439356660872997760,NaOH-activated SCW biochars,IBU,38.20195295,dann_lambda_0.1,51,66.26641,28.064457,True
3280576637481085735,NaOH-activated SCW biochars,IBU,49.12704629,dann_lambda_0.1,51,66.498856,17.37181,True
2475666081309423509,NaOH-activated SCW biochars,IBU,62.99284614,dann_lambda_0.1,51,66.96297,3.9701195,True
7140885989460122234,NaOH-activated SCW biochars,IBU,65.00045691,dann_lambda_0.1,51,68.02537,3.02491,True
5352559836577404585,NaOH-activated SCW biochars,IBU,65.18409441,dann_lambda_0.1,51,70.366776,5.182678,True
271021551376951870,NaOH-activated SCW biochars,IBU,65.30178063,dann_lambda_0.1,51,72.61048,7.3087006,True
4601601497501002282,NaOH-activated SCW biochars,IBU,65.65806376,dann_lambda_0.1,51,73.45972,7.801651,True
14131146040637425530,NaOH-activated SCW biochars,IBU,65.65332219000001,dann_lambda_0.1,51,75.33328,9.679962,True
16405048272212825666,NaOH-activated SCW biochars,NXP,64.8903021,dann_lambda_0.1,51,70.54399,5.6536865,True
13765390047063166502,NaOH-activated SCW biochars,NXP,126.0338032,dann_lambda_0.1,51,129.71729,3.6834793,True
3540536502839737235,NaOH-activated SCW biochars,NXP,225.3867619,dann_lambda_0.1,51,222.80501,2.5817566,True
10087744159834544517,NaOH-activated SCW biochars,NXP,253.7893399,dann_lambda_0.1,51,216.95796,36.831375,True
14731060229230471192,NaOH-activated SCW biochars,DCF,54.75327727,dann_lambda_0.1,51,62.876644,8.123367,True
5541933350374393212,NaOH-activated SCW biochars,DCF,77.09472432,dann_lambda_0.1,51,82.0644,4.969673,True
12615432238208671005,NaOH-activated SCW biochars,DCF,92.0230423,dann_lambda_0.1,51,96.682144,4.6591034,True
10427946335696234203,NaOH-activated SCW biochars,DCF,95.69277177,dann_lambda_0.1,51,101.465164,5.7723923,True
6260261985190404920,NaOH-activated SCW biochars,IBU,52.90707681,dann_lambda_0.1,51,48.262756,4.6443214,True
599381209477399324,NaOH-activated SCW biochars,IBU,66.76808811,dann_lambda_0.1,51,64.2075,2.5605927,True
3926410718330234365,NaOH-activated SCW biochars,IBU,70.35687624,dann_lambda_0.1,51,80.68413,10.327255,True
3396071663462261947,NaOH-activated SCW biochars,IBU,73.29670399,dann_lambda_0.1,51,83.49212,10.195412,True
12143757583447324994,NaOH-activated SCW biochars,NPX,190.595886,dann_lambda_0.1,51,188.41013,2.1857605,True
7070640037739440319,NaOH-activated SCW biochars,NPX,172.0266924,dann_lambda_0.1,51,185.36336,13.33667,True
852043111923116922,NaOH-activated SCW biochars,NPX,152.656609,dann_lambda_0.1,51,174.65512,21.998505,True
15261173828235182569,NaOH-activated SCW biochars,NPX,145.3785096,dann_lambda_0.1,51,121.65866,23.719849,True
18018378148491117671,NaOH-activated SCW biochars,DCF,96.67411867,dann_lambda_0.1,51,114.164276,17.490158,True
1787412344397427871,NaOH-activated SCW biochars,DCF,62.75924066,dann_lambda_0.1,51,92.80461,30.045372,True
17454219733314565792,NaOH-activated SCW biochars,DCF,51.973701,dann_lambda_0.1,51,83.38933,31.415627,True
1502419750140885639,NaOH-activated SCW biochars,IBU,94.31416328,dann_lambda_0.1,51,102.426865,8.112701,True
15807910494372115647,NaOH-activated SCW biochars,IBU,50.22163876,dann_lambda_0.1,51,61.38493,11.163292,True
8791253579198486592,NaOH-activated SCW biochars,IBU,38.06104336,dann_lambda_0.1,51,59.360867,21.299824,True
665404155957715216,NaOH-activated SCW biochars,NPX,177.1620054,dann_lambda_0.1,51,188.26701,11.105011,True
6827103232613768791,NaOH-activated SCW biochars,NPX,179.105641,dann_lambda_0.1,51,192.09436,12.988724,True
18203435778758194360,NaOH-activated SCW biochars,NPX,186.0584129,dann_lambda_0.1,51,193.85805,7.799637,True
5759522579916954172,NaOH-activated SCW biochars,NPX,181.2017167,dann_lambda_0.1,51,194.53233,13.330612,True
664633524360232258,NaOH-activated SCW biochars,NPX,182.9370612,dann_lambda_0.1,51,192.20668,9.269623,True
13641899622687088449,NaOH-activated SCW biochars,DCF,76.95847226,dann_lambda_0.1,51,97.45223,20.49376,False
9393633767651503122,NaOH-activated SCW biochars,DCF,83.56161718499999,dann_lambda_0.1,51,100.07257,16.510956,False
5981541925235720617,NaOH-activated SCW biochars,DCF,85.17762947,dann_lambda_0.1,51,102.26628,17.088654,False
6023530469711918669,NaOH-activated SCW biochars,DCF,80.57171083,dann_lambda_0.1,51,104.63359,24.061882,False
532790910543730727,NaOH-activated SCW biochars,DCF,79.58071398,dann_lambda_0.1,51,107.31981,27.739098,False
12079174347632602273,NaOH-activated SCW biochars,IBU,69.72658596,dann_lambda_0.1,51,79.01216,9.285576,False
3049006844620542258,NaOH-activated SCW biochars,IBU,73.17741615,dann_lambda_0.1,51,83.40433,10.226913,False
4855520275444175689,NaOH-activated SCW biochars,IBU,75.69155256,dann_lambda_0.1,51,87.54747,11.855919,False
5514219354175734125,NaOH-activated SCW biochars,IBU,76.30216313,dann_lambda_0.1,51,88.762955,12.460793,False
7156357989100352967,NaOH-activated SCW biochars,IBU,71.70044321,dann_lambda_0.1,51,89.761955,18.061516,False
6812290224175752247,NaOH-activated SCW biochars,NPX,167.0779885,dann_lambda_0.1,51,171.43079,4.3527985,True
9153488855957792255,NaOH-activated SCW biochars,NPX,181.832546,dann_lambda_0.1,51,185.97357,4.1410217,True
12341295020867722114,NaOH-activated SCW biochars,DCF,72.89459636,dann_lambda_0.1,51,74.10077,1.2061691,True
8138945238617595290,NaOH-activated SCW biochars,DCF,87.78495046,dann_lambda_0.1,51,109.98758,22.20263,True
95817833491593826,NaOH-activated SCW biochars,IBU,57.641649,dann_lambda_0.1,51,62.03488,4.3932343,True
12299775327561621562,NaOH-activated SCW biochars,IBU,69.79127526,dann_lambda_0.1,51,92.70559,22.914314,True
17053035532018455372,Pristine SCW Biochar,NXP,0.0,dann_lambda_0.1,71,12.888412,12.888412,True
17098923533429936836,Pristine SCW Biochar,NXP,14.44646584,dann_lambda_0.1,71,12.950264,1.4962015,True
13215046423171528219,Pristine SCW Biochar,NXP,15.62173129,dann_lambda_0.1,71,12.99881,2.622922,True
16825237191054845665,Pristine SCW Biochar,NXP,16.88164032,dann_lambda_0.1,71,13.075283,3.8063564,True
6982030516250217062,Pristine SCW Biochar,NXP,17.00858908,dann_lambda_0.1,71,13.121975,3.8866138,True
2755595898843553677,Pristine SCW Biochar,NXP,17.4625326,dann_lambda_0.1,71,13.187897,4.2746353,True
12146535126227506594,Pristine SCW Biochar,NXP,17.54960963,dann_lambda_0.1,71,13.77689,3.7727203,True
2569984335539275158,Pristine SCW Biochar,NXP,17.71590352,dann_lambda_0.1,71,14.432232,3.2836723,True
6648755328613141350,Pristine SCW Biochar,NXP,16.30019973,dann_lambda_0.1,71,13.735176,2.5650234,True
1214539223634647286,Pristine SCW Biochar,DCF,0.0,dann_lambda_0.1,71,15.860264,15.860264,True
335119549853506142,Pristine SCW Biochar,DCF,16.15534017,dann_lambda_0.1,71,15.901085,0.2542553,True
13581708233989788697,Pristine SCW Biochar,DCF,17.94998036,dann_lambda_0.1,71,15.944023,2.0059566,True
4071952786420779155,Pristine SCW Biochar,DCF,18.6868745,dann_lambda_0.1,71,16.036552,2.650322,True
16575937784576867068,Pristine SCW Biochar,DCF,19.22913671,dann_lambda_0.1,71,16.136223,3.0929146,True
16662543744214429559,Pristine SCW Biochar,DCF,19.16432581,dann_lambda_0.1,71,15.825069,3.3392563,True
1002991668870794336,Pristine SCW Biochar,DCF,19.8012145,dann_lambda_0.1,71,15.326897,4.4743176,True
3713179060534583340,Pristine SCW Biochar,DCF,20.25228212,dann_lambda_0.1,71,15.076721,5.17556,True
329814341262190588,Pristine SCW Biochar,DCF,19.121072145,dann_lambda_0.1,71,14.017406,5.1036663,True
2051404940871207638,Pristine SCW Biochar,IBU,0.0,dann_lambda_0.1,71,13.5086975,13.5086975,True
10658327680642255806,Pristine SCW Biochar,IBU,16.89988512,dann_lambda_0.1,71,13.592026,3.3078594,True
3790332834202311929,Pristine SCW Biochar,IBU,18.17632699,dann_lambda_0.1,71,13.677464,4.498863,True
10796766321469813683,Pristine SCW Biochar,IBU,19.26992768,dann_lambda_0.1,71,13.859222,5.4107056,True
17200286515181460444,Pristine SCW Biochar,IBU,19.78484896,dann_lambda_0.1,71,14.286877,5.4979725,True
11008431144893168087,Pristine SCW Biochar,IBU,19.78377849,dann_lambda_0.1,71,14.946465,4.8373146,True
18432371715842126336,Pristine SCW Biochar,IBU,20.67835043,dann_lambda_0.1,71,15.690418,4.987932,True
8910712751277851660,Pristine SCW Biochar,IBU,20.66529595,dann_lambda_0.1,71,15.545906,5.1193905,True
16737703975485143772,Pristine SCW Biochar,IBU,20.025033185,dann_lambda_0.1,71,15.068386,4.956648,True
5976292064867976036,Pristine SCW Biochar,NXP,8.513560872,dann_lambda_0.1,71,-9.372574,17.886135,False
16638446263550319536,Pristine SCW Biochar,NXP,10.18427058,dann_lambda_0.1,71,-2.0213432,12.205614,False
14247326399820608681,Pristine SCW Biochar,NXP,23.66355817,dann_lambda_0.1,71,26.636497,2.9729385,False
3626679836655073239,Pristine SCW Biochar,NXP,32.83624096,dann_lambda_0.1,71,35.37794,2.5416985,False
1938230782418544334,Pristine SCW Biochar,DCF,6.910849115,dann_lambda_0.1,71,-1.9351158,8.845964,False
17509084134776967386,Pristine SCW Biochar,DCF,11.94615928,dann_lambda_0.1,71,5.5280304,6.418129,False
9214597997492623055,Pristine SCW Biochar,DCF,21.51003422,dann_lambda_0.1,71,16.608292,4.901743,False
15613626881432330545,Pristine SCW Biochar,DCF,32.55652461,dann_lambda_0.1,71,17.976452,14.580074,False
1249904749956654510,Pristine SCW Biochar,IBU,10.935518415,dann_lambda_0.1,71,-0.43173218,11.36725,False
9750239826985509562,Pristine SCW Biochar,IBU,13.35058334,dann_lambda_0.1,71,6.9636765,6.3869066,False
12415649059408947823,Pristine SCW Biochar,IBU,23.23297655,dann_lambda_0.1,71,16.167637,7.06534,False
493397566369541585,Pristine SCW Biochar,IBU,33.23850263,dann_lambda_0.1,71,18.950754,14.287748,False
2431818629244494460,Pristine SCW Biochar,NPX,21.49577512,dann_lambda_0.1,71,21.268337,0.22743797,True
14632511503543224213,Pristine SCW Biochar,NPX,18.26438455,dann_lambda_0.1,71,16.925486,1.3388996,True
10158343563720824836,Pristine SCW Biochar,NPX,17.26357285,dann_lambda_0.1,71,16.766605,0.49696732,True
8860467251718062619,Pristine SCW Biochar,NPX,16.13579508,dann_lambda_0.1,71,16.51252,0.37672424,True
7708639079549094677,Pristine SCW Biochar,DCF,21.75317842,dann_lambda_0.1,71,18.503803,3.2493744,True
15693684484887973741,Pristine SCW Biochar,DCF,19.16141715,dann_lambda_0.1,71,12.318874,6.8425426,True
12068268132093545302,Pristine SCW Biochar,DCF,17.98311701,dann_lambda_0.1,71,14.749393,3.2337227,True
3805779553248948725,Pristine SCW Biochar,IBU,22.89928752,dann_lambda_0.1,71,17.066315,5.8329735,True
8203542750957706445,Pristine SCW Biochar,IBU,18.5045802,dann_lambda_0.1,71,13.181522,5.323057,True
8619013912121469110,Pristine SCW Biochar,IBU,17.26124304,dann_lambda_0.1,71,11.545303,5.7159405,True
16755461862370840366,Pristine SCW Biochar,NPX,18.38244058,dann_lambda_0.1,71,16.956223,1.426218,True
6288762701156006317,Pristine SCW Biochar,NPX,17.29507799,dann_lambda_0.1,71,16.330593,0.96448517,True
2461942620734296822,Pristine SCW Biochar,NPX,18.3312792,dann_lambda_0.1,71,16.180107,2.1511726,True
14915493390938448242,Pristine SCW Biochar,NPX,17.59235683,dann_lambda_0.1,71,16.260078,1.3322792,True
14561758705567463404,Pristine SCW Biochar,NPX,16.04739171,dann_lambda_0.1,71,16.377872,0.33048058,True
4659234226800065611,Pristine SCW Biochar,DCF,16.653938,dann_lambda_0.1,71,14.755131,1.8988075,False
11469103634136059972,Pristine SCW Biochar,DCF,16.3975333,dann_lambda_0.1,71,15.387417,1.0101166,False
13255282744427241635,Pristine SCW Biochar,DCF,16.61566462,dann_lambda_0.1,71,15.85593,0.7597351,False
2813337390772277759,Pristine SCW Biochar,DCF,16.02054824,dann_lambda_0.1,71,16.327541,0.30699348,False
12147411485588615077,Pristine SCW Biochar,DCF,16.12257134,dann_lambda_0.1,71,17.000471,0.87789917,False
3619321008973724267,Pristine SCW Biochar,IBU,16.58306542,dann_lambda_0.1,71,15.139717,1.4433479,False
6767561828512103332,Pristine SCW Biochar,IBU,15.96808891,dann_lambda_0.1,71,15.765629,0.20246029,False
14598158743120574339,Pristine SCW Biochar,IBU,16.56583978,dann_lambda_0.1,71,16.38432,0.18152046,False
12552377453823545695,Pristine SCW Biochar,IBU,17.10001985,dann_lambda_0.1,71,17.00984,0.09017944,False
15269897442523904645,Pristine SCW Biochar,IBU,15.62815373,dann_lambda_0.1,71,17.256523,1.6283693,False
14527147495807567373,Pristine SCW Biochar,NPX,17.10889887,dann_lambda_0.1,71,15.002121,2.1067772,True
18242488890160064085,Pristine SCW Biochar,NPX,18.50934797,dann_lambda_0.1,71,17.741669,0.7676792,True
9217257676294177556,Pristine SCW Biochar,DCF,18.40713328,dann_lambda_0.1,71,16.915236,1.4918976,True
6194712352110633020,Pristine SCW Biochar,DCF,20.02057158,dann_lambda_0.1,71,13.774956,6.245615,True
7086304982263032628,Pristine SCW Biochar,IBU,19.90873317,dann_lambda_0.1,71,16.226692,3.6820412,True
870809365627718684,Pristine SCW Biochar,IBU,21.2613338,dann_lambda_0.1,71,13.35614,7.9051933,True
11463466362237138402,NaOH-activated SCW biochars,NXP,0.0,dann_lambda_0.1,71,155.0431,155.0431,True
12429355053059418026,NaOH-activated SCW biochars,NXP,90.16372742,dann_lambda_0.1,71,156.59229,66.42856,True
14609237521165358149,NaOH-activated SCW biochars,NXP,104.2284102,dann_lambda_0.1,71,158.13023,53.901825,True
446328556523201111,NaOH-activated SCW biochars,NXP,130.9519993,dann_lambda_0.1,71,161.27287,30.320877,True
1551655804826946544,NaOH-activated SCW biochars,NXP,153.5606127,dann_lambda_0.1,71,167.90837,14.347763,True
12674212456835948851,NaOH-activated SCW biochars,NXP,166.7371919,dann_lambda_0.1,71,181.05923,14.322037,True
12588539707960640012,NaOH-activated SCW biochars,NXP,174.3891721,dann_lambda_0.1,71,192.11737,17.728195,True
3988610212697559040,NaOH-activated SCW biochars,NXP,174.0987509,dann_lambda_0.1,71,197.28568,23.18692,True
10547200906881874672,NaOH-activated SCW biochars,NXP,179.92426765,dann_lambda_0.1,71,192.35786,12.433594,True
4097433552957510200,NaOH-activated SCW biochars,DCF,0.0,dann_lambda_0.1,71,89.15047,89.15047,True
8973503642251044448,NaOH-activated SCW biochars,DCF,48.76561963,dann_lambda_0.1,71,89.726006,40.960384,True
8132899750145070855,NaOH-activated SCW biochars,DCF,60.68388993,dann_lambda_0.1,71,90.23848,29.554588,True
10455380725152883637,NaOH-activated SCW biochars,DCF,73.87287411,dann_lambda_0.1,71,91.160645,17.287773,True
3249913649156960858,NaOH-activated SCW biochars,DCF,82.2331982,dann_lambda_0.1,71,92.76982,10.536621,True
2892051548520492425,NaOH-activated SCW biochars,DCF,81.93930885,dann_lambda_0.1,71,95.26082,13.32151,True
13926868731529471070,NaOH-activated SCW biochars,DCF,82.83055081,dann_lambda_0.1,71,97.2202,14.389648,True
6280546985017538186,NaOH-activated SCW biochars,DCF,82.6411851,dann_lambda_0.1,71,97.781586,15.140404,True
14802185984964681562,NaOH-activated SCW biochars,DCF,77.22438452,dann_lambda_0.1,71,93.36786,16.14347,True
18031951279925841496,NaOH-activated SCW biochars,IBU,0.0,dann_lambda_0.1,71,63.499226,63.499226,True
7439356660872997760,NaOH-activated SCW biochars,IBU,38.20195295,dann_lambda_0.1,71,63.56138,25.359425,True
3280576637481085735,NaOH-activated SCW biochars,IBU,49.12704629,dann_lambda_0.1,71,63.829052,14.702007,True
2475666081309423509,NaOH-activated SCW biochars,IBU,62.99284614,dann_lambda_0.1,71,64.37775,1.3848991,True
7140885989460122234,NaOH-activated SCW biochars,IBU,65.00045691,dann_lambda_0.1,71,65.423584,0.42312622,True
5352559836577404585,NaOH-activated SCW biochars,IBU,65.18409441,dann_lambda_0.1,71,67.751816,2.5677185,True
271021551376951870,NaOH-activated SCW biochars,IBU,65.30178063,dann_lambda_0.1,71,68.96792,3.6661377,True
4601601497501002282,NaOH-activated SCW biochars,IBU,65.65806376,dann_lambda_0.1,71,70.33009,4.6720276,True
14131146040637425530,NaOH-activated SCW biochars,IBU,65.65332219000001,dann_lambda_0.1,71,72.791534,7.138214,True
16405048272212825666,NaOH-activated SCW biochars,NXP,64.8903021,dann_lambda_0.1,71,61.499287,3.391018,True
13765390047063166502,NaOH-activated SCW biochars,NXP,126.0338032,dann_lambda_0.1,71,131.09016,5.0563583,True
3540536502839737235,NaOH-activated SCW biochars,NXP,225.3867619,dann_lambda_0.1,71,218.16324,7.223526,True
10087744159834544517,NaOH-activated SCW biochars,NXP,253.7893399,dann_lambda_0.1,71,212.76418,41.02516,True
14731060229230471192,NaOH-activated SCW biochars,DCF,54.75327727,dann_lambda_0.1,71,59.22209,4.468815,True
5541933350374393212,NaOH-activated SCW biochars,DCF,77.09472432,dann_lambda_0.1,71,78.379486,1.2847595,True
12615432238208671005,NaOH-activated SCW biochars,DCF,92.0230423,dann_lambda_0.1,71,104.31587,12.292831,True
10427946335696234203,NaOH-activated SCW biochars,DCF,95.69277177,dann_lambda_0.1,71,106.02644,10.333672,True
6260261985190404920,NaOH-activated SCW biochars,IBU,52.90707681,dann_lambda_0.1,71,44.44658,8.460499,True
599381209477399324,NaOH-activated SCW biochars,IBU,66.76808811,dann_lambda_0.1,71,63.960438,2.8076515,True
3926410718330234365,NaOH-activated SCW biochars,IBU,70.35687624,dann_lambda_0.1,71,78.43544,8.0785675,True
3396071663462261947,NaOH-activated SCW biochars,IBU,73.29670399,dann_lambda_0.1,71,77.458916,4.1622086,True
12143757583447324994,NaOH-activated SCW biochars,NPX,190.595886,dann_lambda_0.1,71,194.81636,4.2204742,True
7070640037739440319,NaOH-activated SCW biochars,NPX,172.0266924,dann_lambda_0.1,71,191.60295,19.576263,True
852043111923116922,NaOH-activated SCW biochars,NPX,152.656609,dann_lambda_0.1,71,172.29256,19.63594,True
15261173828235182569,NaOH-activated SCW biochars,NPX,145.3785096,dann_lambda_0.1,71,130.10661,15.271896,True
18018378148491117671,NaOH-activated SCW biochars,DCF,96.67411867,dann_lambda_0.1,71,117.64511,20.970993,True
1787412344397427871,NaOH-activated SCW biochars,DCF,62.75924066,dann_lambda_0.1,71,90.29097,27.53173,True
17454219733314565792,NaOH-activated SCW biochars,DCF,51.973701,dann_lambda_0.1,71,79.249664,27.275963,True
1502419750140885639,NaOH-activated SCW biochars,IBU,94.31416328,dann_lambda_0.1,71,106.945,12.6308365,True
15807910494372115647,NaOH-activated SCW biochars,IBU,50.22163876,dann_lambda_0.1,71,62.49387,12.272232,True
8791253579198486592,NaOH-activated SCW biochars,IBU,38.06104336,dann_lambda_0.1,71,62.54261,24.481567,True
665404155957715216,NaOH-activated SCW biochars,NPX,177.1620054,dann_lambda_0.1,71,195.44191,18.279907,True
6827103232613768791,NaOH-activated SCW biochars,NPX,179.105641,dann_lambda_0.1,71,195.37723,16.271591,True
18203435778758194360,NaOH-activated SCW biochars,NPX,186.0584129,dann_lambda_0.1,71,194.89854,8.840134,True
5759522579916954172,NaOH-activated SCW biochars,NPX,181.2017167,dann_lambda_0.1,71,195.12764,13.925919,True
664633524360232258,NaOH-activated SCW biochars,NPX,182.9370612,dann_lambda_0.1,71,192.06409,9.127029,True
13641899622687088449,NaOH-activated SCW biochars,DCF,76.95847226,dann_lambda_0.1,71,96.19768,19.239204,False
9393633767651503122,NaOH-activated SCW biochars,DCF,83.56161718499999,dann_lambda_0.1,71,98.244705,14.68309,False
5981541925235720617,NaOH-activated SCW biochars,DCF,85.17762947,dann_lambda_0.1,71,99.6635,14.48587,False
6023530469711918669,NaOH-activated SCW biochars,DCF,80.57171083,dann_lambda_0.1,71,100.69298,20.12127,False
532790910543730727,NaOH-activated SCW biochars,DCF,79.58071398,dann_lambda_0.1,71,99.56163,19.980919,False
12079174347632602273,NaOH-activated SCW biochars,IBU,69.72658596,dann_lambda_0.1,71,72.77596,3.0493774,False
3049006844620542258,NaOH-activated SCW biochars,IBU,73.17741615,dann_lambda_0.1,71,75.602875,2.4254608,False
4855520275444175689,NaOH-activated SCW biochars,IBU,75.69155256,dann_lambda_0.1,71,78.88723,3.1956787,False
5514219354175734125,NaOH-activated SCW biochars,IBU,76.30216313,dann_lambda_0.1,71,81.44754,5.145378,False
7156357989100352967,NaOH-activated SCW biochars,IBU,71.70044321,dann_lambda_0.1,71,81.77574,10.075302,False
6812290224175752247,NaOH-activated SCW biochars,NPX,167.0779885,dann_lambda_0.1,71,180.78975,13.711761,True
9153488855957792255,NaOH-activated SCW biochars,NPX,181.832546,dann_lambda_0.1,71,187.78596,5.953415,True
12341295020867722114,NaOH-activated SCW biochars,DCF,72.89459636,dann_lambda_0.1,71,79.99495,7.1003494,True
8138945238617595290,NaOH-activated SCW biochars,DCF,87.78495046,dann_lambda_0.1,71,109.54527,21.760323,True
95817833491593826,NaOH-activated SCW biochars,IBU,57.641649,dann_lambda_0.1,71,61.69182,4.050171,True
12299775327561621562,NaOH-activated SCW biochars,IBU,69.79127526,dann_lambda_0.1,71,86.34449,16.553215,True
17053035532018455372,Pristine SCW Biochar,NXP,0.0,dann_lambda_0.5,11,8.876495,8.876495,True
17098923533429936836,Pristine SCW Biochar,NXP,14.44646584,dann_lambda_0.5,11,8.996307,5.450158,True
13215046423171528219,Pristine SCW Biochar,NXP,15.62173129,dann_lambda_0.5,11,9.115494,6.506238,True
16825237191054845665,Pristine SCW Biochar,NXP,16.88164032,dann_lambda_0.5,11,9.384537,7.4971027,True
6982030516250217062,Pristine SCW Biochar,NXP,17.00858908,dann_lambda_0.5,11,9.993412,7.015177,True
2755595898843553677,Pristine SCW Biochar,NXP,17.4625326,dann_lambda_0.5,11,10.887581,6.574951,True
12146535126227506594,Pristine SCW Biochar,NXP,17.54960963,dann_lambda_0.5,11,11.955505,5.594105,True
2569984335539275158,Pristine SCW Biochar,NXP,17.71590352,dann_lambda_0.5,11,13.040287,4.675617,True
6648755328613141350,Pristine SCW Biochar,NXP,16.30019973,dann_lambda_0.5,11,13.5934105,2.706789,True
1214539223634647286,Pristine SCW Biochar,DCF,0.0,dann_lambda_0.5,11,10.940937,10.940937,True
335119549853506142,Pristine SCW Biochar,DCF,16.15534017,dann_lambda_0.5,11,11.053146,5.102194,True
13581708233989788697,Pristine SCW Biochar,DCF,17.94998036,dann_lambda_0.5,11,11.156944,6.7930355,True
4071952786420779155,Pristine SCW Biochar,DCF,18.6868745,dann_lambda_0.5,11,11.331894,7.3549805,True
16575937784576867068,Pristine SCW Biochar,DCF,19.22913671,dann_lambda_0.5,11,11.583733,7.645405,True
16662543744214429559,Pristine SCW Biochar,DCF,19.16432581,dann_lambda_0.5,11,12.012791,7.151535,True
1002991668870794336,Pristine SCW Biochar,DCF,19.8012145,dann_lambda_0.5,11,12.589352,7.2118626,True
3713179060534583340,Pristine SCW Biochar,DCF,20.25228212,dann_lambda_0.5,11,13.148518,7.1037636,True
329814341262190588,Pristine SCW Biochar,DCF,19.121072145,dann_lambda_0.5,11,13.913784,5.2072887,True
2051404940871207638,Pristine SCW Biochar,IBU,0.0,dann_lambda_0.5,11,8.301014,8.301014,True
10658327680642255806,Pristine SCW Biochar,IBU,16.89988512,dann_lambda_0.5,11,8.436813,8.463072,True
3790332834202311929,Pristine SCW Biochar,IBU,18.17632699,dann_lambda_0.5,11,8.574604,9.601723,True
10796766321469813683,Pristine SCW Biochar,IBU,19.26992768,dann_lambda_0.5,11,8.85611,10.413818,True
17200286515181460444,Pristine SCW Biochar,IBU,19.78484896,dann_lambda_0.5,11,9.2671585,10.517691,True
11008431144893168087,Pristine SCW Biochar,IBU,19.78377849,dann_lambda_0.5,11,9.863705,9.920074,True
18432371715842126336,Pristine SCW Biochar,IBU,20.67835043,dann_lambda_0.5,11,10.403816,10.274534,True
8910712751277851660,Pristine SCW Biochar,IBU,20.66529595,dann_lambda_0.5,11,10.65554,10.009756,True
16737703975485143772,Pristine SCW Biochar,IBU,20.025033185,dann_lambda_0.5,11,11.238266,8.786768,True
5976292064867976036,Pristine SCW Biochar,NXP,8.513560872,dann_lambda_0.5,11,8.468018,0.04554367,False
16638446263550319536,Pristine SCW Biochar,NXP,10.18427058,dann_lambda_0.5,11,10.686958,0.50268745,False
14247326399820608681,Pristine SCW Biochar,NXP,23.66355817,dann_lambda_0.5,11,17.277914,6.385645,False
3626679836655073239,Pristine SCW Biochar,NXP,32.83624096,dann_lambda_0.5,11,20.004255,12.831987,False
1938230782418544334,Pristine SCW Biochar,DCF,6.910849115,dann_lambda_0.5,11,10.630508,3.7196593,False
17509084134776967386,Pristine SCW Biochar,DCF,11.94615928,dann_lambda_0.5,11,12.978992,1.0328331,False
9214597997492623055,Pristine SCW Biochar,DCF,21.51003422,dann_lambda_0.5,11,14.12318,7.386854,False
15613626881432330545,Pristine SCW Biochar,DCF,32.55652461,dann_lambda_0.5,11,15.263142,17.293385,False
1249904749956654510,Pristine SCW Biochar,IBU,10.935518415,dann_lambda_0.5,11,8.491142,2.444376,False
9750239826985509562,Pristine SCW Biochar,IBU,13.35058334,dann_lambda_0.5,11,10.750626,2.5999575,False
12415649059408947823,Pristine SCW Biochar,IBU,23.23297655,dann_lambda_0.5,11,11.238182,11.994795,False
493397566369541585,Pristine SCW Biochar,IBU,33.23850263,dann_lambda_0.5,11,13.008251,20.230251,False
2431818629244494460,Pristine SCW Biochar,NPX,21.49577512,dann_lambda_0.5,11,17.988235,3.5075397,True
14632511503543224213,Pristine SCW Biochar,NPX,18.26438455,dann_lambda_0.5,11,14.557941,3.7064438,True
10158343563720824836,Pristine SCW Biochar,NPX,17.26357285,dann_lambda_0.5,11,15.96479,1.2987823,True
8860467251718062619,Pristine SCW Biochar,NPX,16.13579508,dann_lambda_0.5,11,17.015713,0.87991714,True
7708639079549094677,Pristine SCW Biochar,DCF,21.75317842,dann_lambda_0.5,11,16.837624,4.915554,True
15693684484887973741,Pristine SCW Biochar,DCF,19.16141715,dann_lambda_0.5,11,11.357765,7.803652,True
12068268132093545302,Pristine SCW Biochar,DCF,17.98311701,dann_lambda_0.5,11,13.89666,4.0864563,True
3805779553248948725,Pristine SCW Biochar,IBU,22.89928752,dann_lambda_0.5,11,15.558994,7.340294,True
8203542750957706445,Pristine SCW Biochar,IBU,18.5045802,dann_lambda_0.5,11,9.460484,9.044096,True
8619013912121469110,Pristine SCW Biochar,IBU,17.26124304,dann_lambda_0.5,11,11.21389,6.0473537,True
16755461862370840366,Pristine SCW Biochar,NPX,18.38244058,dann_lambda_0.5,11,14.1961975,4.186243,True
6288762701156006317,Pristine SCW Biochar,NPX,17.29507799,dann_lambda_0.5,11,14.615063,2.6800156,True
2461942620734296822,Pristine SCW Biochar,NPX,18.3312792,dann_lambda_0.5,11,15.779175,2.552105,True
14915493390938448242,Pristine SCW Biochar,NPX,17.59235683,dann_lambda_0.5,11,17.528028,0.06432915,True
14561758705567463404,Pristine SCW Biochar,NPX,16.04739171,dann_lambda_0.5,11,18.876013,2.828621,True
4659234226800065611,Pristine SCW Biochar,DCF,16.653938,dann_lambda_0.5,11,14.327827,2.3261108,False
11469103634136059972,Pristine SCW Biochar,DCF,16.3975333,dann_lambda_0.5,11,14.524139,1.873394,False
13255282744427241635,Pristine SCW Biochar,DCF,16.61566462,dann_lambda_0.5,11,14.156452,2.4592133,False
2813337390772277759,Pristine SCW Biochar,DCF,16.02054824,dann_lambda_0.5,11,13.977821,2.0427265,False
12147411485588615077,Pristine SCW Biochar,DCF,16.12257134,dann_lambda_0.5,11,13.9459,2.176672,False
3619321008973724267,Pristine SCW Biochar,IBU,16.58306542,dann_lambda_0.5,11,11.332649,5.250416,False
6767561828512103332,Pristine SCW Biochar,IBU,15.96808891,dann_lambda_0.5,11,11.939274,4.0288153,False
14598158743120574339,Pristine SCW Biochar,IBU,16.56583978,dann_lambda_0.5,11,12.515789,4.0500507,False
12552377453823545695,Pristine SCW Biochar,IBU,17.10001985,dann_lambda_0.5,11,12.508362,4.5916576,False
15269897442523904645,Pristine SCW Biochar,IBU,15.62815373,dann_lambda_0.5,11,12.10751,3.5206442,False
14527147495807567373,Pristine SCW Biochar,NPX,17.10889887,dann_lambda_0.5,11,13.683788,3.4251099,True
18242488890160064085,Pristine SCW Biochar,NPX,18.50934797,dann_lambda_0.5,11,17.702818,0.80653,True
9217257676294177556,Pristine SCW Biochar,DCF,18.40713328,dann_lambda_0.5,11,12.648811,5.758322,True
6194712352110633020,Pristine SCW Biochar,DCF,20.02057158,dann_lambda_0.5,11,15.5240135,4.496557,True
7086304982263032628,Pristine SCW Biochar,IBU,19.90873317,dann_lambda_0.5,11,10.230938,9.677795,True
870809365627718684,Pristine SCW Biochar,IBU,21.2613338,dann_lambda_0.5,11,13.638153,7.6231804,True
11463466362237138402,NaOH-activated SCW biochars,NXP,0.0,dann_lambda_0.5,11,154.54437,154.54437,True
12429355053059418026,NaOH-activated SCW biochars,NXP,90.16372742,dann_lambda_0.5,11,157.04259,66.87886,True
14609237521165358149,NaOH-activated SCW biochars,NXP,104.2284102,dann_lambda_0.5,11,159.54779,55.31938,True
446328556523201111,NaOH-activated SCW biochars,NXP,130.9519993,dann_lambda_0.5,11,164.46593,33.51393,True
1551655804826946544,NaOH-activated SCW biochars,NXP,153.5606127,dann_lambda_0.5,11,173.67514,20.114532,True
12674212456835948851,NaOH-activated SCW biochars,NXP,166.7371919,dann_lambda_0.5,11,185.98149,19.244293,True
12588539707960640012,NaOH-activated SCW biochars,NXP,174.3891721,dann_lambda_0.5,11,192.43733,18.048157,True
3988610212697559040,NaOH-activated SCW biochars,NXP,174.0987509,dann_lambda_0.5,11,195.94019,21.84143,True
10547200906881874672,NaOH-activated SCW biochars,NXP,179.92426765,dann_lambda_0.5,11,188.56807,8.643799,True
4097433552957510200,NaOH-activated SCW biochars,DCF,0.0,dann_lambda_0.5,11,83.29819,83.29819,True
8973503642251044448,NaOH-activated SCW biochars,DCF,48.76561963,dann_lambda_0.5,11,83.62669,34.861073,True
8132899750145070855,NaOH-activated SCW biochars,DCF,60.68388993,dann_lambda_0.5,11,83.952126,23.268234,True
10455380725152883637,NaOH-activated SCW biochars,DCF,73.87287411,dann_lambda_0.5,11,84.630516,10.757645,True
3249913649156960858,NaOH-activated SCW biochars,DCF,82.2331982,dann_lambda_0.5,11,86.12687,3.8936691,True
2892051548520492425,NaOH-activated SCW biochars,DCF,81.93930885,dann_lambda_0.5,11,89.23694,7.2976303,True
13926868731529471070,NaOH-activated SCW biochars,DCF,82.83055081,dann_lambda_0.5,11,90.89688,8.06633,True
6280546985017538186,NaOH-activated SCW biochars,DCF,82.6411851,dann_lambda_0.5,11,91.53188,8.890701,True
14802185984964681562,NaOH-activated SCW biochars,DCF,77.22438452,dann_lambda_0.5,11,89.197464,11.973076,True
18031951279925841496,NaOH-activated SCW biochars,IBU,0.0,dann_lambda_0.5,11,66.151794,66.151794,True
7439356660872997760,NaOH-activated SCW biochars,IBU,38.20195295,dann_lambda_0.5,11,66.945145,28.74319,True
3280576637481085735,NaOH-activated SCW biochars,IBU,49.12704629,dann_lambda_0.5,11,67.70653,18.579483,True
2475666081309423509,NaOH-activated SCW biochars,IBU,62.99284614,dann_lambda_0.5,11,69.24009,6.247242,True
7140885989460122234,NaOH-activated SCW biochars,IBU,65.00045691,dann_lambda_0.5,11,72.34205,7.341591,True
5352559836577404585,NaOH-activated SCW biochars,IBU,65.18409441,dann_lambda_0.5,11,77.37471,12.190613,True
271021551376951870,NaOH-activated SCW biochars,IBU,65.30178063,dann_lambda_0.5,11,78.98219,13.680412,True
4601601497501002282,NaOH-activated SCW biochars,IBU,65.65806376,dann_lambda_0.5,11,80.14278,14.484711,True
14131146040637425530,NaOH-activated SCW biochars,IBU,65.65332219000001,dann_lambda_0.5,11,81.46821,15.814888,True
16405048272212825666,NaOH-activated SCW biochars,NXP,64.8903021,dann_lambda_0.5,11,74.67201,9.781708,True
13765390047063166502,NaOH-activated SCW biochars,NXP,126.0338032,dann_lambda_0.5,11,138.53299,12.499184,True
3540536502839737235,NaOH-activated SCW biochars,NXP,225.3867619,dann_lambda_0.5,11,205.87857,19.508194,True
10087744159834544517,NaOH-activated SCW biochars,NXP,253.7893399,dann_lambda_0.5,11,200.20299,53.58635,True
14731060229230471192,NaOH-activated SCW biochars,DCF,54.75327727,dann_lambda_0.5,11,62.65181,7.898533,True
5541933350374393212,NaOH-activated SCW biochars,DCF,77.09472432,dann_lambda_0.5,11,80.66809,3.5733643,True
12615432238208671005,NaOH-activated SCW biochars,DCF,92.0230423,dann_lambda_0.5,11,92.468445,0.44540405,True
10427946335696234203,NaOH-activated SCW biochars,DCF,95.69277177,dann_lambda_0.5,11,96.09236,0.39958954,True
6260261985190404920,NaOH-activated SCW biochars,IBU,52.90707681,dann_lambda_0.5,11,52.930412,0.023334503,True
599381209477399324,NaOH-activated SCW biochars,IBU,66.76808811,dann_lambda_0.5,11,72.03613,5.2680435,True
3926410718330234365,NaOH-activated SCW biochars,IBU,70.35687624,dann_lambda_0.5,11,80.07985,9.722977,True
3396071663462261947,NaOH-activated SCW biochars,IBU,73.29670399,dann_lambda_0.5,11,79.1006,5.803894,True
12143757583447324994,NaOH-activated SCW biochars,NPX,190.595886,dann_lambda_0.5,11,196.01074,5.414856,True
7070640037739440319,NaOH-activated SCW biochars,NPX,172.0266924,dann_lambda_0.5,11,190.74828,18.721588,True
852043111923116922,NaOH-activated SCW biochars,NPX,152.656609,dann_lambda_0.5,11,180.94118,28.284561,True
15261173828235182569,NaOH-activated SCW biochars,NPX,145.3785096,dann_lambda_0.5,11,135.17955,10.198959,True
18018378148491117671,NaOH-activated SCW biochars,DCF,96.67411867,dann_lambda_0.5,11,113.334366,16.660248,True
1787412344397427871,NaOH-activated SCW biochars,DCF,62.75924066,dann_lambda_0.5,11,79.630104,16.870865,True
17454219733314565792,NaOH-activated SCW biochars,DCF,51.973701,dann_lambda_0.5,11,80.82932,28.855621,True
1502419750140885639,NaOH-activated SCW biochars,IBU,94.31416328,dann_lambda_0.5,11,109.6263,15.312134,True
15807910494372115647,NaOH-activated SCW biochars,IBU,50.22163876,dann_lambda_0.5,11,67.96613,17.744495,True
8791253579198486592,NaOH-activated SCW biochars,IBU,38.06104336,dann_lambda_0.5,11,71.554504,33.49346,True
665404155957715216,NaOH-activated SCW biochars,NPX,177.1620054,dann_lambda_0.5,11,194.37405,17.212051,True
6827103232613768791,NaOH-activated SCW biochars,NPX,179.105641,dann_lambda_0.5,11,197.31346,18.207825,True
18203435778758194360,NaOH-activated SCW biochars,NPX,186.0584129,dann_lambda_0.5,11,197.56602,11.507614,True
5759522579916954172,NaOH-activated SCW biochars,NPX,181.2017167,dann_lambda_0.5,11,194.41042,13.208694,True
664633524360232258,NaOH-activated SCW biochars,NPX,182.9370612,dann_lambda_0.5,11,190.48642,7.549362,True
13641899622687088449,NaOH-activated SCW biochars,DCF,76.95847226,dann_lambda_0.5,11,89.28863,12.330154,False
9393633767651503122,NaOH-activated SCW biochars,DCF,83.56161718499999,dann_lambda_0.5,11,89.489624,5.928009,False
5981541925235720617,NaOH-activated SCW biochars,DCF,85.17762947,dann_lambda_0.5,11,90.5805,5.40287,False
6023530469711918669,NaOH-activated SCW biochars,DCF,80.57171083,dann_lambda_0.5,11,92.88379,12.31208,False
532790910543730727,NaOH-activated SCW biochars,DCF,79.58071398,dann_lambda_0.5,11,98.129486,18.548775,False
12079174347632602273,NaOH-activated SCW biochars,IBU,69.72658596,dann_lambda_0.5,11,82.611694,12.885109,False
3049006844620542258,NaOH-activated SCW biochars,IBU,73.17741615,dann_lambda_0.5,11,83.03061,9.853195,False
4855520275444175689,NaOH-activated SCW biochars,IBU,75.69155256,dann_lambda_0.5,11,83.78699,8.095436,False
5514219354175734125,NaOH-activated SCW biochars,IBU,76.30216313,dann_lambda_0.5,11,85.56961,9.267448,False
7156357989100352967,NaOH-activated SCW biochars,IBU,71.70044321,dann_lambda_0.5,11,89.56956,17.869118,False
6812290224175752247,NaOH-activated SCW biochars,NPX,167.0779885,dann_lambda_0.5,11,180.21123,13.13324,True
9153488855957792255,NaOH-activated SCW biochars,NPX,181.832546,dann_lambda_0.5,11,193.09103,11.258484,True
12341295020867722114,NaOH-activated SCW biochars,DCF,72.89459636,dann_lambda_0.5,11,73.8934,0.9988022,True
8138945238617595290,NaOH-activated SCW biochars,DCF,87.78495046,dann_lambda_0.5,11,101.24791,13.462959,True
95817833491593826,NaOH-activated SCW biochars,IBU,57.641649,dann_lambda_0.5,11,67.19394,9.552292,True
12299775327561621562,NaOH-activated SCW biochars,IBU,69.79127526,dann_lambda_0.5,11,97.71106,27.919785,True
17053035532018455372,Pristine SCW Biochar,NXP,0.0,dann_lambda_0.5,23,15.886848,15.886848,True
17098923533429936836,Pristine SCW Biochar,NXP,14.44646584,dann_lambda_0.5,23,15.984982,1.538516,True
13215046423171528219,Pristine SCW Biochar,NXP,15.62173129,dann_lambda_0.5,23,16.085724,0.46399212,True
16825237191054845665,Pristine SCW Biochar,NXP,16.88164032,dann_lambda_0.5,23,16.295235,0.5864048,True
6982030516250217062,Pristine SCW Biochar,NXP,17.00858908,dann_lambda_0.5,23,17.011454,0.0028648376,True
2755595898843553677,Pristine SCW Biochar,NXP,17.4625326,dann_lambda_0.5,23,18.17273,0.71019745,True
12146535126227506594,Pristine SCW Biochar,NXP,17.54960963,dann_lambda_0.5,23,18.380102,0.830492,True
2569984335539275158,Pristine SCW Biochar,NXP,17.71590352,dann_lambda_0.5,23,18.707434,0.99152946,True
6648755328613141350,Pristine SCW Biochar,NXP,16.30019973,dann_lambda_0.5,23,18.711935,2.4117355,True
1214539223634647286,Pristine SCW Biochar,DCF,0.0,dann_lambda_0.5,23,16.647886,16.647886,True
335119549853506142,Pristine SCW Biochar,DCF,16.15534017,dann_lambda_0.5,23,16.607416,0.45207596,True
13581708233989788697,Pristine SCW Biochar,DCF,17.94998036,dann_lambda_0.5,23,16.62791,1.3220692,True
4071952786420779155,Pristine SCW Biochar,DCF,18.6868745,dann_lambda_0.5,23,16.715403,1.9714718,True
16575937784576867068,Pristine SCW Biochar,DCF,19.22913671,dann_lambda_0.5,23,16.92647,2.3026676,True
16662543744214429559,Pristine SCW Biochar,DCF,19.16432581,dann_lambda_0.5,23,17.333628,1.830698,True
1002991668870794336,Pristine SCW Biochar,DCF,19.8012145,dann_lambda_0.5,23,17.646599,2.1546154,True
3713179060534583340,Pristine SCW Biochar,DCF,20.25228212,dann_lambda_0.5,23,17.842354,2.4099274,True
329814341262190588,Pristine SCW Biochar,DCF,19.121072145,dann_lambda_0.5,23,16.468159,2.652914,True
2051404940871207638,Pristine SCW Biochar,IBU,0.0,dann_lambda_0.5,23,16.303596,16.303596,True
10658327680642255806,Pristine SCW Biochar,IBU,16.89988512,dann_lambda_0.5,23,16.37389,0.52599525,True
3790332834202311929,Pristine SCW Biochar,IBU,18.17632699,dann_lambda_0.5,23,16.443382,1.7329445,True
10796766321469813683,Pristine SCW Biochar,IBU,19.26992768,dann_lambda_0.5,23,16.58405,2.6858788,True
17200286515181460444,Pristine SCW Biochar,IBU,19.78484896,dann_lambda_0.5,23,16.884666,2.9001827,True
11008431144893168087,Pristine SCW Biochar,IBU,19.78377849,dann_lambda_0.5,23,17.461704,2.322075,True
18432371715842126336,Pristine SCW Biochar,IBU,20.67835043,dann_lambda_0.5,23,17.205408,3.4729424,True
8910712751277851660,Pristine SCW Biochar,IBU,20.66529595,dann_lambda_0.5,23,17.219868,3.4454288,True
16737703975485143772,Pristine SCW Biochar,IBU,20.025033185,dann_lambda_0.5,23,16.578876,3.4461575,True
5976292064867976036,Pristine SCW Biochar,NXP,8.513560872,dann_lambda_0.5,23,2.1059952,6.407566,False
16638446263550319536,Pristine SCW Biochar,NXP,10.18427058,dann_lambda_0.5,23,8.181679,2.002592,False
14247326399820608681,Pristine SCW Biochar,NXP,23.66355817,dann_lambda_0.5,23,36.13766,12.474102,False
3626679836655073239,Pristine SCW Biochar,NXP,32.83624096,dann_lambda_0.5,23,60.594406,27.758163,False
1938230782418544334,Pristine SCW Biochar,DCF,6.910849115,dann_lambda_0.5,23,2.0447998,4.8660493,False
17509084134776967386,Pristine SCW Biochar,DCF,11.94615928,dann_lambda_0.5,23,7.2940254,4.652134,False
9214597997492623055,Pristine SCW Biochar,DCF,21.51003422,dann_lambda_0.5,23,28.699112,7.1890774,False
15613626881432330545,Pristine SCW Biochar,DCF,32.55652461,dann_lambda_0.5,23,43.771294,11.214767,False
1249904749956654510,Pristine SCW Biochar,IBU,10.935518415,dann_lambda_0.5,23,2.4238548,8.511663,False
9750239826985509562,Pristine SCW Biochar,IBU,13.35058334,dann_lambda_0.5,23,6.2431717,7.1074114,False
12415649059408947823,Pristine SCW Biochar,IBU,23.23297655,dann_lambda_0.5,23,27.869322,4.636345,False
493397566369541585,Pristine SCW Biochar,IBU,33.23850263,dann_lambda_0.5,23,39.102222,5.86372,False
2431818629244494460,Pristine SCW Biochar,NPX,21.49577512,dann_lambda_0.5,23,18.50831,2.987465,True
14632511503543224213,Pristine SCW Biochar,NPX,18.26438455,dann_lambda_0.5,23,15.6622505,2.6021347,True
10158343563720824836,Pristine SCW Biochar,NPX,17.26357285,dann_lambda_0.5,23,16.93377,0.32980347,True
8860467251718062619,Pristine SCW Biochar,NPX,16.13579508,dann_lambda_0.5,23,15.455437,0.6803589,True
7708639079549094677,Pristine SCW Biochar,DCF,21.75317842,dann_lambda_0.5,23,17.231586,4.521591,True
15693684484887973741,Pristine SCW Biochar,DCF,19.16141715,dann_lambda_0.5,23,14.913628,4.2477894,True
12068268132093545302,Pristine SCW Biochar,DCF,17.98311701,dann_lambda_0.5,23,15.581486,2.4016304,True
3805779553248948725,Pristine SCW Biochar,IBU,22.89928752,dann_lambda_0.5,23,18.706472,4.192816,True
8203542750957706445,Pristine SCW Biochar,IBU,18.5045802,dann_lambda_0.5,23,13.916206,4.588373,True
8619013912121469110,Pristine SCW Biochar,IBU,17.26124304,dann_lambda_0.5,23,13.914993,3.3462505,True
16755461862370840366,Pristine SCW Biochar,NPX,18.38244058,dann_lambda_0.5,23,16.088142,2.2942982,True
6288762701156006317,Pristine SCW Biochar,NPX,17.29507799,dann_lambda_0.5,23,16.768806,0.5262718,True
2461942620734296822,Pristine SCW Biochar,NPX,18.3312792,dann_lambda_0.5,23,17.140041,1.1912384,True
14915493390938448242,Pristine SCW Biochar,NPX,17.59235683,dann_lambda_0.5,23,17.579763,0.012594223,True
14561758705567463404,Pristine SCW Biochar,NPX,16.04739171,dann_lambda_0.5,23,18.37258,2.3251877,True
4659234226800065611,Pristine SCW Biochar,DCF,16.653938,dann_lambda_0.5,23,16.826677,0.17273903,False
11469103634136059972,Pristine SCW Biochar,DCF,16.3975333,dann_lambda_0.5,23,17.291286,0.89375305,False
13255282744427241635,Pristine SCW Biochar,DCF,16.61566462,dann_lambda_0.5,23,17.074501,0.4588356,False
2813337390772277759,Pristine SCW Biochar,DCF,16.02054824,dann_lambda_0.5,23,16.420906,0.4003582,False
12147411485588615077,Pristine SCW Biochar,DCF,16.12257134,dann_lambda_0.5,23,15.169567,0.95300484,False
3619321008973724267,Pristine SCW Biochar,IBU,16.58306542,dann_lambda_0.5,23,17.010601,0.427536,False
6767561828512103332,Pristine SCW Biochar,IBU,15.96808891,dann_lambda_0.5,23,16.889528,0.9214392,False
14598158743120574339,Pristine SCW Biochar,IBU,16.56583978,dann_lambda_0.5,23,16.158417,0.40742302,False
12552377453823545695,Pristine SCW Biochar,IBU,17.10001985,dann_lambda_0.5,23,15.513775,1.5862446,False
15269897442523904645,Pristine SCW Biochar,IBU,15.62815373,dann_lambda_0.5,23,14.866013,0.7621412,False
14527147495807567373,Pristine SCW Biochar,NPX,17.10889887,dann_lambda_0.5,23,15.916855,1.1920433,True
18242488890160064085,Pristine SCW Biochar,NPX,18.50934797,dann_lambda_0.5,23,15.409557,3.0997906,True
9217257676294177556,Pristine SCW Biochar,DCF,18.40713328,dann_lambda_0.5,23,11.989876,6.4172573,True
6194712352110633020,Pristine SCW Biochar,DCF,20.02057158,dann_lambda_0.5,23,17.31007,2.7105007,True
7086304982263032628,Pristine SCW Biochar,IBU,19.90873317,dann_lambda_0.5,23,13.205051,6.703682,True
870809365627718684,Pristine SCW Biochar,IBU,21.2613338,dann_lambda_0.5,23,16.713205,4.548128,True
11463466362237138402,NaOH-activated SCW biochars,NXP,0.0,dann_lambda_0.5,23,136.38847,136.38847,True
12429355053059418026,NaOH-activated SCW biochars,NXP,90.16372742,dann_lambda_0.5,23,138.89848,48.734756,True
14609237521165358149,NaOH-activated SCW biochars,NXP,104.2284102,dann_lambda_0.5,23,141.44667,37.21826,True
446328556523201111,NaOH-activated SCW biochars,NXP,130.9519993,dann_lambda_0.5,23,146.604,15.652008,True
1551655804826946544,NaOH-activated SCW biochars,NXP,153.5606127,dann_lambda_0.5,23,156.47571,2.9151,True
12674212456835948851,NaOH-activated SCW biochars,NXP,166.7371919,dann_lambda_0.5,23,172.29306,5.5558624,True
12588539707960640012,NaOH-activated SCW biochars,NXP,174.3891721,dann_lambda_0.5,23,186.92032,12.531143,True
3988610212697559040,NaOH-activated SCW biochars,NXP,174.0987509,dann_lambda_0.5,23,197.28166,23.182907,True
10547200906881874672,NaOH-activated SCW biochars,NXP,179.92426765,dann_lambda_0.5,23,200.57916,20.654892,True
4097433552957510200,NaOH-activated SCW biochars,DCF,0.0,dann_lambda_0.5,23,85.66501,85.66501,True
8973503642251044448,NaOH-activated SCW biochars,DCF,48.76561963,dann_lambda_0.5,23,86.12403,37.35841,True
8132899750145070855,NaOH-activated SCW biochars,DCF,60.68388993,dann_lambda_0.5,23,86.52216,25.838272,True
10455380725152883637,NaOH-activated SCW biochars,DCF,73.87287411,dann_lambda_0.5,23,87.239,13.366127,True
3249913649156960858,NaOH-activated SCW biochars,DCF,82.2331982,dann_lambda_0.5,23,88.658325,6.425125,True
2892051548520492425,NaOH-activated SCW biochars,DCF,81.93930885,dann_lambda_0.5,23,91.14871,9.209404,True
13926868731529471070,NaOH-activated SCW biochars,DCF,82.83055081,dann_lambda_0.5,23,92.892105,10.061554,True
6280546985017538186,NaOH-activated SCW biochars,DCF,82.6411851,dann_lambda_0.5,23,94.054565,11.4133835,True
14802185984964681562,NaOH-activated SCW biochars,DCF,77.22438452,dann_lambda_0.5,23,91.52762,14.30323,True
18031951279925841496,NaOH-activated SCW biochars,IBU,0.0,dann_lambda_0.5,23,63.018127,63.018127,True
7439356660872997760,NaOH-activated SCW biochars,IBU,38.20195295,dann_lambda_0.5,23,63.51536,25.313408,True
3280576637481085735,NaOH-activated SCW biochars,IBU,49.12704629,dann_lambda_0.5,23,64.015015,14.88797,True
2475666081309423509,NaOH-activated SCW biochars,IBU,62.99284614,dann_lambda_0.5,23,65.02092,2.0280724,True
7140885989460122234,NaOH-activated SCW biochars,IBU,65.00045691,dann_lambda_0.5,23,66.69164,1.691185,True
5352559836577404585,NaOH-activated SCW biochars,IBU,65.18409441,dann_lambda_0.5,23,68.82971,3.6456146,True
271021551376951870,NaOH-activated SCW biochars,IBU,65.30178063,dann_lambda_0.5,23,70.21443,4.912651,True
4601601497501002282,NaOH-activated SCW biochars,IBU,65.65806376,dann_lambda_0.5,23,71.29261,5.6345444,True
14131146040637425530,NaOH-activated SCW biochars,IBU,65.65332219000001,dann_lambda_0.5,23,71.91742,6.264099,True
16405048272212825666,NaOH-activated SCW biochars,NXP,64.8903021,dann_lambda_0.5,23,71.7523,6.861992,True
13765390047063166502,NaOH-activated SCW biochars,NXP,126.0338032,dann_lambda_0.5,23,138.1666,12.13279,True
3540536502839737235,NaOH-activated SCW biochars,NXP,225.3867619,dann_lambda_0.5,23,218.16225,7.224518,True
10087744159834544517,NaOH-activated SCW biochars,NXP,253.7893399,dann_lambda_0.5,23,205.4332,48.35614,True
14731060229230471192,NaOH-activated SCW biochars,DCF,54.75327727,dann_lambda_0.5,23,67.618805,12.865528,True
5541933350374393212,NaOH-activated SCW biochars,DCF,77.09472432,dann_lambda_0.5,23,80.06246,2.9677353,True
12615432238208671005,NaOH-activated SCW biochars,DCF,92.0230423,dann_lambda_0.5,23,93.66638,1.6433411,True
10427946335696234203,NaOH-activated SCW biochars,DCF,95.69277177,dann_lambda_0.5,23,103.226685,7.5339127,True
6260261985190404920,NaOH-activated SCW biochars,IBU,52.90707681,dann_lambda_0.5,23,58.743626,5.836548,True
599381209477399324,NaOH-activated SCW biochars,IBU,66.76808811,dann_lambda_0.5,23,65.78617,0.98191833,True
3926410718330234365,NaOH-activated SCW biochars,IBU,70.35687624,dann_lambda_0.5,23,70.77301,0.4161377,True
3396071663462261947,NaOH-activated SCW biochars,IBU,73.29670399,dann_lambda_0.5,23,73.478966,0.1822586,True
12143757583447324994,NaOH-activated SCW biochars,NPX,190.595886,dann_lambda_0.5,23,191.4632,0.8673096,True
7070640037739440319,NaOH-activated SCW biochars,NPX,172.0266924,dann_lambda_0.5,23,186.41548,14.388794,True
852043111923116922,NaOH-activated SCW biochars,NPX,152.656609,dann_lambda_0.5,23,172.41682,19.760208,True
15261173828235182569,NaOH-activated SCW biochars,NPX,145.3785096,dann_lambda_0.5,23,145.51355,0.13504028,True
18018378148491117671,NaOH-activated SCW biochars,DCF,96.67411867,dann_lambda_0.5,23,116.025986,19.351868,True
1787412344397427871,NaOH-activated SCW biochars,DCF,62.75924066,dann_lambda_0.5,23,85.73494,22.9757,True
17454219733314565792,NaOH-activated SCW biochars,DCF,51.973701,dann_lambda_0.5,23,82.310394,30.336693,True
1502419750140885639,NaOH-activated SCW biochars,IBU,94.31416328,dann_lambda_0.5,23,101.06774,6.753578,True
15807910494372115647,NaOH-activated SCW biochars,IBU,50.22163876,dann_lambda_0.5,23,65.8457,15.624065,True
8791253579198486592,NaOH-activated SCW biochars,IBU,38.06104336,dann_lambda_0.5,23,57.004105,18.943062,True
665404155957715216,NaOH-activated SCW biochars,NPX,177.1620054,dann_lambda_0.5,23,189.52565,12.363647,True
6827103232613768791,NaOH-activated SCW biochars,NPX,179.105641,dann_lambda_0.5,23,191.62878,12.523148,True
18203435778758194360,NaOH-activated SCW biochars,NPX,186.0584129,dann_lambda_0.5,23,191.74925,5.6908417,True
5759522579916954172,NaOH-activated SCW biochars,NPX,181.2017167,dann_lambda_0.5,23,189.51346,8.311737,True
664633524360232258,NaOH-activated SCW biochars,NPX,182.9370612,dann_lambda_0.5,23,186.37958,3.4425201,True
13641899622687088449,NaOH-activated SCW biochars,DCF,76.95847226,dann_lambda_0.5,23,93.5663,16.607826,False
9393633767651503122,NaOH-activated SCW biochars,DCF,83.56161718499999,dann_lambda_0.5,23,96.53444,12.972824,False
5981541925235720617,NaOH-activated SCW biochars,DCF,85.17762947,dann_lambda_0.5,23,98.029816,12.852188,False
6023530469711918669,NaOH-activated SCW biochars,DCF,80.57171083,dann_lambda_0.5,23,99.78281,19.211098,False
532790910543730727,NaOH-activated SCW biochars,DCF,79.58071398,dann_lambda_0.5,23,100.78906,21.208351,False
12079174347632602273,NaOH-activated SCW biochars,IBU,69.72658596,dann_lambda_0.5,23,76.00633,6.279747,False
3049006844620542258,NaOH-activated SCW biochars,IBU,73.17741615,dann_lambda_0.5,23,79.91873,6.7413177,False
4855520275444175689,NaOH-activated SCW biochars,IBU,75.69155256,dann_lambda_0.5,23,81.25717,5.5656204,False
5514219354175734125,NaOH-activated SCW biochars,IBU,76.30216313,dann_lambda_0.5,23,80.71423,4.412071,False
7156357989100352967,NaOH-activated SCW biochars,IBU,71.70044321,dann_lambda_0.5,23,78.12558,6.4251404,False
6812290224175752247,NaOH-activated SCW biochars,NPX,167.0779885,dann_lambda_0.5,23,173.52208,6.444092,True
9153488855957792255,NaOH-activated SCW biochars,NPX,181.832546,dann_lambda_0.5,23,191.12737,9.294815,True
12341295020867722114,NaOH-activated SCW biochars,DCF,72.89459636,dann_lambda_0.5,23,79.04375,6.149147,True
8138945238617595290,NaOH-activated SCW biochars,DCF,87.78495046,dann_lambda_0.5,23,105.25836,17.473412,True
95817833491593826,NaOH-activated SCW biochars,IBU,57.641649,dann_lambda_0.5,23,62.462257,4.82061,True
12299775327561621562,NaOH-activated SCW biochars,IBU,69.79127526,dann_lambda_0.5,23,79.722565,9.93129,True
17053035532018455372,Pristine SCW Biochar,NXP,0.0,dann_lambda_0.5,37,15.220093,15.220093,True
17098923533429936836,Pristine SCW Biochar,NXP,14.44646584,dann_lambda_0.5,37,15.202522,0.7560568,True
13215046423171528219,Pristine SCW Biochar,NXP,15.62173129,dann_lambda_0.5,37,15.186302,0.43542957,True
16825237191054845665,Pristine SCW Biochar,NXP,16.88164032,dann_lambda_0.5,37,15.137245,1.7443943,True
6982030516250217062,Pristine SCW Biochar,NXP,17.00858908,dann_lambda_0.5,37,14.960007,2.048582,True
2755595898843553677,Pristine SCW Biochar,NXP,17.4625326,dann_lambda_0.5,37,14.757965,2.704567,True
12146535126227506594,Pristine SCW Biochar,NXP,17.54960963,dann_lambda_0.5,37,14.759167,2.7904434,True
2569984335539275158,Pristine SCW Biochar,NXP,17.71590352,dann_lambda_0.5,37,15.025402,2.6905022,True
6648755328613141350,Pristine SCW Biochar,NXP,16.30019973,dann_lambda_0.5,37,16.73289,0.43268967,True
1214539223634647286,Pristine SCW Biochar,DCF,0.0,dann_lambda_0.5,37,14.190502,14.190502,True
335119549853506142,Pristine SCW Biochar,DCF,16.15534017,dann_lambda_0.5,37,14.164337,1.991003,True
13581708233989788697,Pristine SCW Biochar,DCF,17.94998036,dann_lambda_0.5,37,14.146278,3.8037014,True
4071952786420779155,Pristine SCW Biochar,DCF,18.6868745,dann_lambda_0.5,37,14.112259,4.5746155,True
16575937784576867068,Pristine SCW Biochar,DCF,19.22913671,dann_lambda_0.5,37,14.056171,5.172966,True
16662543744214429559,Pristine SCW Biochar,DCF,19.16432581,dann_lambda_0.5,37,13.955688,5.208637,True
1002991668870794336,Pristine SCW Biochar,DCF,19.8012145,dann_lambda_0.5,37,13.607086,6.194128,True
3713179060534583340,Pristine SCW Biochar,DCF,20.25228212,dann_lambda_0.5,37,13.135403,7.1168785,True
329814341262190588,Pristine SCW Biochar,DCF,19.121072145,dann_lambda_0.5,37,13.589817,5.5312557,True
2051404940871207638,Pristine SCW Biochar,IBU,0.0,dann_lambda_0.5,37,11.152939,11.152939,True
10658327680642255806,Pristine SCW Biochar,IBU,16.89988512,dann_lambda_0.5,37,11.173401,5.7264843,True
3790332834202311929,Pristine SCW Biochar,IBU,18.17632699,dann_lambda_0.5,37,11.197033,6.979294,True
10796766321469813683,Pristine SCW Biochar,IBU,19.26992768,dann_lambda_0.5,37,11.241772,8.028156,True
17200286515181460444,Pristine SCW Biochar,IBU,19.78484896,dann_lambda_0.5,37,11.381474,8.403376,True
11008431144893168087,Pristine SCW Biochar,IBU,19.78377849,dann_lambda_0.5,37,11.645111,8.138668,True
18432371715842126336,Pristine SCW Biochar,IBU,20.67835043,dann_lambda_0.5,37,11.827747,8.850603,True
8910712751277851660,Pristine SCW Biochar,IBU,20.66529595,dann_lambda_0.5,37,11.841717,8.82358,True
16737703975485143772,Pristine SCW Biochar,IBU,20.025033185,dann_lambda_0.5,37,12.849026,7.176008,True
5976292064867976036,Pristine SCW Biochar,NXP,8.513560872,dann_lambda_0.5,37,7.651478,0.86208344,False
16638446263550319536,Pristine SCW Biochar,NXP,10.18427058,dann_lambda_0.5,37,11.864067,1.6797962,False
14247326399820608681,Pristine SCW Biochar,NXP,23.66355817,dann_lambda_0.5,37,28.419533,4.755974,False
3626679836655073239,Pristine SCW Biochar,NXP,32.83624096,dann_lambda_0.5,37,44.453125,11.616882,False
1938230782418544334,Pristine SCW Biochar,DCF,6.910849115,dann_lambda_0.5,37,8.358765,1.4479156,False
17509084134776967386,Pristine SCW Biochar,DCF,11.94615928,dann_lambda_0.5,37,10.417816,1.5283432,False
9214597997492623055,Pristine SCW Biochar,DCF,21.51003422,dann_lambda_0.5,37,17.341295,4.1687393,False
15613626881432330545,Pristine SCW Biochar,DCF,32.55652461,dann_lambda_0.5,37,20.540857,12.015669,False
1249904749956654510,Pristine SCW Biochar,IBU,10.935518415,dann_lambda_0.5,37,7.3418694,3.593649,False
9750239826985509562,Pristine SCW Biochar,IBU,13.35058334,dann_lambda_0.5,37,10.251045,3.0995378,False
12415649059408947823,Pristine SCW Biochar,IBU,23.23297655,dann_lambda_0.5,37,15.802784,7.430193,False
493397566369541585,Pristine SCW Biochar,IBU,33.23850263,dann_lambda_0.5,37,20.82503,12.413473,False
2431818629244494460,Pristine SCW Biochar,NPX,21.49577512,dann_lambda_0.5,37,18.512274,2.9835014,True
14632511503543224213,Pristine SCW Biochar,NPX,18.26438455,dann_lambda_0.5,37,13.343323,4.9210625,True
10158343563720824836,Pristine SCW Biochar,NPX,17.26357285,dann_lambda_0.5,37,14.130199,3.1333733,True
8860467251718062619,Pristine SCW Biochar,NPX,16.13579508,dann_lambda_0.5,37,14.286877,1.8489189,True
7708639079549094677,Pristine SCW Biochar,DCF,21.75317842,dann_lambda_0.5,37,19.082996,2.6701813,True
15693684484887973741,Pristine SCW Biochar,DCF,19.16141715,dann_lambda_0.5,37,10.969727,8.19169,True
12068268132093545302,Pristine SCW Biochar,DCF,17.98311701,dann_lambda_0.5,37,10.983532,6.999584,True
3805779553248948725,Pristine SCW Biochar,IBU,22.89928752,dann_lambda_0.5,37,15.84095,7.058338,True
8203542750957706445,Pristine SCW Biochar,IBU,18.5045802,dann_lambda_0.5,37,11.437378,7.0672016,True
8619013912121469110,Pristine SCW Biochar,IBU,17.26124304,dann_lambda_0.5,37,11.471073,5.7901707,True
16755461862370840366,Pristine SCW Biochar,NPX,18.38244058,dann_lambda_0.5,37,13.633476,4.7489643,True
6288762701156006317,Pristine SCW Biochar,NPX,17.29507799,dann_lambda_0.5,37,14.048874,3.2462044,True
2461942620734296822,Pristine SCW Biochar,NPX,18.3312792,dann_lambda_0.5,37,14.961876,3.3694038,True
14915493390938448242,Pristine SCW Biochar,NPX,17.59235683,dann_lambda_0.5,37,15.873489,1.7188683,True
14561758705567463404,Pristine SCW Biochar,NPX,16.04739171,dann_lambda_0.5,37,16.894016,0.8466244,True
4659234226800065611,Pristine SCW Biochar,DCF,16.653938,dann_lambda_0.5,37,13.895885,2.7580528,False
11469103634136059972,Pristine SCW Biochar,DCF,16.3975333,dann_lambda_0.5,37,14.299324,2.0982094,False
13255282744427241635,Pristine SCW Biochar,DCF,16.61566462,dann_lambda_0.5,37,14.974197,1.641468,False
2813337390772277759,Pristine SCW Biochar,DCF,16.02054824,dann_lambda_0.5,37,15.844761,0.17578697,False
12147411485588615077,Pristine SCW Biochar,DCF,16.12257134,dann_lambda_0.5,37,16.882221,0.7596493,False
3619321008973724267,Pristine SCW Biochar,IBU,16.58306542,dann_lambda_0.5,37,12.339096,4.243969,False
6767561828512103332,Pristine SCW Biochar,IBU,15.96808891,dann_lambda_0.5,37,12.366024,3.602065,False
14598158743120574339,Pristine SCW Biochar,IBU,16.56583978,dann_lambda_0.5,37,12.531235,4.034605,False
12552377453823545695,Pristine SCW Biochar,IBU,17.10001985,dann_lambda_0.5,37,13.041233,4.0587864,False
15269897442523904645,Pristine SCW Biochar,IBU,15.62815373,dann_lambda_0.5,37,13.917736,1.7104177,False
14527147495807567373,Pristine SCW Biochar,NPX,17.10889887,dann_lambda_0.5,37,12.107975,5.000923,True
18242488890160064085,Pristine SCW Biochar,NPX,18.50934797,dann_lambda_0.5,37,19.677982,1.1686344,True
9217257676294177556,Pristine SCW Biochar,DCF,18.40713328,dann_lambda_0.5,37,11.187332,7.219801,True
6194712352110633020,Pristine SCW Biochar,DCF,20.02057158,dann_lambda_0.5,37,19.181503,0.83906746,True
7086304982263032628,Pristine SCW Biochar,IBU,19.90873317,dann_lambda_0.5,37,11.488304,8.420429,True
870809365627718684,Pristine SCW Biochar,IBU,21.2613338,dann_lambda_0.5,37,16.737524,4.5238094,True
11463466362237138402,NaOH-activated SCW biochars,NXP,0.0,dann_lambda_0.5,37,157.37329,157.37329,True
12429355053059418026,NaOH-activated SCW biochars,NXP,90.16372742,dann_lambda_0.5,37,159.39012,69.226395,True
14609237521165358149,NaOH-activated SCW biochars,NXP,104.2284102,dann_lambda_0.5,37,161.41304,57.18463,True
446328556523201111,NaOH-activated SCW biochars,NXP,130.9519993,dann_lambda_0.5,37,165.46986,34.517868,True
1551655804826946544,NaOH-activated SCW biochars,NXP,153.5606127,dann_lambda_0.5,37,172.52135,18.96074,True
12674212456835948851,NaOH-activated SCW biochars,NXP,166.7371919,dann_lambda_0.5,37,186.72925,19.99205,True
12588539707960640012,NaOH-activated SCW biochars,NXP,174.3891721,dann_lambda_0.5,37,199.42162,25.03244,True
3988610212697559040,NaOH-activated SCW biochars,NXP,174.0987509,dann_lambda_0.5,37,203.57939,29.480637,True
10547200906881874672,NaOH-activated SCW biochars,NXP,179.92426765,dann_lambda_0.5,37,203.38089,23.45662,True
4097433552957510200,NaOH-activated SCW biochars,DCF,0.0,dann_lambda_0.5,37,93.81561,93.81561,True
8973503642251044448,NaOH-activated SCW biochars,DCF,48.76561963,dann_lambda_0.5,37,93.875916,45.110294,True
8132899750145070855,NaOH-activated SCW biochars,DCF,60.68388993,dann_lambda_0.5,37,93.93404,33.250145,True
10455380725152883637,NaOH-activated SCW biochars,DCF,73.87287411,dann_lambda_0.5,37,94.195625,20.322754,True
3249913649156960858,NaOH-activated SCW biochars,DCF,82.2331982,dann_lambda_0.5,37,94.74806,12.514862,True
2892051548520492425,NaOH-activated SCW biochars,DCF,81.93930885,dann_lambda_0.5,37,95.686905,13.747597,True
13926868731529471070,NaOH-activated SCW biochars,DCF,82.83055081,dann_lambda_0.5,37,95.87021,13.039658,True
6280546985017538186,NaOH-activated SCW biochars,DCF,82.6411851,dann_lambda_0.5,37,95.348724,12.707542,True
14802185984964681562,NaOH-activated SCW biochars,DCF,77.22438452,dann_lambda_0.5,37,91.459915,14.235527,True
18031951279925841496,NaOH-activated SCW biochars,IBU,0.0,dann_lambda_0.5,37,71.14869,71.14869,True
7439356660872997760,NaOH-activated SCW biochars,IBU,38.20195295,dann_lambda_0.5,37,71.61565,33.413692,True
3280576637481085735,NaOH-activated SCW biochars,IBU,49.12704629,dann_lambda_0.5,37,72.08616,22.959114,True
2475666081309423509,NaOH-activated SCW biochars,IBU,62.99284614,dann_lambda_0.5,37,73.0372,10.0443535,True
7140885989460122234,NaOH-activated SCW biochars,IBU,65.00045691,dann_lambda_0.5,37,74.968765,9.9683075,True
5352559836577404585,NaOH-activated SCW biochars,IBU,65.18409441,dann_lambda_0.5,37,78.01569,12.831596,True
271021551376951870,NaOH-activated SCW biochars,IBU,65.30178063,dann_lambda_0.5,37,79.99829,14.69651,True
4601601497501002282,NaOH-activated SCW biochars,IBU,65.65806376,dann_lambda_0.5,37,80.191925,14.533859,True
14131146040637425530,NaOH-activated SCW biochars,IBU,65.65332219000001,dann_lambda_0.5,37,78.44003,12.786713,True
16405048272212825666,NaOH-activated SCW biochars,NXP,64.8903021,dann_lambda_0.5,37,64.464554,0.42575073,True
13765390047063166502,NaOH-activated SCW biochars,NXP,126.0338032,dann_lambda_0.5,37,133.92645,7.892647,True
3540536502839737235,NaOH-activated SCW biochars,NXP,225.3867619,dann_lambda_0.5,37,221.73767,3.6490936,True
10087744159834544517,NaOH-activated SCW biochars,NXP,253.7893399,dann_lambda_0.5,37,211.98225,41.807083,True
14731060229230471192,NaOH-activated SCW biochars,DCF,54.75327727,dann_lambda_0.5,37,65.45204,10.698765,True
5541933350374393212,NaOH-activated SCW biochars,DCF,77.09472432,dann_lambda_0.5,37,80.8549,3.76017,True
12615432238208671005,NaOH-activated SCW biochars,DCF,92.0230423,dann_lambda_0.5,37,98.11958,6.0965424,True
10427946335696234203,NaOH-activated SCW biochars,DCF,95.69277177,dann_lambda_0.5,37,98.840576,3.1478043,True
6260261985190404920,NaOH-activated SCW biochars,IBU,52.90707681,dann_lambda_0.5,37,62.097546,9.190468,True
599381209477399324,NaOH-activated SCW biochars,IBU,66.76808811,dann_lambda_0.5,37,75.45499,8.686897,True
3926410718330234365,NaOH-activated SCW biochars,IBU,70.35687624,dann_lambda_0.5,37,80.08809,9.731216,True
3396071663462261947,NaOH-activated SCW biochars,IBU,73.29670399,dann_lambda_0.5,37,83.59055,10.293846,True
12143757583447324994,NaOH-activated SCW biochars,NPX,190.595886,dann_lambda_0.5,37,198.07275,7.4768677,True
7070640037739440319,NaOH-activated SCW biochars,NPX,172.0266924,dann_lambda_0.5,37,191.26543,19.238739,True
852043111923116922,NaOH-activated SCW biochars,NPX,152.656609,dann_lambda_0.5,37,170.72269,18.06607,True
15261173828235182569,NaOH-activated SCW biochars,NPX,145.3785096,dann_lambda_0.5,37,138.0141,7.3644104,True
18018378148491117671,NaOH-activated SCW biochars,DCF,96.67411867,dann_lambda_0.5,37,115.57712,18.903,True
1787412344397427871,NaOH-activated SCW biochars,DCF,62.75924066,dann_lambda_0.5,37,81.14845,18.389214,True
17454219733314565792,NaOH-activated SCW biochars,DCF,51.973701,dann_lambda_0.5,37,76.99208,25.01838,True
1502419750140885639,NaOH-activated SCW biochars,IBU,94.31416328,dann_lambda_0.5,37,105.250534,10.936371,True
15807910494372115647,NaOH-activated SCW biochars,IBU,50.22163876,dann_lambda_0.5,37,69.692,19.470364,True
8791253579198486592,NaOH-activated SCW biochars,IBU,38.06104336,dann_lambda_0.5,37,69.70094,31.6399,True
665404155957715216,NaOH-activated SCW biochars,NPX,177.1620054,dann_lambda_0.5,37,194.94742,17.785416,True
6827103232613768791,NaOH-activated SCW biochars,NPX,179.105641,dann_lambda_0.5,37,197.25125,18.145615,True
18203435778758194360,NaOH-activated SCW biochars,NPX,186.0584129,dann_lambda_0.5,37,198.42717,12.368759,True
5759522579916954172,NaOH-activated SCW biochars,NPX,181.2017167,dann_lambda_0.5,37,197.33522,16.1335,True
664633524360232258,NaOH-activated SCW biochars,NPX,182.9370612,dann_lambda_0.5,37,194.4972,11.560135,True
13641899622687088449,NaOH-activated SCW biochars,DCF,76.95847226,dann_lambda_0.5,37,93.551155,16.592682,False
9393633767651503122,NaOH-activated SCW biochars,DCF,83.56161718499999,dann_lambda_0.5,37,94.96333,11.401718,False
5981541925235720617,NaOH-activated SCW biochars,DCF,85.17762947,dann_lambda_0.5,37,95.733505,10.555878,False
6023530469711918669,NaOH-activated SCW biochars,DCF,80.57171083,dann_lambda_0.5,37,95.92696,15.355255,False
532790910543730727,NaOH-activated SCW biochars,DCF,79.58071398,dann_lambda_0.5,37,95.10001,15.519302,False
12079174347632602273,NaOH-activated SCW biochars,IBU,69.72658596,dann_lambda_0.5,37,80.57755,10.850967,False
3049006844620542258,NaOH-activated SCW biochars,IBU,73.17741615,dann_lambda_0.5,37,84.152176,10.974762,False
4855520275444175689,NaOH-activated SCW biochars,IBU,75.69155256,dann_lambda_0.5,37,86.09118,10.399628,False
5514219354175734125,NaOH-activated SCW biochars,IBU,76.30216313,dann_lambda_0.5,37,85.386856,9.084694,False
7156357989100352967,NaOH-activated SCW biochars,IBU,71.70044321,dann_lambda_0.5,37,85.46537,13.764931,False
6812290224175752247,NaOH-activated SCW biochars,NPX,167.0779885,dann_lambda_0.5,37,195.26797,28.189987,True
9153488855957792255,NaOH-activated SCW biochars,NPX,181.832546,dann_lambda_0.5,37,185.47679,3.6442413,True
12341295020867722114,NaOH-activated SCW biochars,DCF,72.89459636,dann_lambda_0.5,37,78.88023,5.985634,True
8138945238617595290,NaOH-activated SCW biochars,DCF,87.78495046,dann_lambda_0.5,37,101.4265,13.641548,True
95817833491593826,NaOH-activated SCW biochars,IBU,57.641649,dann_lambda_0.5,37,56.837135,0.804512,True
12299775327561621562,NaOH-activated SCW biochars,IBU,69.79127526,dann_lambda_0.5,37,91.28884,21.497566,True
17053035532018455372,Pristine SCW Biochar,NXP,0.0,dann_lambda_0.5,51,16.995714,16.995714,True
17098923533429936836,Pristine SCW Biochar,NXP,14.44646584,dann_lambda_0.5,51,16.98585,2.539384,True
13215046423171528219,Pristine SCW Biochar,NXP,15.62173129,dann_lambda_0.5,51,16.976744,1.3550119,True
16825237191054845665,Pristine SCW Biochar,NXP,16.88164032,dann_lambda_0.5,51,17.067339,0.18569946,True
6982030516250217062,Pristine SCW Biochar,NXP,17.00858908,dann_lambda_0.5,51,17.273922,0.26533318,True
2755595898843553677,Pristine SCW Biochar,NXP,17.4625326,dann_lambda_0.5,51,17.723711,0.26117897,True
12146535126227506594,Pristine SCW Biochar,NXP,17.54960963,dann_lambda_0.5,51,18.08136,0.5317497,True
2569984335539275158,Pristine SCW Biochar,NXP,17.71590352,dann_lambda_0.5,51,18.097908,0.38200378,True
6648755328613141350,Pristine SCW Biochar,NXP,16.30019973,dann_lambda_0.5,51,14.360226,1.9399738,True
1214539223634647286,Pristine SCW Biochar,DCF,0.0,dann_lambda_0.5,51,17.08521,17.08521,True
335119549853506142,Pristine SCW Biochar,DCF,16.15534017,dann_lambda_0.5,51,17.000551,0.845211,True
13581708233989788697,Pristine SCW Biochar,DCF,17.94998036,dann_lambda_0.5,51,16.916157,1.033823,True
4071952786420779155,Pristine SCW Biochar,DCF,18.6868745,dann_lambda_0.5,51,16.71744,1.9694347,True
16575937784576867068,Pristine SCW Biochar,DCF,19.22913671,dann_lambda_0.5,51,16.26508,2.964058,True
16662543744214429559,Pristine SCW Biochar,DCF,19.16432581,dann_lambda_0.5,51,15.507832,3.6564941,True
1002991668870794336,Pristine SCW Biochar,DCF,19.8012145,dann_lambda_0.5,51,14.6071205,5.1940937,True
3713179060534583340,Pristine SCW Biochar,DCF,20.25228212,dann_lambda_0.5,51,14.300346,5.951935,True
329814341262190588,Pristine SCW Biochar,DCF,19.121072145,dann_lambda_0.5,51,13.97665,5.1444225,True
2051404940871207638,Pristine SCW Biochar,IBU,0.0,dann_lambda_0.5,51,10.994549,10.994549,True
10658327680642255806,Pristine SCW Biochar,IBU,16.89988512,dann_lambda_0.5,51,10.981846,5.9180393,True
3790332834202311929,Pristine SCW Biochar,IBU,18.17632699,dann_lambda_0.5,51,10.97047,7.2058563,True
10796766321469813683,Pristine SCW Biochar,IBU,19.26992768,dann_lambda_0.5,51,10.952179,8.317749,True
17200286515181460444,Pristine SCW Biochar,IBU,19.78484896,dann_lambda_0.5,51,10.979187,8.805662,True
11008431144893168087,Pristine SCW Biochar,IBU,19.78377849,dann_lambda_0.5,51,11.080242,8.703537,True
18432371715842126336,Pristine SCW Biochar,IBU,20.67835043,dann_lambda_0.5,51,11.390884,9.287466,True
8910712751277851660,Pristine SCW Biochar,IBU,20.66529595,dann_lambda_0.5,51,11.606419,9.058878,True
16737703975485143772,Pristine SCW Biochar,IBU,20.025033185,dann_lambda_0.5,51,10.971046,9.0539875,True
5976292064867976036,Pristine SCW Biochar,NXP,8.513560872,dann_lambda_0.5,51,-1.4095078,9.923069,False
16638446263550319536,Pristine SCW Biochar,NXP,10.18427058,dann_lambda_0.5,51,6.324417,3.8598537,False
14247326399820608681,Pristine SCW Biochar,NXP,23.66355817,dann_lambda_0.5,51,20.414303,3.2492561,False
3626679836655073239,Pristine SCW Biochar,NXP,32.83624096,dann_lambda_0.5,51,31.111118,1.7251244,False
1938230782418544334,Pristine SCW Biochar,DCF,6.910849115,dann_lambda_0.5,51,4.9673195,1.9435296,False
17509084134776967386,Pristine SCW Biochar,DCF,11.94615928,dann_lambda_0.5,51,9.981083,1.9650764,False
9214597997492623055,Pristine SCW Biochar,DCF,21.51003422,dann_lambda_0.5,51,16.745934,4.764101,False
15613626881432330545,Pristine SCW Biochar,DCF,32.55652461,dann_lambda_0.5,51,31.502745,1.0537815,False
1249904749956654510,Pristine SCW Biochar,IBU,10.935518415,dann_lambda_0.5,51,1.1570702,9.778448,False
9750239826985509562,Pristine SCW Biochar,IBU,13.35058334,dann_lambda_0.5,51,5.7496986,7.6008844,False
12415649059408947823,Pristine SCW Biochar,IBU,23.23297655,dann_lambda_0.5,51,13.412323,9.820654,False
493397566369541585,Pristine SCW Biochar,IBU,33.23850263,dann_lambda_0.5,51,17.5948,15.643702,False
2431818629244494460,Pristine SCW Biochar,NPX,21.49577512,dann_lambda_0.5,51,15.084961,6.4108143,True
14632511503543224213,Pristine SCW Biochar,NPX,18.26438455,dann_lambda_0.5,51,15.313335,2.9510498,True
10158343563720824836,Pristine SCW Biochar,NPX,17.26357285,dann_lambda_0.5,51,14.294819,2.9687538,True
8860467251718062619,Pristine SCW Biochar,NPX,16.13579508,dann_lambda_0.5,51,14.826061,1.3097343,True
7708639079549094677,Pristine SCW Biochar,DCF,21.75317842,dann_lambda_0.5,51,21.295618,0.4575596,True
15693684484887973741,Pristine SCW Biochar,DCF,19.16141715,dann_lambda_0.5,51,9.951267,9.21015,True
12068268132093545302,Pristine SCW Biochar,DCF,17.98311701,dann_lambda_0.5,51,11.628338,6.3547783,True
3805779553248948725,Pristine SCW Biochar,IBU,22.89928752,dann_lambda_0.5,51,17.635141,5.264147,True
8203542750957706445,Pristine SCW Biochar,IBU,18.5045802,dann_lambda_0.5,51,7.117382,11.3871975,True
8619013912121469110,Pristine SCW Biochar,IBU,17.26124304,dann_lambda_0.5,51,7.4507484,9.810495,True
16755461862370840366,Pristine SCW Biochar,NPX,18.38244058,dann_lambda_0.5,51,15.537014,2.8454266,True
6288762701156006317,Pristine SCW Biochar,NPX,17.29507799,dann_lambda_0.5,51,16.067299,1.2277794,True
2461942620734296822,Pristine SCW Biochar,NPX,18.3312792,dann_lambda_0.5,51,16.818256,1.5130234,True
14915493390938448242,Pristine SCW Biochar,NPX,17.59235683,dann_lambda_0.5,51,17.662405,0.07004738,True
14561758705567463404,Pristine SCW Biochar,NPX,16.04739171,dann_lambda_0.5,51,19.022509,2.9751167,True
4659234226800065611,Pristine SCW Biochar,DCF,16.653938,dann_lambda_0.5,51,14.7084465,1.9454918,False
11469103634136059972,Pristine SCW Biochar,DCF,16.3975333,dann_lambda_0.5,51,15.926525,0.4710083,False
13255282744427241635,Pristine SCW Biochar,DCF,16.61566462,dann_lambda_0.5,51,17.135063,0.51939774,False
2813337390772277759,Pristine SCW Biochar,DCF,16.02054824,dann_lambda_0.5,51,18.313824,2.2932758,False
12147411485588615077,Pristine SCW Biochar,DCF,16.12257134,dann_lambda_0.5,51,19.041979,2.919407,False
3619321008973724267,Pristine SCW Biochar,IBU,16.58306542,dann_lambda_0.5,51,11.675137,4.9079285,False
6767561828512103332,Pristine SCW Biochar,IBU,15.96808891,dann_lambda_0.5,51,12.889645,3.0784445,False
14598158743120574339,Pristine SCW Biochar,IBU,16.56583978,dann_lambda_0.5,51,14.801804,1.7640362,False
12552377453823545695,Pristine SCW Biochar,IBU,17.10001985,dann_lambda_0.5,51,16.50882,0.5911999,False
15269897442523904645,Pristine SCW Biochar,IBU,15.62815373,dann_lambda_0.5,51,17.872835,2.2446814,False
14527147495807567373,Pristine SCW Biochar,NPX,17.10889887,dann_lambda_0.5,51,14.501987,2.6069107,True
18242488890160064085,Pristine SCW Biochar,NPX,18.50934797,dann_lambda_0.5,51,17.710724,0.79862404,True
9217257676294177556,Pristine SCW Biochar,DCF,18.40713328,dann_lambda_0.5,51,13.804108,4.6030254,True
6194712352110633020,Pristine SCW Biochar,DCF,20.02057158,dann_lambda_0.5,51,14.768967,5.251604,True
7086304982263032628,Pristine SCW Biochar,IBU,19.90873317,dann_lambda_0.5,51,11.965908,7.9428253,True
870809365627718684,Pristine SCW Biochar,IBU,21.2613338,dann_lambda_0.5,51,11.000633,10.2607,True
11463466362237138402,NaOH-activated SCW biochars,NXP,0.0,dann_lambda_0.5,51,163.20601,163.20601,True
12429355053059418026,NaOH-activated SCW biochars,NXP,90.16372742,dann_lambda_0.5,51,163.95541,73.79169,True
14609237521165358149,NaOH-activated SCW biochars,NXP,104.2284102,dann_lambda_0.5,51,164.69984,60.471436,True
446328556523201111,NaOH-activated SCW biochars,NXP,130.9519993,dann_lambda_0.5,51,166.17258,35.22058,True
1551655804826946544,NaOH-activated SCW biochars,NXP,153.5606127,dann_lambda_0.5,51,169.12025,15.559647,True
12674212456835948851,NaOH-activated SCW biochars,NXP,166.7371919,dann_lambda_0.5,51,175.71925,8.982056,True
12588539707960640012,NaOH-activated SCW biochars,NXP,174.3891721,dann_lambda_0.5,51,181.86769,7.4785156,True
3988610212697559040,NaOH-activated SCW biochars,NXP,174.0987509,dann_lambda_0.5,51,185.84973,11.750977,True
10547200906881874672,NaOH-activated SCW biochars,NXP,179.92426765,dann_lambda_0.5,51,184.85847,4.934204,True
4097433552957510200,NaOH-activated SCW biochars,DCF,0.0,dann_lambda_0.5,51,85.292046,85.292046,True
8973503642251044448,NaOH-activated SCW biochars,DCF,48.76561963,dann_lambda_0.5,51,85.40221,36.636585,True
8132899750145070855,NaOH-activated SCW biochars,DCF,60.68388993,dann_lambda_0.5,51,85.4609,24.777008,True
10455380725152883637,NaOH-activated SCW biochars,DCF,73.87287411,dann_lambda_0.5,51,85.57497,11.702095,True
3249913649156960858,NaOH-activated SCW biochars,DCF,82.2331982,dann_lambda_0.5,51,85.789345,3.5561447,True
2892051548520492425,NaOH-activated SCW biochars,DCF,81.93930885,dann_lambda_0.5,51,85.90979,3.9704819,True
13926868731529471070,NaOH-activated SCW biochars,DCF,82.83055081,dann_lambda_0.5,51,85.62238,2.791832,True
6280546985017538186,NaOH-activated SCW biochars,DCF,82.6411851,dann_lambda_0.5,51,85.933846,3.2926636,True
14802185984964681562,NaOH-activated SCW biochars,DCF,77.22438452,dann_lambda_0.5,51,88.627625,11.403236,True
18031951279925841496,NaOH-activated SCW biochars,IBU,0.0,dann_lambda_0.5,51,63.701023,63.701023,True
7439356660872997760,NaOH-activated SCW biochars,IBU,38.20195295,dann_lambda_0.5,51,63.81508,25.613125,True
3280576637481085735,NaOH-activated SCW biochars,IBU,49.12704629,dann_lambda_0.5,51,63.928535,14.801491,True
2475666081309423509,NaOH-activated SCW biochars,IBU,62.99284614,dann_lambda_0.5,51,64.17262,1.1797752,True
7140885989460122234,NaOH-activated SCW biochars,IBU,65.00045691,dann_lambda_0.5,51,64.66315,0.3373108,True
5352559836577404585,NaOH-activated SCW biochars,IBU,65.18409441,dann_lambda_0.5,51,66.27676,1.092659,True
271021551376951870,NaOH-activated SCW biochars,IBU,65.30178063,dann_lambda_0.5,51,68.09786,2.7960815,True
4601601497501002282,NaOH-activated SCW biochars,IBU,65.65806376,dann_lambda_0.5,51,70.66947,5.011406,True
14131146040637425530,NaOH-activated SCW biochars,IBU,65.65332219000001,dann_lambda_0.5,51,76.27719,10.623871,True
16405048272212825666,NaOH-activated SCW biochars,NXP,64.8903021,dann_lambda_0.5,51,95.64436,30.754059,True
13765390047063166502,NaOH-activated SCW biochars,NXP,126.0338032,dann_lambda_0.5,51,141.45557,15.421761,True
3540536502839737235,NaOH-activated SCW biochars,NXP,225.3867619,dann_lambda_0.5,51,201.25658,24.130188,True
10087744159834544517,NaOH-activated SCW biochars,NXP,253.7893399,dann_lambda_0.5,51,192.81743,60.97191,True
14731060229230471192,NaOH-activated SCW biochars,DCF,54.75327727,dann_lambda_0.5,51,67.25262,12.49934,True
5541933350374393212,NaOH-activated SCW biochars,DCF,77.09472432,dann_lambda_0.5,51,82.1862,5.0914764,True
12615432238208671005,NaOH-activated SCW biochars,DCF,92.0230423,dann_lambda_0.5,51,94.02424,2.0011978,True
10427946335696234203,NaOH-activated SCW biochars,DCF,95.69277177,dann_lambda_0.5,51,99.3999,3.7071304,True
6260261985190404920,NaOH-activated SCW biochars,IBU,52.90707681,dann_lambda_0.5,51,51.8733,1.0337791,True
599381209477399324,NaOH-activated SCW biochars,IBU,66.76808811,dann_lambda_0.5,51,69.84896,3.0808716,True
3926410718330234365,NaOH-activated SCW biochars,IBU,70.35687624,dann_lambda_0.5,51,80.48562,10.128746,True
3396071663462261947,NaOH-activated SCW biochars,IBU,73.29670399,dann_lambda_0.5,51,85.18595,11.889244,True
12143757583447324994,NaOH-activated SCW biochars,NPX,190.595886,dann_lambda_0.5,51,203.04918,12.453293,True
7070640037739440319,NaOH-activated SCW biochars,NPX,172.0266924,dann_lambda_0.5,51,192.11531,20.088623,True
852043111923116922,NaOH-activated SCW biochars,NPX,152.656609,dann_lambda_0.5,51,164.72806,12.071442,True
15261173828235182569,NaOH-activated SCW biochars,NPX,145.3785096,dann_lambda_0.5,51,125.308685,20.069824,True
18018378148491117671,NaOH-activated SCW biochars,DCF,96.67411867,dann_lambda_0.5,51,133.28133,36.60721,True
1787412344397427871,NaOH-activated SCW biochars,DCF,62.75924066,dann_lambda_0.5,51,82.26193,19.502693,True
17454219733314565792,NaOH-activated SCW biochars,DCF,51.973701,dann_lambda_0.5,51,80.55119,28.577492,True
1502419750140885639,NaOH-activated SCW biochars,IBU,94.31416328,dann_lambda_0.5,51,115.05806,20.743896,True
15807910494372115647,NaOH-activated SCW biochars,IBU,50.22163876,dann_lambda_0.5,51,66.233765,16.012127,True
8791253579198486592,NaOH-activated SCW biochars,IBU,38.06104336,dann_lambda_0.5,51,68.691315,30.630272,True
665404155957715216,NaOH-activated SCW biochars,NPX,177.1620054,dann_lambda_0.5,51,196.09773,18.93573,True
6827103232613768791,NaOH-activated SCW biochars,NPX,179.105641,dann_lambda_0.5,51,199.72467,20.619034,True
18203435778758194360,NaOH-activated SCW biochars,NPX,186.0584129,dann_lambda_0.5,51,202.97441,16.916,True
5759522579916954172,NaOH-activated SCW biochars,NPX,181.2017167,dann_lambda_0.5,51,204.70166,23.499939,True
664633524360232258,NaOH-activated SCW biochars,NPX,182.9370612,dann_lambda_0.5,51,205.50035,22.563293,True
13641899622687088449,NaOH-activated SCW biochars,DCF,76.95847226,dann_lambda_0.5,51,91.124664,14.166191,False
9393633767651503122,NaOH-activated SCW biochars,DCF,83.56161718499999,dann_lambda_0.5,51,93.76277,10.201157,False
5981541925235720617,NaOH-activated SCW biochars,DCF,85.17762947,dann_lambda_0.5,51,96.9009,11.723274,False
6023530469711918669,NaOH-activated SCW biochars,DCF,80.57171083,dann_lambda_0.5,51,100.19835,19.62664,False
532790910543730727,NaOH-activated SCW biochars,DCF,79.58071398,dann_lambda_0.5,51,102.5665,22.985786,False
12079174347632602273,NaOH-activated SCW biochars,IBU,69.72658596,dann_lambda_0.5,51,77.78585,8.059265,False
3049006844620542258,NaOH-activated SCW biochars,IBU,73.17741615,dann_lambda_0.5,51,80.29231,7.1148987,False
4855520275444175689,NaOH-activated SCW biochars,IBU,75.69155256,dann_lambda_0.5,51,83.181,7.4894485,False
5514219354175734125,NaOH-activated SCW biochars,IBU,76.30216313,dann_lambda_0.5,51,85.895645,9.593483,False
7156357989100352967,NaOH-activated SCW biochars,IBU,71.70044321,dann_lambda_0.5,51,88.09595,16.395508,False
6812290224175752247,NaOH-activated SCW biochars,NPX,167.0779885,dann_lambda_0.5,51,189.86166,22.783676,True
9153488855957792255,NaOH-activated SCW biochars,NPX,181.832546,dann_lambda_0.5,51,186.19026,4.357712,True
12341295020867722114,NaOH-activated SCW biochars,DCF,72.89459636,dann_lambda_0.5,51,82.18373,9.289131,True
8138945238617595290,NaOH-activated SCW biochars,DCF,87.78495046,dann_lambda_0.5,51,101.07077,13.28582,True
95817833491593826,NaOH-activated SCW biochars,IBU,57.641649,dann_lambda_0.5,51,67.87676,10.235115,True
12299775327561621562,NaOH-activated SCW biochars,IBU,69.79127526,dann_lambda_0.5,51,85.792244,16.000969,True
17053035532018455372,Pristine SCW Biochar,NXP,0.0,dann_lambda_0.5,71,10.825066,10.825066,True
17098923533429936836,Pristine SCW Biochar,NXP,14.44646584,dann_lambda_0.5,71,10.750732,3.695733,True
13215046423171528219,Pristine SCW Biochar,NXP,15.62173129,dann_lambda_0.5,71,10.675182,4.9465494,True
16825237191054845665,Pristine SCW Biochar,NXP,16.88164032,dann_lambda_0.5,71,10.524769,6.3568707,True
6982030516250217062,Pristine SCW Biochar,NXP,17.00858908,dann_lambda_0.5,71,10.223774,6.784815,True
2755595898843553677,Pristine SCW Biochar,NXP,17.4625326,dann_lambda_0.5,71,9.674759,7.787773,True
12146535126227506594,Pristine SCW Biochar,NXP,17.54960963,dann_lambda_0.5,71,9.163631,8.385979,True
2569984335539275158,Pristine SCW Biochar,NXP,17.71590352,dann_lambda_0.5,71,8.744926,8.970978,True
6648755328613141350,Pristine SCW Biochar,NXP,16.30019973,dann_lambda_0.5,71,8.539871,7.7603283,True
1214539223634647286,Pristine SCW Biochar,DCF,0.0,dann_lambda_0.5,71,13.75964,13.75964,True
335119549853506142,Pristine SCW Biochar,DCF,16.15534017,dann_lambda_0.5,71,13.777538,2.377802,True
13581708233989788697,Pristine SCW Biochar,DCF,17.94998036,dann_lambda_0.5,71,13.801025,4.1489544,True
4071952786420779155,Pristine SCW Biochar,DCF,18.6868745,dann_lambda_0.5,71,13.84948,4.8373947,True
16575937784576867068,Pristine SCW Biochar,DCF,19.22913671,dann_lambda_0.5,71,13.955887,5.2732506,True
16662543744214429559,Pristine SCW Biochar,DCF,19.16432581,dann_lambda_0.5,71,13.899197,5.265129,True
1002991668870794336,Pristine SCW Biochar,DCF,19.8012145,dann_lambda_0.5,71,13.876129,5.925085,True
3713179060534583340,Pristine SCW Biochar,DCF,20.25228212,dann_lambda_0.5,71,13.742523,6.509758,True
329814341262190588,Pristine SCW Biochar,DCF,19.121072145,dann_lambda_0.5,71,13.529617,5.5914555,True
2051404940871207638,Pristine SCW Biochar,IBU,0.0,dann_lambda_0.5,71,13.293934,13.293934,True
10658327680642255806,Pristine SCW Biochar,IBU,16.89988512,dann_lambda_0.5,71,13.275116,3.6247692,True
3790332834202311929,Pristine SCW Biochar,IBU,18.17632699,dann_lambda_0.5,71,13.255661,4.9206657,True
10796766321469813683,Pristine SCW Biochar,IBU,19.26992768,dann_lambda_0.5,71,13.217392,6.052536,True
17200286515181460444,Pristine SCW Biochar,IBU,19.78484896,dann_lambda_0.5,71,13.144901,6.639948,True
11008431144893168087,Pristine SCW Biochar,IBU,19.78377849,dann_lambda_0.5,71,13.066471,6.717308,True
18432371715842126336,Pristine SCW Biochar,IBU,20.67835043,dann_lambda_0.5,71,12.9449005,7.73345,True
8910712751277851660,Pristine SCW Biochar,IBU,20.66529595,dann_lambda_0.5,71,12.687107,7.9781895,True
16737703975485143772,Pristine SCW Biochar,IBU,20.025033185,dann_lambda_0.5,71,12.2158165,7.8092175,True
5976292064867976036,Pristine SCW Biochar,NXP,8.513560872,dann_lambda_0.5,71,7.880554,0.63300705,False
16638446263550319536,Pristine SCW Biochar,NXP,10.18427058,dann_lambda_0.5,71,7.3470116,2.8372593,False
14247326399820608681,Pristine SCW Biochar,NXP,23.66355817,dann_lambda_0.5,71,13.233467,10.430092,False
3626679836655073239,Pristine SCW Biochar,NXP,32.83624096,dann_lambda_0.5,71,24.12811,8.708132,False
1938230782418544334,Pristine SCW Biochar,DCF,6.910849115,dann_lambda_0.5,71,11.42144,4.510591,False
17509084134776967386,Pristine SCW Biochar,DCF,11.94615928,dann_lambda_0.5,71,12.144821,0.1986618,False
9214597997492623055,Pristine SCW Biochar,DCF,21.51003422,dann_lambda_0.5,71,15.659599,5.8504353,False
15613626881432330545,Pristine SCW Biochar,DCF,32.55652461,dann_lambda_0.5,71,19.176386,13.38014,False
1249904749956654510,Pristine SCW Biochar,IBU,10.935518415,dann_lambda_0.5,71,10.980331,0.044813156,False
9750239826985509562,Pristine SCW Biochar,IBU,13.35058334,dann_lambda_0.5,71,11.328327,2.022256,False
12415649059408947823,Pristine SCW Biochar,IBU,23.23297655,dann_lambda_0.5,71,14.579525,8.653452,False
493397566369541585,Pristine SCW Biochar,IBU,33.23850263,dann_lambda_0.5,71,17.604218,15.634285,False
2431818629244494460,Pristine SCW Biochar,NPX,21.49577512,dann_lambda_0.5,71,19.883526,1.6122494,True
14632511503543224213,Pristine SCW Biochar,NPX,18.26438455,dann_lambda_0.5,71,9.643913,8.620472,True
10158343563720824836,Pristine SCW Biochar,NPX,17.26357285,dann_lambda_0.5,71,13.5277405,3.7358322,True
8860467251718062619,Pristine SCW Biochar,NPX,16.13579508,dann_lambda_0.5,71,15.792858,0.34293747,True
7708639079549094677,Pristine SCW Biochar,DCF,21.75317842,dann_lambda_0.5,71,21.418941,0.33423615,True
15693684484887973741,Pristine SCW Biochar,DCF,19.16141715,dann_lambda_0.5,71,14.268936,4.892481,True
12068268132093545302,Pristine SCW Biochar,DCF,17.98311701,dann_lambda_0.5,71,14.579063,3.4040527,True
3805779553248948725,Pristine SCW Biochar,IBU,22.89928752,dann_lambda_0.5,71,19.358587,3.540701,True
8203542750957706445,Pristine SCW Biochar,IBU,18.5045802,dann_lambda_0.5,71,13.4435005,5.061079,True
8619013912121469110,Pristine SCW Biochar,IBU,17.26124304,dann_lambda_0.5,71,13.597103,3.6641407,True
16755461862370840366,Pristine SCW Biochar,NPX,18.38244058,dann_lambda_0.5,71,10.6851425,7.697298,True
6288762701156006317,Pristine SCW Biochar,NPX,17.29507799,dann_lambda_0.5,71,11.848492,5.4465866,True
2461942620734296822,Pristine SCW Biochar,NPX,18.3312792,dann_lambda_0.5,71,13.2145195,5.1167603,True
14915493390938448242,Pristine SCW Biochar,NPX,17.59235683,dann_lambda_0.5,71,14.534927,3.0574303,True
14561758705567463404,Pristine SCW Biochar,NPX,16.04739171,dann_lambda_0.5,71,15.613571,0.43382072,True
4659234226800065611,Pristine SCW Biochar,DCF,16.653938,dann_lambda_0.5,71,14.526192,2.1277466,False
11469103634136059972,Pristine SCW Biochar,DCF,16.3975333,dann_lambda_0.5,71,15.90382,0.49371338,False
13255282744427241635,Pristine SCW Biochar,DCF,16.61566462,dann_lambda_0.5,71,17.348253,0.7325878,False
2813337390772277759,Pristine SCW Biochar,DCF,16.02054824,dann_lambda_0.5,71,18.768549,2.748001,False
12147411485588615077,Pristine SCW Biochar,DCF,16.12257134,dann_lambda_0.5,71,19.923038,3.8004665,False
3619321008973724267,Pristine SCW Biochar,IBU,16.58306542,dann_lambda_0.5,71,13.267387,3.3156776,False
6767561828512103332,Pristine SCW Biochar,IBU,15.96808891,dann_lambda_0.5,71,14.545326,1.4227629,False
14598158743120574339,Pristine SCW Biochar,IBU,16.56583978,dann_lambda_0.5,71,15.915344,0.6504955,False
12552377453823545695,Pristine SCW Biochar,IBU,17.10001985,dann_lambda_0.5,71,16.962734,0.13728523,False
15269897442523904645,Pristine SCW Biochar,IBU,15.62815373,dann_lambda_0.5,71,17.428457,1.8003035,False
14527147495807567373,Pristine SCW Biochar,NPX,17.10889887,dann_lambda_0.5,71,9.489857,7.6190414,True
18242488890160064085,Pristine SCW Biochar,NPX,18.50934797,dann_lambda_0.5,71,12.207195,6.3021526,True
9217257676294177556,Pristine SCW Biochar,DCF,18.40713328,dann_lambda_0.5,71,13.029972,5.377161,True
6194712352110633020,Pristine SCW Biochar,DCF,20.02057158,dann_lambda_0.5,71,14.715454,5.3051167,True
7086304982263032628,Pristine SCW Biochar,IBU,19.90873317,dann_lambda_0.5,71,11.978718,7.9300156,True
870809365627718684,Pristine SCW Biochar,IBU,21.2613338,dann_lambda_0.5,71,13.218712,8.042622,True
11463466362237138402,NaOH-activated SCW biochars,NXP,0.0,dann_lambda_0.5,71,160.19298,160.19298,True
12429355053059418026,NaOH-activated SCW biochars,NXP,90.16372742,dann_lambda_0.5,71,161.72722,71.56349,True
14609237521165358149,NaOH-activated SCW biochars,NXP,104.2284102,dann_lambda_0.5,71,163.2302,59.001785,True
446328556523201111,NaOH-activated SCW biochars,NXP,130.9519993,dann_lambda_0.5,71,166.04361,35.091614,True
1551655804826946544,NaOH-activated SCW biochars,NXP,153.5606127,dann_lambda_0.5,71,170.82729,17.266678,True
12674212456835948851,NaOH-activated SCW biochars,NXP,166.7371919,dann_lambda_0.5,71,177.22844,10.491241,True
12588539707960640012,NaOH-activated SCW biochars,NXP,174.3891721,dann_lambda_0.5,71,181.92273,7.533554,True
3988610212697559040,NaOH-activated SCW biochars,NXP,174.0987509,dann_lambda_0.5,71,183.50667,9.407913,True
10547200906881874672,NaOH-activated SCW biochars,NXP,179.92426765,dann_lambda_0.5,71,184.54878,4.6245117,True
4097433552957510200,NaOH-activated SCW biochars,DCF,0.0,dann_lambda_0.5,71,85.38133,85.38133,True
8973503642251044448,NaOH-activated SCW biochars,DCF,48.76561963,dann_lambda_0.5,71,86.26857,37.50295,True
8132899750145070855,NaOH-activated SCW biochars,DCF,60.68388993,dann_lambda_0.5,71,87.15122,26.46733,True
10455380725152883637,NaOH-activated SCW biochars,DCF,73.87287411,dann_lambda_0.5,71,88.78028,14.90741,True
3249913649156960858,NaOH-activated SCW biochars,DCF,82.2331982,dann_lambda_0.5,71,91.33125,9.098053,True
2892051548520492425,NaOH-activated SCW biochars,DCF,81.93930885,dann_lambda_0.5,71,96.31229,14.372978,True
13926868731529471070,NaOH-activated SCW biochars,DCF,82.83055081,dann_lambda_0.5,71,99.44144,16.610886,True
6280546985017538186,NaOH-activated SCW biochars,DCF,82.6411851,dann_lambda_0.5,71,102.66038,20.019196,True
14802185984964681562,NaOH-activated SCW biochars,DCF,77.22438452,dann_lambda_0.5,71,108.295456,31.071068,True
18031951279925841496,NaOH-activated SCW biochars,IBU,0.0,dann_lambda_0.5,71,62.170963,62.170963,True
7439356660872997760,NaOH-activated SCW biochars,IBU,38.20195295,dann_lambda_0.5,71,62.493187,24.291233,True
3280576637481085735,NaOH-activated SCW biochars,IBU,49.12704629,dann_lambda_0.5,71,62.779224,13.65218,True
2475666081309423509,NaOH-activated SCW biochars,IBU,62.99284614,dann_lambda_0.5,71,64.0649,1.0720558,True
7140885989460122234,NaOH-activated SCW biochars,IBU,65.00045691,dann_lambda_0.5,71,66.90244,1.9019852,True
5352559836577404585,NaOH-activated SCW biochars,IBU,65.18409441,dann_lambda_0.5,71,72.640594,7.456497,True
271021551376951870,NaOH-activated SCW biochars,IBU,65.30178063,dann_lambda_0.5,71,77.43231,12.130531,True
4601601497501002282,NaOH-activated SCW biochars,IBU,65.65806376,dann_lambda_0.5,71,79.54303,13.884964,True
14131146040637425530,NaOH-activated SCW biochars,IBU,65.65332219000001,dann_lambda_0.5,71,85.07632,19.422997,True
16405048272212825666,NaOH-activated SCW biochars,NXP,64.8903021,dann_lambda_0.5,71,80.23897,15.348663,True
13765390047063166502,NaOH-activated SCW biochars,NXP,126.0338032,dann_lambda_0.5,71,139.27362,13.239815,True
3540536502839737235,NaOH-activated SCW biochars,NXP,225.3867619,dann_lambda_0.5,71,198.79184,26.594925,True
10087744159834544517,NaOH-activated SCW biochars,NXP,253.7893399,dann_lambda_0.5,71,202.95386,50.83548,True
14731060229230471192,NaOH-activated SCW biochars,DCF,54.75327727,dann_lambda_0.5,71,61.39814,6.644863,True
5541933350374393212,NaOH-activated SCW biochars,DCF,77.09472432,dann_lambda_0.5,71,87.67337,10.578644,True
12615432238208671005,NaOH-activated SCW biochars,DCF,92.0230423,dann_lambda_0.5,71,112.36014,20.337097,True
10427946335696234203,NaOH-activated SCW biochars,DCF,95.69277177,dann_lambda_0.5,71,120.53598,24.843208,True
6260261985190404920,NaOH-activated SCW biochars,IBU,52.90707681,dann_lambda_0.5,71,46.542377,6.3647003,True
599381209477399324,NaOH-activated SCW biochars,IBU,66.76808811,dann_lambda_0.5,71,70.10249,3.334404,True
3926410718330234365,NaOH-activated SCW biochars,IBU,70.35687624,dann_lambda_0.5,71,95.90498,25.548111,True
3396071663462261947,NaOH-activated SCW biochars,IBU,73.29670399,dann_lambda_0.5,71,105.55784,32.26113,True
12143757583447324994,NaOH-activated SCW biochars,NPX,190.595886,dann_lambda_0.5,71,196.24066,5.6447754,True
7070640037739440319,NaOH-activated SCW biochars,NPX,172.0266924,dann_lambda_0.5,71,190.38795,18.361267,True
852043111923116922,NaOH-activated SCW biochars,NPX,152.656609,dann_lambda_0.5,71,188.11613,35.45952,True
15261173828235182569,NaOH-activated SCW biochars,NPX,145.3785096,dann_lambda_0.5,71,158.69382,13.315308,True
18018378148491117671,NaOH-activated SCW biochars,DCF,96.67411867,dann_lambda_0.5,71,126.95627,30.28215,True
1787412344397427871,NaOH-activated SCW biochars,DCF,62.75924066,dann_lambda_0.5,71,95.50702,32.74778,True
17454219733314565792,NaOH-activated SCW biochars,DCF,51.973701,dann_lambda_0.5,71,83.70235,31.728645,True
1502419750140885639,NaOH-activated SCW biochars,IBU,94.31416328,dann_lambda_0.5,71,112.2036,17.889435,True
15807910494372115647,NaOH-activated SCW biochars,IBU,50.22163876,dann_lambda_0.5,71,68.77008,18.548443,True
8791253579198486592,NaOH-activated SCW biochars,IBU,38.06104336,dann_lambda_0.5,71,63.981537,25.920494,True
665404155957715216,NaOH-activated SCW biochars,NPX,177.1620054,dann_lambda_0.5,71,191.0202,13.8582,True
6827103232613768791,NaOH-activated SCW biochars,NPX,179.105641,dann_lambda_0.5,71,192.96217,13.856537,True
18203435778758194360,NaOH-activated SCW biochars,NPX,186.0584129,dann_lambda_0.5,71,194.49406,8.435654,True
5759522579916954172,NaOH-activated SCW biochars,NPX,181.2017167,dann_lambda_0.5,71,193.16728,11.965561,True
664633524360232258,NaOH-activated SCW biochars,NPX,182.9370612,dann_lambda_0.5,71,190.37788,7.4408264,True
13641899622687088449,NaOH-activated SCW biochars,DCF,76.95847226,dann_lambda_0.5,71,110.3926,33.434128,False
9393633767651503122,NaOH-activated SCW biochars,DCF,83.56161718499999,dann_lambda_0.5,71,111.21387,27.652252,False
5981541925235720617,NaOH-activated SCW biochars,DCF,85.17762947,dann_lambda_0.5,71,111.715836,26.538208,False
6023530469711918669,NaOH-activated SCW biochars,DCF,80.57171083,dann_lambda_0.5,71,110.305046,29.733337,False
532790910543730727,NaOH-activated SCW biochars,DCF,79.58071398,dann_lambda_0.5,71,107.361145,27.780434,False
12079174347632602273,NaOH-activated SCW biochars,IBU,69.72658596,dann_lambda_0.5,71,87.38553,17.658943,False
3049006844620542258,NaOH-activated SCW biochars,IBU,73.17741615,dann_lambda_0.5,71,87.85619,14.67878,False
4855520275444175689,NaOH-activated SCW biochars,IBU,75.69155256,dann_lambda_0.5,71,87.86704,12.175491,False
5514219354175734125,NaOH-activated SCW biochars,IBU,76.30216313,dann_lambda_0.5,71,85.766464,9.464302,False
7156357989100352967,NaOH-activated SCW biochars,IBU,71.70044321,dann_lambda_0.5,71,83.58684,11.886398,False
6812290224175752247,NaOH-activated SCW biochars,NPX,167.0779885,dann_lambda_0.5,71,187.73395,20.65596,True
9153488855957792255,NaOH-activated SCW biochars,NPX,181.832546,dann_lambda_0.5,71,189.6386,7.8060455,True
12341295020867722114,NaOH-activated SCW biochars,DCF,72.89459636,dann_lambda_0.5,71,84.67491,11.780312,True
8138945238617595290,NaOH-activated SCW biochars,DCF,87.78495046,dann_lambda_0.5,71,114.01839,26.233437,True
95817833491593826,NaOH-activated SCW biochars,IBU,57.641649,dann_lambda_0.5,71,71.250534,13.608887,True
12299775327561621562,NaOH-activated SCW biochars,IBU,69.79127526,dann_lambda_0.5,71,94.36036,24.569084,True
17053035532018455372,Pristine SCW Biochar,NXP,0.0,dann_lambda_1.0,11,16.651203,16.651203,True
17098923533429936836,Pristine SCW Biochar,NXP,14.44646584,dann_lambda_1.0,11,16.686834,2.2403688,True
13215046423171528219,Pristine SCW Biochar,NXP,15.62173129,dann_lambda_1.0,11,16.676695,1.0549631,True
16825237191054845665,Pristine SCW Biochar,NXP,16.88164032,dann_lambda_1.0,11,16.522598,0.3590412,True
6982030516250217062,Pristine SCW Biochar,NXP,17.00858908,dann_lambda_1.0,11,16.261604,0.7469845,True
2755595898843553677,Pristine SCW Biochar,NXP,17.4625326,dann_lambda_1.0,11,15.440987,2.0215454,True
12146535126227506594,Pristine SCW Biochar,NXP,17.54960963,dann_lambda_1.0,11,14.785011,2.7645988,True
2569984335539275158,Pristine SCW Biochar,NXP,17.71590352,dann_lambda_1.0,11,14.203506,3.5123978,True
6648755328613141350,Pristine SCW Biochar,NXP,16.30019973,dann_lambda_1.0,11,12.334587,3.9656124,True
1214539223634647286,Pristine SCW Biochar,DCF,0.0,dann_lambda_1.0,11,15.019001,15.019001,True
335119549853506142,Pristine SCW Biochar,DCF,16.15534017,dann_lambda_1.0,11,14.982597,1.1727428,True
13581708233989788697,Pristine SCW Biochar,DCF,17.94998036,dann_lambda_1.0,11,14.946594,3.0033855,True
4071952786420779155,Pristine SCW Biochar,DCF,18.6868745,dann_lambda_1.0,11,14.875774,3.8111,True
16575937784576867068,Pristine SCW Biochar,DCF,19.22913671,dann_lambda_1.0,11,14.801449,4.4276886,True
16662543744214429559,Pristine SCW Biochar,DCF,19.16432581,dann_lambda_1.0,11,15.133362,4.030964,True
1002991668870794336,Pristine SCW Biochar,DCF,19.8012145,dann_lambda_1.0,11,15.1156845,4.6855297,True
3713179060534583340,Pristine SCW Biochar,DCF,20.25228212,dann_lambda_1.0,11,15.10442,5.1478615,True
329814341262190588,Pristine SCW Biochar,DCF,19.121072145,dann_lambda_1.0,11,14.996891,4.1241817,True
2051404940871207638,Pristine SCW Biochar,IBU,0.0,dann_lambda_1.0,11,12.746262,12.746262,True
10658327680642255806,Pristine SCW Biochar,IBU,16.89988512,dann_lambda_1.0,11,12.735657,4.1642284,True
3790332834202311929,Pristine SCW Biochar,IBU,18.17632699,dann_lambda_1.0,11,12.725594,5.450733,True
10796766321469813683,Pristine SCW Biochar,IBU,19.26992768,dann_lambda_1.0,11,12.707153,6.5627747,True
17200286515181460444,Pristine SCW Biochar,IBU,19.78484896,dann_lambda_1.0,11,12.656437,7.1284122,True
11008431144893168087,Pristine SCW Biochar,IBU,19.78377849,dann_lambda_1.0,11,12.879879,6.9039,True
18432371715842126336,Pristine SCW Biochar,IBU,20.67835043,dann_lambda_1.0,11,13.508759,7.169592,True
8910712751277851660,Pristine SCW Biochar,IBU,20.66529595,dann_lambda_1.0,11,13.670055,6.995241,True
16737703975485143772,Pristine SCW Biochar,IBU,20.025033185,dann_lambda_1.0,11,13.432411,6.5926228,True
5976292064867976036,Pristine SCW Biochar,NXP,8.513560872,dann_lambda_1.0,11,-1.6069794,10.120541,False
16638446263550319536,Pristine SCW Biochar,NXP,10.18427058,dann_lambda_1.0,11,3.1152534,7.0690174,False
14247326399820608681,Pristine SCW Biochar,NXP,23.66355817,dann_lambda_1.0,11,23.986,0.3224411,False
3626679836655073239,Pristine SCW Biochar,NXP,32.83624096,dann_lambda_1.0,11,40.40281,7.5665665,False
1938230782418544334,Pristine SCW Biochar,DCF,6.910849115,dann_lambda_1.0,11,1.9287262,4.982123,False
17509084134776967386,Pristine SCW Biochar,DCF,11.94615928,dann_lambda_1.0,11,8.838936,3.1072235,False
9214597997492623055,Pristine SCW Biochar,DCF,21.51003422,dann_lambda_1.0,11,21.789251,0.27921677,False
15613626881432330545,Pristine SCW Biochar,DCF,32.55652461,dann_lambda_1.0,11,31.26481,1.2917156,False
1249904749956654510,Pristine SCW Biochar,IBU,10.935518415,dann_lambda_1.0,11,2.2336884,8.70183,False
9750239826985509562,Pristine SCW Biochar,IBU,13.35058334,dann_lambda_1.0,11,9.123447,4.2271357,False
12415649059408947823,Pristine SCW Biochar,IBU,23.23297655,dann_lambda_1.0,11,21.221592,2.011385,False
493397566369541585,Pristine SCW Biochar,IBU,33.23850263,dann_lambda_1.0,11,30.944408,2.294094,False
2431818629244494460,Pristine SCW Biochar,NPX,21.49577512,dann_lambda_1.0,11,24.648422,3.152647,True
14632511503543224213,Pristine SCW Biochar,NPX,18.26438455,dann_lambda_1.0,11,16.965185,1.2992,True
10158343563720824836,Pristine SCW Biochar,NPX,17.26357285,dann_lambda_1.0,11,10.304493,6.9590797,True
8860467251718062619,Pristine SCW Biochar,NPX,16.13579508,dann_lambda_1.0,11,8.812984,7.322811,True
7708639079549094677,Pristine SCW Biochar,DCF,21.75317842,dann_lambda_1.0,11,20.44193,1.3112469,True
15693684484887973741,Pristine SCW Biochar,DCF,19.16141715,dann_lambda_1.0,11,8.73518,10.426237,True
12068268132093545302,Pristine SCW Biochar,DCF,17.98311701,dann_lambda_1.0,11,7.3739586,10.609158,True
3805779553248948725,Pristine SCW Biochar,IBU,22.89928752,dann_lambda_1.0,11,20.162003,2.7372856,True
8203542750957706445,Pristine SCW Biochar,IBU,18.5045802,dann_lambda_1.0,11,9.279324,9.225256,True
8619013912121469110,Pristine SCW Biochar,IBU,17.26124304,dann_lambda_1.0,11,8.3624115,8.898832,True
16755461862370840366,Pristine SCW Biochar,NPX,18.38244058,dann_lambda_1.0,11,18.04304,0.33940125,True
6288762701156006317,Pristine SCW Biochar,NPX,17.29507799,dann_lambda_1.0,11,18.590078,1.2950001,True
2461942620734296822,Pristine SCW Biochar,NPX,18.3312792,dann_lambda_1.0,11,20.069134,1.737854,True
14915493390938448242,Pristine SCW Biochar,NPX,17.59235683,dann_lambda_1.0,11,21.56865,3.9762917,True
14561758705567463404,Pristine SCW Biochar,NPX,16.04739171,dann_lambda_1.0,11,23.241953,7.194561,True
4659234226800065611,Pristine SCW Biochar,DCF,16.653938,dann_lambda_1.0,11,16.015816,0.63812256,False
11469103634136059972,Pristine SCW Biochar,DCF,16.3975333,dann_lambda_1.0,11,17.298403,0.90086937,False
13255282744427241635,Pristine SCW Biochar,DCF,16.61566462,dann_lambda_1.0,11,18.294271,1.678606,False
2813337390772277759,Pristine SCW Biochar,DCF,16.02054824,dann_lambda_1.0,11,19.559881,3.5393333,False
12147411485588615077,Pristine SCW Biochar,DCF,16.12257134,dann_lambda_1.0,11,20.420883,4.298311,False
3619321008973724267,Pristine SCW Biochar,IBU,16.58306542,dann_lambda_1.0,11,14.09523,2.487835,False
6767561828512103332,Pristine SCW Biochar,IBU,15.96808891,dann_lambda_1.0,11,15.851601,0.11648846,False
14598158743120574339,Pristine SCW Biochar,IBU,16.56583978,dann_lambda_1.0,11,18.851622,2.2857819,False
12552377453823545695,Pristine SCW Biochar,IBU,17.10001985,dann_lambda_1.0,11,20.018028,2.9180088,False
15269897442523904645,Pristine SCW Biochar,IBU,15.62815373,dann_lambda_1.0,11,21.003027,5.374873,False
14527147495807567373,Pristine SCW Biochar,NPX,17.10889887,dann_lambda_1.0,11,15.855999,1.2528992,True
18242488890160064085,Pristine SCW Biochar,NPX,18.50934797,dann_lambda_1.0,11,19.347288,0.8379402,True
9217257676294177556,Pristine SCW Biochar,DCF,18.40713328,dann_lambda_1.0,11,15.402187,3.0049458,True
6194712352110633020,Pristine SCW Biochar,DCF,20.02057158,dann_lambda_1.0,11,15.1861,4.8344707,True
7086304982263032628,Pristine SCW Biochar,IBU,19.90873317,dann_lambda_1.0,11,14.075436,5.8332977,True
870809365627718684,Pristine SCW Biochar,IBU,21.2613338,dann_lambda_1.0,11,13.571671,7.689663,True
11463466362237138402,NaOH-activated SCW biochars,NXP,0.0,dann_lambda_1.0,11,162.01363,162.01363,True
12429355053059418026,NaOH-activated SCW biochars,NXP,90.16372742,dann_lambda_1.0,11,163.13553,72.9718,True
14609237521165358149,NaOH-activated SCW biochars,NXP,104.2284102,dann_lambda_1.0,11,164.24771,60.019302,True
446328556523201111,NaOH-activated SCW biochars,NXP,130.9519993,dann_lambda_1.0,11,166.43472,35.482727,True
1551655804826946544,NaOH-activated SCW biochars,NXP,153.5606127,dann_lambda_1.0,11,170.62704,17.066437,True
12674212456835948851,NaOH-activated SCW biochars,NXP,166.7371919,dann_lambda_1.0,11,178.12091,11.383713,True
12588539707960640012,NaOH-activated SCW biochars,NXP,174.3891721,dann_lambda_1.0,11,183.20645,8.817276,True
3988610212697559040,NaOH-activated SCW biochars,NXP,174.0987509,dann_lambda_1.0,11,186.25294,12.15419,True
10547200906881874672,NaOH-activated SCW biochars,NXP,179.92426765,dann_lambda_1.0,11,176.91354,3.010727,True
4097433552957510200,NaOH-activated SCW biochars,DCF,0.0,dann_lambda_1.0,11,92.173775,92.173775,True
8973503642251044448,NaOH-activated SCW biochars,DCF,48.76561963,dann_lambda_1.0,11,92.208145,43.442524,True
8132899750145070855,NaOH-activated SCW biochars,DCF,60.68388993,dann_lambda_1.0,11,92.2388,31.554909,True
10455380725152883637,NaOH-activated SCW biochars,DCF,73.87287411,dann_lambda_1.0,11,92.28902,18.416145,True
3249913649156960858,NaOH-activated SCW biochars,DCF,82.2331982,dann_lambda_1.0,11,92.17154,9.938339,True
2892051548520492425,NaOH-activated SCW biochars,DCF,81.93930885,dann_lambda_1.0,11,92.15384,10.214531,True
13926868731529471070,NaOH-activated SCW biochars,DCF,82.83055081,dann_lambda_1.0,11,92.537254,9.706703,True
6280546985017538186,NaOH-activated SCW biochars,DCF,82.6411851,dann_lambda_1.0,11,92.28575,9.644569,True
14802185984964681562,NaOH-activated SCW biochars,DCF,77.22438452,dann_lambda_1.0,11,88.08425,10.859863,True
18031951279925841496,NaOH-activated SCW biochars,IBU,0.0,dann_lambda_1.0,11,59.00537,59.00537,True
7439356660872997760,NaOH-activated SCW biochars,IBU,38.20195295,dann_lambda_1.0,11,59.31118,21.109226,True
3280576637481085735,NaOH-activated SCW biochars,IBU,49.12704629,dann_lambda_1.0,11,59.627205,10.50016,True
2475666081309423509,NaOH-activated SCW biochars,IBU,62.99284614,dann_lambda_1.0,11,60.248634,2.744213,True
7140885989460122234,NaOH-activated SCW biochars,IBU,65.00045691,dann_lambda_1.0,11,61.475067,3.5253906,True
5352559836577404585,NaOH-activated SCW biochars,IBU,65.18409441,dann_lambda_1.0,11,65.18511,0.0010147095,True
271021551376951870,NaOH-activated SCW biochars,IBU,65.30178063,dann_lambda_1.0,11,67.27541,1.9736328,True
4601601497501002282,NaOH-activated SCW biochars,IBU,65.65806376,dann_lambda_1.0,11,68.90997,3.2519073,True
14131146040637425530,NaOH-activated SCW biochars,IBU,65.65332219000001,dann_lambda_1.0,11,71.683945,6.0306244,True
16405048272212825666,NaOH-activated SCW biochars,NXP,64.8903021,dann_lambda_1.0,11,67.30622,2.4159164,True
13765390047063166502,NaOH-activated SCW biochars,NXP,126.0338032,dann_lambda_1.0,11,134.22568,8.191872,True
3540536502839737235,NaOH-activated SCW biochars,NXP,225.3867619,dann_lambda_1.0,11,189.19131,36.19545,True
10087744159834544517,NaOH-activated SCW biochars,NXP,253.7893399,dann_lambda_1.0,11,183.2871,70.50224,True
14731060229230471192,NaOH-activated SCW biochars,DCF,54.75327727,dann_lambda_1.0,11,48.210587,6.5426903,True
5541933350374393212,NaOH-activated SCW biochars,DCF,77.09472432,dann_lambda_1.0,11,68.46814,8.626587,True
12615432238208671005,NaOH-activated SCW biochars,DCF,92.0230423,dann_lambda_1.0,11,101.55904,9.5359955,True
10427946335696234203,NaOH-activated SCW biochars,DCF,95.69277177,dann_lambda_1.0,11,104.009224,8.316452,True
6260261985190404920,NaOH-activated SCW biochars,IBU,52.90707681,dann_lambda_1.0,11,46.831627,6.075451,True
599381209477399324,NaOH-activated SCW biochars,IBU,66.76808811,dann_lambda_1.0,11,58.74151,8.026581,True
3926410718330234365,NaOH-activated SCW biochars,IBU,70.35687624,dann_lambda_1.0,11,79.33922,8.982346,True
3396071663462261947,NaOH-activated SCW biochars,IBU,73.29670399,dann_lambda_1.0,11,81.58303,8.286324,True
12143757583447324994,NaOH-activated SCW biochars,NPX,190.595886,dann_lambda_1.0,11,187.81866,2.7772217,True
7070640037739440319,NaOH-activated SCW biochars,NPX,172.0266924,dann_lambda_1.0,11,190.88568,18.858994,True
852043111923116922,NaOH-activated SCW biochars,NPX,152.656609,dann_lambda_1.0,11,182.02452,29.367905,True
15261173828235182569,NaOH-activated SCW biochars,NPX,145.3785096,dann_lambda_1.0,11,149.03635,3.657837,True
18018378148491117671,NaOH-activated SCW biochars,DCF,96.67411867,dann_lambda_1.0,11,118.052765,21.378647,True
1787412344397427871,NaOH-activated SCW biochars,DCF,62.75924066,dann_lambda_1.0,11,81.12761,18.36837,True
17454219733314565792,NaOH-activated SCW biochars,DCF,51.973701,dann_lambda_1.0,11,78.038,26.0643,True
1502419750140885639,NaOH-activated SCW biochars,IBU,94.31416328,dann_lambda_1.0,11,107.87393,13.559769,True
15807910494372115647,NaOH-activated SCW biochars,IBU,50.22163876,dann_lambda_1.0,11,65.26885,15.0472145,True
8791253579198486592,NaOH-activated SCW biochars,IBU,38.06104336,dann_lambda_1.0,11,72.7355,34.674454,True
665404155957715216,NaOH-activated SCW biochars,NPX,177.1620054,dann_lambda_1.0,11,192.29933,15.137329,True
6827103232613768791,NaOH-activated SCW biochars,NPX,179.105641,dann_lambda_1.0,11,191.31898,12.213348,True
18203435778758194360,NaOH-activated SCW biochars,NPX,186.0584129,dann_lambda_1.0,11,189.33026,3.2718506,True
5759522579916954172,NaOH-activated SCW biochars,NPX,181.2017167,dann_lambda_1.0,11,185.50075,4.2990265,True
664633524360232258,NaOH-activated SCW biochars,NPX,182.9370612,dann_lambda_1.0,11,180.97289,1.9641724,True
13641899622687088449,NaOH-activated SCW biochars,DCF,76.95847226,dann_lambda_1.0,11,90.57548,13.617004,False
9393633767651503122,NaOH-activated SCW biochars,DCF,83.56161718499999,dann_lambda_1.0,11,91.4657,7.9040833,False
5981541925235720617,NaOH-activated SCW biochars,DCF,85.17762947,dann_lambda_1.0,11,93.91676,8.739136,False
6023530469711918669,NaOH-activated SCW biochars,DCF,80.57171083,dann_lambda_1.0,11,94.56173,13.990021,False
532790910543730727,NaOH-activated SCW biochars,DCF,79.58071398,dann_lambda_1.0,11,95.87453,16.293816,False
12079174347632602273,NaOH-activated SCW biochars,IBU,69.72658596,dann_lambda_1.0,11,71.68391,1.9573212,False
3049006844620542258,NaOH-activated SCW biochars,IBU,73.17741615,dann_lambda_1.0,11,73.15222,0.02519226,False
4855520275444175689,NaOH-activated SCW biochars,IBU,75.69155256,dann_lambda_1.0,11,74.45003,1.2415237,False
5514219354175734125,NaOH-activated SCW biochars,IBU,76.30216313,dann_lambda_1.0,11,77.82547,1.5233078,False
7156357989100352967,NaOH-activated SCW biochars,IBU,71.70044321,dann_lambda_1.0,11,78.965195,7.2647552,False
6812290224175752247,NaOH-activated SCW biochars,NPX,167.0779885,dann_lambda_1.0,11,175.24155,8.163559,True
9153488855957792255,NaOH-activated SCW biochars,NPX,181.832546,dann_lambda_1.0,11,189.06746,7.234909,True
12341295020867722114,NaOH-activated SCW biochars,DCF,72.89459636,dann_lambda_1.0,11,82.20379,9.309189,True
8138945238617595290,NaOH-activated SCW biochars,DCF,87.78495046,dann_lambda_1.0,11,104.816315,17.031364,True
95817833491593826,NaOH-activated SCW biochars,IBU,57.641649,dann_lambda_1.0,11,66.52277,8.881126,True
12299775327561621562,NaOH-activated SCW biochars,IBU,69.79127526,dann_lambda_1.0,11,89.73714,19.945862,True
17053035532018455372,Pristine SCW Biochar,NXP,0.0,dann_lambda_1.0,23,12.4742775,12.4742775,True
17098923533429936836,Pristine SCW Biochar,NXP,14.44646584,dann_lambda_1.0,23,12.488113,1.9583521,True
13215046423171528219,Pristine SCW Biochar,NXP,15.62173129,dann_lambda_1.0,23,12.504532,3.1172,True
16825237191054845665,Pristine SCW Biochar,NXP,16.88164032,dann_lambda_1.0,23,12.54538,4.33626,True
6982030516250217062,Pristine SCW Biochar,NXP,17.00858908,dann_lambda_1.0,23,13.025284,3.983305,True
2755595898843553677,Pristine SCW Biochar,NXP,17.4625326,dann_lambda_1.0,23,14.82655,2.6359825,True
12146535126227506594,Pristine SCW Biochar,NXP,17.54960963,dann_lambda_1.0,23,15.825722,1.7238884,True
2569984335539275158,Pristine SCW Biochar,NXP,17.71590352,dann_lambda_1.0,23,15.628666,2.0872383,True
6648755328613141350,Pristine SCW Biochar,NXP,16.30019973,dann_lambda_1.0,23,15.055298,1.2449017,True
1214539223634647286,Pristine SCW Biochar,DCF,0.0,dann_lambda_1.0,23,15.193737,15.193737,True
335119549853506142,Pristine SCW Biochar,DCF,16.15534017,dann_lambda_1.0,23,15.132648,1.0226917,True
13581708233989788697,Pristine SCW Biochar,DCF,17.94998036,dann_lambda_1.0,23,15.080025,2.869955,True
4071952786420779155,Pristine SCW Biochar,DCF,18.6868745,dann_lambda_1.0,23,14.974419,3.7124557,True
16575937784576867068,Pristine SCW Biochar,DCF,19.22913671,dann_lambda_1.0,23,14.777149,4.451988,True
16662543744214429559,Pristine SCW Biochar,DCF,19.16432581,dann_lambda_1.0,23,14.55682,4.607506,True
1002991668870794336,Pristine SCW Biochar,DCF,19.8012145,dann_lambda_1.0,23,15.207764,4.5934505,True
3713179060534583340,Pristine SCW Biochar,DCF,20.25228212,dann_lambda_1.0,23,15.823959,4.428322,True
329814341262190588,Pristine SCW Biochar,DCF,19.121072145,dann_lambda_1.0,23,14.897919,4.223154,True
2051404940871207638,Pristine SCW Biochar,IBU,0.0,dann_lambda_1.0,23,15.176468,15.176468,True
10658327680642255806,Pristine SCW Biochar,IBU,16.89988512,dann_lambda_1.0,23,15.211834,1.6880512,True
3790332834202311929,Pristine SCW Biochar,IBU,18.17632699,dann_lambda_1.0,23,15.248707,2.92762,True
10796766321469813683,Pristine SCW Biochar,IBU,19.26992768,dann_lambda_1.0,23,15.310734,3.9591942,True
17200286515181460444,Pristine SCW Biochar,IBU,19.78484896,dann_lambda_1.0,23,15.438503,4.346346,True
11008431144893168087,Pristine SCW Biochar,IBU,19.78377849,dann_lambda_1.0,23,15.465958,4.3178215,True
18432371715842126336,Pristine SCW Biochar,IBU,20.67835043,dann_lambda_1.0,23,15.412342,5.2660084,True
8910712751277851660,Pristine SCW Biochar,IBU,20.66529595,dann_lambda_1.0,23,15.047089,5.618208,True
16737703975485143772,Pristine SCW Biochar,IBU,20.025033185,dann_lambda_1.0,23,14.347488,5.6775455,True
5976292064867976036,Pristine SCW Biochar,NXP,8.513560872,dann_lambda_1.0,23,7.5743637,0.93919754,False
16638446263550319536,Pristine SCW Biochar,NXP,10.18427058,dann_lambda_1.0,23,10.007454,0.17681694,False
14247326399820608681,Pristine SCW Biochar,NXP,23.66355817,dann_lambda_1.0,23,24.849321,1.1857624,False
3626679836655073239,Pristine SCW Biochar,NXP,32.83624096,dann_lambda_1.0,23,43.064007,10.227764,False
1938230782418544334,Pristine SCW Biochar,DCF,6.910849115,dann_lambda_1.0,23,9.718605,2.807756,False
17509084134776967386,Pristine SCW Biochar,DCF,11.94615928,dann_lambda_1.0,23,12.409603,0.46344376,False
9214597997492623055,Pristine SCW Biochar,DCF,21.51003422,dann_lambda_1.0,23,20.46876,1.041275,False
15613626881432330545,Pristine SCW Biochar,DCF,32.55652461,dann_lambda_1.0,23,31.603119,0.9534073,False
1249904749956654510,Pristine SCW Biochar,IBU,10.935518415,dann_lambda_1.0,23,9.3544655,1.5810528,False
9750239826985509562,Pristine SCW Biochar,IBU,13.35058334,dann_lambda_1.0,23,11.922756,1.4278269,False
12415649059408947823,Pristine SCW Biochar,IBU,23.23297655,dann_lambda_1.0,23,20.58951,2.643467,False
493397566369541585,Pristine SCW Biochar,IBU,33.23850263,dann_lambda_1.0,23,27.121656,6.116846,False
2431818629244494460,Pristine SCW Biochar,NPX,21.49577512,dann_lambda_1.0,23,19.347538,2.1482372,True
14632511503543224213,Pristine SCW Biochar,NPX,18.26438455,dann_lambda_1.0,23,13.959709,4.304676,True
10158343563720824836,Pristine SCW Biochar,NPX,17.26357285,dann_lambda_1.0,23,13.38129,3.8822823,True
8860467251718062619,Pristine SCW Biochar,NPX,16.13579508,dann_lambda_1.0,23,15.4563675,0.6794281,True
7708639079549094677,Pristine SCW Biochar,DCF,21.75317842,dann_lambda_1.0,23,22.985369,1.2321911,True
15693684484887973741,Pristine SCW Biochar,DCF,19.16141715,dann_lambda_1.0,23,12.449825,6.7115917,True
12068268132093545302,Pristine SCW Biochar,DCF,17.98311701,dann_lambda_1.0,23,13.315472,4.6676445,True
3805779553248948725,Pristine SCW Biochar,IBU,22.89928752,dann_lambda_1.0,23,17.93944,4.9598484,True
8203542750957706445,Pristine SCW Biochar,IBU,18.5045802,dann_lambda_1.0,23,14.130363,4.374216,True
8619013912121469110,Pristine SCW Biochar,IBU,17.26124304,dann_lambda_1.0,23,14.359875,2.901369,True
16755461862370840366,Pristine SCW Biochar,NPX,18.38244058,dann_lambda_1.0,23,13.664852,4.7175884,True
6288762701156006317,Pristine SCW Biochar,NPX,17.29507799,dann_lambda_1.0,23,13.729958,3.5651207,True
2461942620734296822,Pristine SCW Biochar,NPX,18.3312792,dann_lambda_1.0,23,14.604149,3.727131,True
14915493390938448242,Pristine SCW Biochar,NPX,17.59235683,dann_lambda_1.0,23,15.094681,2.4976768,True
14561758705567463404,Pristine SCW Biochar,NPX,16.04739171,dann_lambda_1.0,23,15.031967,1.0154247,True
4659234226800065611,Pristine SCW Biochar,DCF,16.653938,dann_lambda_1.0,23,14.347649,2.3062897,False
11469103634136059972,Pristine SCW Biochar,DCF,16.3975333,dann_lambda_1.0,23,14.453129,1.9444046,False
13255282744427241635,Pristine SCW Biochar,DCF,16.61566462,dann_lambda_1.0,23,14.427624,2.1880417,False
2813337390772277759,Pristine SCW Biochar,DCF,16.02054824,dann_lambda_1.0,23,14.372322,1.6482258,False
12147411485588615077,Pristine SCW Biochar,DCF,16.12257134,dann_lambda_1.0,23,13.366711,2.7558613,False
3619321008973724267,Pristine SCW Biochar,IBU,16.58306542,dann_lambda_1.0,23,14.264622,2.3184433,False
6767561828512103332,Pristine SCW Biochar,IBU,15.96808891,dann_lambda_1.0,23,14.31485,1.6532393,False
14598158743120574339,Pristine SCW Biochar,IBU,16.56583978,dann_lambda_1.0,23,14.62698,1.9388599,False
12552377453823545695,Pristine SCW Biochar,IBU,17.10001985,dann_lambda_1.0,23,14.846172,2.2538471,False
15269897442523904645,Pristine SCW Biochar,IBU,15.62815373,dann_lambda_1.0,23,15.044159,0.58399487,False
14527147495807567373,Pristine SCW Biochar,NPX,17.10889887,dann_lambda_1.0,23,15.451611,1.6572876,True
18242488890160064085,Pristine SCW Biochar,NPX,18.50934797,dann_lambda_1.0,23,14.29179,4.217558,True
9217257676294177556,Pristine SCW Biochar,DCF,18.40713328,dann_lambda_1.0,23,12.629982,5.777151,True
6194712352110633020,Pristine SCW Biochar,DCF,20.02057158,dann_lambda_1.0,23,18.401875,1.6186962,True
7086304982263032628,Pristine SCW Biochar,IBU,19.90873317,dann_lambda_1.0,23,14.595119,5.313614,True
870809365627718684,Pristine SCW Biochar,IBU,21.2613338,dann_lambda_1.0,23,16.971235,4.290098,True
11463466362237138402,NaOH-activated SCW biochars,NXP,0.0,dann_lambda_1.0,23,161.49077,161.49077,True
12429355053059418026,NaOH-activated SCW biochars,NXP,90.16372742,dann_lambda_1.0,23,162.5874,72.423676,True
14609237521165358149,NaOH-activated SCW biochars,NXP,104.2284102,dann_lambda_1.0,23,163.68086,59.452454,True
446328556523201111,NaOH-activated SCW biochars,NXP,130.9519993,dann_lambda_1.0,23,165.8567,34.90471,True
1551655804826946544,NaOH-activated SCW biochars,NXP,153.5606127,dann_lambda_1.0,23,170.40935,16.84874,True
12674212456835948851,NaOH-activated SCW biochars,NXP,166.7371919,dann_lambda_1.0,23,177.68771,10.950516,True
12588539707960640012,NaOH-activated SCW biochars,NXP,174.3891721,dann_lambda_1.0,23,183.05385,8.664673,True
3988610212697559040,NaOH-activated SCW biochars,NXP,174.0987509,dann_lambda_1.0,23,187.0625,12.963745,True
10547200906881874672,NaOH-activated SCW biochars,NXP,179.92426765,dann_lambda_1.0,23,190.3584,10.434128,True
4097433552957510200,NaOH-activated SCW biochars,DCF,0.0,dann_lambda_1.0,23,82.627106,82.627106,True
8973503642251044448,NaOH-activated SCW biochars,DCF,48.76561963,dann_lambda_1.0,23,83.142204,34.376583,True
8132899750145070855,NaOH-activated SCW biochars,DCF,60.68388993,dann_lambda_1.0,23,83.64589,22.961998,True
10455380725152883637,NaOH-activated SCW biochars,DCF,73.87287411,dann_lambda_1.0,23,84.61171,10.738838,True
3249913649156960858,NaOH-activated SCW biochars,DCF,82.2331982,dann_lambda_1.0,23,86.0237,3.7904968,True
2892051548520492425,NaOH-activated SCW biochars,DCF,81.93930885,dann_lambda_1.0,23,89.24756,7.3082504,True
13926868731529471070,NaOH-activated SCW biochars,DCF,82.83055081,dann_lambda_1.0,23,92.33467,9.50412,True
6280546985017538186,NaOH-activated SCW biochars,DCF,82.6411851,dann_lambda_1.0,23,94.53301,11.89183,True
14802185984964681562,NaOH-activated SCW biochars,DCF,77.22438452,dann_lambda_1.0,23,93.480385,16.255997,True
18031951279925841496,NaOH-activated SCW biochars,IBU,0.0,dann_lambda_1.0,23,54.860676,54.860676,True
7439356660872997760,NaOH-activated SCW biochars,IBU,38.20195295,dann_lambda_1.0,23,55.42906,17.227108,True
3280576637481085735,NaOH-activated SCW biochars,IBU,49.12704629,dann_lambda_1.0,23,56.00405,6.8770065,True
2475666081309423509,NaOH-activated SCW biochars,IBU,62.99284614,dann_lambda_1.0,23,57.260494,5.732353,True
7140885989460122234,NaOH-activated SCW biochars,IBU,65.00045691,dann_lambda_1.0,23,59.981586,5.0188713,True
5352559836577404585,NaOH-activated SCW biochars,IBU,65.18409441,dann_lambda_1.0,23,64.66526,0.518837,True
271021551376951870,NaOH-activated SCW biochars,IBU,65.30178063,dann_lambda_1.0,23,69.69271,4.39093,True
4601601497501002282,NaOH-activated SCW biochars,IBU,65.65806376,dann_lambda_1.0,23,74.12546,8.467392,True
14131146040637425530,NaOH-activated SCW biochars,IBU,65.65332219000001,dann_lambda_1.0,23,74.69415,9.0408325,True
16405048272212825666,NaOH-activated SCW biochars,NXP,64.8903021,dann_lambda_1.0,23,81.083244,16.19294,True
13765390047063166502,NaOH-activated SCW biochars,NXP,126.0338032,dann_lambda_1.0,23,133.20049,7.1666794,True
3540536502839737235,NaOH-activated SCW biochars,NXP,225.3867619,dann_lambda_1.0,23,212.42128,12.965485,True
10087744159834544517,NaOH-activated SCW biochars,NXP,253.7893399,dann_lambda_1.0,23,218.4133,35.376038,True
14731060229230471192,NaOH-activated SCW biochars,DCF,54.75327727,dann_lambda_1.0,23,57.53233,2.7790527,True
5541933350374393212,NaOH-activated SCW biochars,DCF,77.09472432,dann_lambda_1.0,23,73.26681,3.827919,True
12615432238208671005,NaOH-activated SCW biochars,DCF,92.0230423,dann_lambda_1.0,23,114.03311,22.01007,True
10427946335696234203,NaOH-activated SCW biochars,DCF,95.69277177,dann_lambda_1.0,23,137.08295,41.390175,True
6260261985190404920,NaOH-activated SCW biochars,IBU,52.90707681,dann_lambda_1.0,23,44.447495,8.459583,True
599381209477399324,NaOH-activated SCW biochars,IBU,66.76808811,dann_lambda_1.0,23,56.84379,9.924301,True
3926410718330234365,NaOH-activated SCW biochars,IBU,70.35687624,dann_lambda_1.0,23,88.04457,17.687698,True
3396071663462261947,NaOH-activated SCW biochars,IBU,73.29670399,dann_lambda_1.0,23,89.68271,16.386002,True
12143757583447324994,NaOH-activated SCW biochars,NPX,190.595886,dann_lambda_1.0,23,198.40904,7.813156,True
7070640037739440319,NaOH-activated SCW biochars,NPX,172.0266924,dann_lambda_1.0,23,188.67801,16.651321,True
852043111923116922,NaOH-activated SCW biochars,NPX,152.656609,dann_lambda_1.0,23,167.50308,14.846466,True
15261173828235182569,NaOH-activated SCW biochars,NPX,145.3785096,dann_lambda_1.0,23,130.18799,15.190521,True
18018378148491117671,NaOH-activated SCW biochars,DCF,96.67411867,dann_lambda_1.0,23,110.66829,13.994171,True
1787412344397427871,NaOH-activated SCW biochars,DCF,62.75924066,dann_lambda_1.0,23,86.18005,23.420815,True
17454219733314565792,NaOH-activated SCW biochars,DCF,51.973701,dann_lambda_1.0,23,76.78243,24.808731,True
1502419750140885639,NaOH-activated SCW biochars,IBU,94.31416328,dann_lambda_1.0,23,94.77843,0.46426392,True
15807910494372115647,NaOH-activated SCW biochars,IBU,50.22163876,dann_lambda_1.0,23,68.70549,18.483852,True
8791253579198486592,NaOH-activated SCW biochars,IBU,38.06104336,dann_lambda_1.0,23,64.39136,26.330315,True
665404155957715216,NaOH-activated SCW biochars,NPX,177.1620054,dann_lambda_1.0,23,196.82573,19.663727,True
6827103232613768791,NaOH-activated SCW biochars,NPX,179.105641,dann_lambda_1.0,23,199.87216,20.766525,True
18203435778758194360,NaOH-activated SCW biochars,NPX,186.0584129,dann_lambda_1.0,23,200.20084,14.142426,True
5759522579916954172,NaOH-activated SCW biochars,NPX,181.2017167,dann_lambda_1.0,23,196.4025,15.200775,True
664633524360232258,NaOH-activated SCW biochars,NPX,182.9370612,dann_lambda_1.0,23,190.14384,7.206787,True
13641899622687088449,NaOH-activated SCW biochars,DCF,76.95847226,dann_lambda_1.0,23,93.778076,16.819603,False
9393633767651503122,NaOH-activated SCW biochars,DCF,83.56161718499999,dann_lambda_1.0,23,94.297485,10.73587,False
5981541925235720617,NaOH-activated SCW biochars,DCF,85.17762947,dann_lambda_1.0,23,94.68074,9.503113,False
6023530469711918669,NaOH-activated SCW biochars,DCF,80.57171083,dann_lambda_1.0,23,93.20017,12.628464,False
532790910543730727,NaOH-activated SCW biochars,DCF,79.58071398,dann_lambda_1.0,23,90.52741,10.946701,False
12079174347632602273,NaOH-activated SCW biochars,IBU,69.72658596,dann_lambda_1.0,23,73.57793,3.8513412,False
3049006844620542258,NaOH-activated SCW biochars,IBU,73.17741615,dann_lambda_1.0,23,72.92172,0.25569153,False
4855520275444175689,NaOH-activated SCW biochars,IBU,75.69155256,dann_lambda_1.0,23,71.5489,4.1426544,False
5514219354175734125,NaOH-activated SCW biochars,IBU,76.30216313,dann_lambda_1.0,23,68.899574,7.402588,False
7156357989100352967,NaOH-activated SCW biochars,IBU,71.70044321,dann_lambda_1.0,23,66.80345,4.896988,False
6812290224175752247,NaOH-activated SCW biochars,NPX,167.0779885,dann_lambda_1.0,23,178.0215,10.943512,True
9153488855957792255,NaOH-activated SCW biochars,NPX,181.832546,dann_lambda_1.0,23,191.98521,10.152664,True
12341295020867722114,NaOH-activated SCW biochars,DCF,72.89459636,dann_lambda_1.0,23,81.8237,8.9291,True
8138945238617595290,NaOH-activated SCW biochars,DCF,87.78495046,dann_lambda_1.0,23,103.68465,15.899696,True
95817833491593826,NaOH-activated SCW biochars,IBU,57.641649,dann_lambda_1.0,23,66.2541,8.61245,True
12299775327561621562,NaOH-activated SCW biochars,IBU,69.79127526,dann_lambda_1.0,23,86.53322,16.741943,True
17053035532018455372,Pristine SCW Biochar,NXP,0.0,dann_lambda_1.0,37,8.527481,8.527481,True
17098923533429936836,Pristine SCW Biochar,NXP,14.44646584,dann_lambda_1.0,37,8.440613,6.0058527,True
13215046423171528219,Pristine SCW Biochar,NXP,15.62173129,dann_lambda_1.0,37,8.374405,7.247327,True
16825237191054845665,Pristine SCW Biochar,NXP,16.88164032,dann_lambda_1.0,37,8.260342,8.621298,True
6982030516250217062,Pristine SCW Biochar,NXP,17.00858908,dann_lambda_1.0,37,8.051762,8.956827,True
2755595898843553677,Pristine SCW Biochar,NXP,17.4625326,dann_lambda_1.0,37,7.844944,9.617588,True
12146535126227506594,Pristine SCW Biochar,NXP,17.54960963,dann_lambda_1.0,37,8.06039,9.48922,True
2569984335539275158,Pristine SCW Biochar,NXP,17.71590352,dann_lambda_1.0,37,8.107147,9.608757,True
6648755328613141350,Pristine SCW Biochar,NXP,16.30019973,dann_lambda_1.0,37,7.5617256,8.738474,True
1214539223634647286,Pristine SCW Biochar,DCF,0.0,dann_lambda_1.0,37,13.811779,13.811779,True
335119549853506142,Pristine SCW Biochar,DCF,16.15534017,dann_lambda_1.0,37,13.805771,2.3495693,True
13581708233989788697,Pristine SCW Biochar,DCF,17.94998036,dann_lambda_1.0,37,13.811935,4.1380444,True
4071952786420779155,Pristine SCW Biochar,DCF,18.6868745,dann_lambda_1.0,37,13.84026,4.846615,True
16575937784576867068,Pristine SCW Biochar,DCF,19.22913671,dann_lambda_1.0,37,13.914875,5.3142624,True
16662543744214429559,Pristine SCW Biochar,DCF,19.16432581,dann_lambda_1.0,37,14.122105,5.042221,True
1002991668870794336,Pristine SCW Biochar,DCF,19.8012145,dann_lambda_1.0,37,14.038452,5.762762,True
3713179060534583340,Pristine SCW Biochar,DCF,20.25228212,dann_lambda_1.0,37,14.014069,6.2382126,True
329814341262190588,Pristine SCW Biochar,DCF,19.121072145,dann_lambda_1.0,37,13.675411,5.4456615,True
2051404940871207638,Pristine SCW Biochar,IBU,0.0,dann_lambda_1.0,37,14.001026,14.001026,True
10658327680642255806,Pristine SCW Biochar,IBU,16.89988512,dann_lambda_1.0,37,14.018204,2.8816814,True
3790332834202311929,Pristine SCW Biochar,IBU,18.17632699,dann_lambda_1.0,37,14.036633,4.139694,True
10796766321469813683,Pristine SCW Biochar,IBU,19.26992768,dann_lambda_1.0,37,14.077297,5.192631,True
17200286515181460444,Pristine SCW Biochar,IBU,19.78484896,dann_lambda_1.0,37,14.145691,5.6391582,True
11008431144893168087,Pristine SCW Biochar,IBU,19.78377849,dann_lambda_1.0,37,14.339397,5.4443817,True
18432371715842126336,Pristine SCW Biochar,IBU,20.67835043,dann_lambda_1.0,37,14.617172,6.061178,True
8910712751277851660,Pristine SCW Biochar,IBU,20.66529595,dann_lambda_1.0,37,15.053883,5.611414,True
16737703975485143772,Pristine SCW Biochar,IBU,20.025033185,dann_lambda_1.0,37,15.824322,4.200712,True
5976292064867976036,Pristine SCW Biochar,NXP,8.513560872,dann_lambda_1.0,37,-4.819973,13.333534,False
16638446263550319536,Pristine SCW Biochar,NXP,10.18427058,dann_lambda_1.0,37,0.8191414,9.365129,False
14247326399820608681,Pristine SCW Biochar,NXP,23.66355817,dann_lambda_1.0,37,12.7782135,10.885345,False
3626679836655073239,Pristine SCW Biochar,NXP,32.83624096,dann_lambda_1.0,37,14.806412,18.02983,False
1938230782418544334,Pristine SCW Biochar,DCF,6.910849115,dann_lambda_1.0,37,3.4152145,3.4956346,False
17509084134776967386,Pristine SCW Biochar,DCF,11.94615928,dann_lambda_1.0,37,8.211586,3.7345734,False
9214597997492623055,Pristine SCW Biochar,DCF,21.51003422,dann_lambda_1.0,37,15.751656,5.758379,False
15613626881432330545,Pristine SCW Biochar,DCF,32.55652461,dann_lambda_1.0,37,17.019848,15.536678,False
1249904749956654510,Pristine SCW Biochar,IBU,10.935518415,dann_lambda_1.0,37,8.78344,2.1520786,False
9750239826985509562,Pristine SCW Biochar,IBU,13.35058334,dann_lambda_1.0,37,13.936432,0.5858488,False
12415649059408947823,Pristine SCW Biochar,IBU,23.23297655,dann_lambda_1.0,37,17.026365,6.2066116,False
493397566369541585,Pristine SCW Biochar,IBU,33.23850263,dann_lambda_1.0,37,18.334446,14.904057,False
2431818629244494460,Pristine SCW Biochar,NPX,21.49577512,dann_lambda_1.0,37,16.311966,5.1838093,True
14632511503543224213,Pristine SCW Biochar,NPX,18.26438455,dann_lambda_1.0,37,13.462143,4.8022423,True
10158343563720824836,Pristine SCW Biochar,NPX,17.26357285,dann_lambda_1.0,37,10.5552635,6.708309,True
8860467251718062619,Pristine SCW Biochar,NPX,16.13579508,dann_lambda_1.0,37,13.119835,3.0159607,True
7708639079549094677,Pristine SCW Biochar,DCF,21.75317842,dann_lambda_1.0,37,17.012192,4.740986,True
15693684484887973741,Pristine SCW Biochar,DCF,19.16141715,dann_lambda_1.0,37,8.567585,10.593832,True
12068268132093545302,Pristine SCW Biochar,DCF,17.98311701,dann_lambda_1.0,37,12.074993,5.908123,True
3805779553248948725,Pristine SCW Biochar,IBU,22.89928752,dann_lambda_1.0,37,17.637398,5.2618904,True
8203542750957706445,Pristine SCW Biochar,IBU,18.5045802,dann_lambda_1.0,37,14.755383,3.749197,True
8619013912121469110,Pristine SCW Biochar,IBU,17.26124304,dann_lambda_1.0,37,15.291698,1.9695454,True
16755461862370840366,Pristine SCW Biochar,NPX,18.38244058,dann_lambda_1.0,37,12.778042,5.6043987,True
6288762701156006317,Pristine SCW Biochar,NPX,17.29507799,dann_lambda_1.0,37,13.235882,4.0591965,True
2461942620734296822,Pristine SCW Biochar,NPX,18.3312792,dann_lambda_1.0,37,14.7418785,3.5894012,True
14915493390938448242,Pristine SCW Biochar,NPX,17.59235683,dann_lambda_1.0,37,15.373703,2.2186546,True
14561758705567463404,Pristine SCW Biochar,NPX,16.04739171,dann_lambda_1.0,37,16.179981,0.13258934,True
4659234226800065611,Pristine SCW Biochar,DCF,16.653938,dann_lambda_1.0,37,13.520081,3.1338577,False
11469103634136059972,Pristine SCW Biochar,DCF,16.3975333,dann_lambda_1.0,37,13.067989,3.329544,False
13255282744427241635,Pristine SCW Biochar,DCF,16.61566462,dann_lambda_1.0,37,12.692165,3.9235,False
2813337390772277759,Pristine SCW Biochar,DCF,16.02054824,dann_lambda_1.0,37,12.934044,3.086504,False
12147411485588615077,Pristine SCW Biochar,DCF,16.12257134,dann_lambda_1.0,37,13.104004,3.018568,False
3619321008973724267,Pristine SCW Biochar,IBU,16.58306542,dann_lambda_1.0,37,16.247402,0.33566284,False
6767561828512103332,Pristine SCW Biochar,IBU,15.96808891,dann_lambda_1.0,37,16.901295,0.9332056,False
14598158743120574339,Pristine SCW Biochar,IBU,16.56583978,dann_lambda_1.0,37,17.414621,0.8487816,False
12552377453823545695,Pristine SCW Biochar,IBU,17.10001985,dann_lambda_1.0,37,17.807219,0.7071991,False
15269897442523904645,Pristine SCW Biochar,IBU,15.62815373,dann_lambda_1.0,37,18.210938,2.5827837,False
14527147495807567373,Pristine SCW Biochar,NPX,17.10889887,dann_lambda_1.0,37,14.189278,2.9196205,True
18242488890160064085,Pristine SCW Biochar,NPX,18.50934797,dann_lambda_1.0,37,10.291733,8.217615,True
9217257676294177556,Pristine SCW Biochar,DCF,18.40713328,dann_lambda_1.0,37,12.549503,5.85763,True
6194712352110633020,Pristine SCW Biochar,DCF,20.02057158,dann_lambda_1.0,37,13.524933,6.495638,True
7086304982263032628,Pristine SCW Biochar,IBU,19.90873317,dann_lambda_1.0,37,15.466476,4.442257,True
870809365627718684,Pristine SCW Biochar,IBU,21.2613338,dann_lambda_1.0,37,16.200008,5.061325,True
11463466362237138402,NaOH-activated SCW biochars,NXP,0.0,dann_lambda_1.0,37,145.24474,145.24474,True
12429355053059418026,NaOH-activated SCW biochars,NXP,90.16372742,dann_lambda_1.0,37,147.8789,57.71518,True
14609237521165358149,NaOH-activated SCW biochars,NXP,104.2284102,dann_lambda_1.0,37,150.43275,46.204346,True
446328556523201111,NaOH-activated SCW biochars,NXP,130.9519993,dann_lambda_1.0,37,155.41386,24.461868,True
1551655804826946544,NaOH-activated SCW biochars,NXP,153.5606127,dann_lambda_1.0,37,165.3194,11.758789,True
12674212456835948851,NaOH-activated SCW biochars,NXP,166.7371919,dann_lambda_1.0,37,182.85431,16.117111,True
12588539707960640012,NaOH-activated SCW biochars,NXP,174.3891721,dann_lambda_1.0,37,195.62552,21.236343,True
3988610212697559040,NaOH-activated SCW biochars,NXP,174.0987509,dann_lambda_1.0,37,201.42593,27.327179,True
10547200906881874672,NaOH-activated SCW biochars,NXP,179.92426765,dann_lambda_1.0,37,195.81628,15.892014,True
4097433552957510200,NaOH-activated SCW biochars,DCF,0.0,dann_lambda_1.0,37,84.759026,84.759026,True
8973503642251044448,NaOH-activated SCW biochars,DCF,48.76561963,dann_lambda_1.0,37,85.920425,37.154804,True
8132899750145070855,NaOH-activated SCW biochars,DCF,60.68388993,dann_lambda_1.0,37,87.08994,26.406052,True
10455380725152883637,NaOH-activated SCW biochars,DCF,73.87287411,dann_lambda_1.0,37,89.42484,15.551971,True
3249913649156960858,NaOH-activated SCW biochars,DCF,82.2331982,dann_lambda_1.0,37,93.94395,11.710747,True
2892051548520492425,NaOH-activated SCW biochars,DCF,81.93930885,dann_lambda_1.0,37,97.222305,15.282997,True
13926868731529471070,NaOH-activated SCW biochars,DCF,82.83055081,dann_lambda_1.0,37,98.33801,15.507462,True
6280546985017538186,NaOH-activated SCW biochars,DCF,82.6411851,dann_lambda_1.0,37,98.16887,15.527687,True
14802185984964681562,NaOH-activated SCW biochars,DCF,77.22438452,dann_lambda_1.0,37,90.845924,13.621536,True
18031951279925841496,NaOH-activated SCW biochars,IBU,0.0,dann_lambda_1.0,37,55.820126,55.820126,True
7439356660872997760,NaOH-activated SCW biochars,IBU,38.20195295,dann_lambda_1.0,37,56.590103,18.38815,True
3280576637481085735,NaOH-activated SCW biochars,IBU,49.12704629,dann_lambda_1.0,37,57.328773,8.201729,True
2475666081309423509,NaOH-activated SCW biochars,IBU,62.99284614,dann_lambda_1.0,37,58.752117,4.2407303,True
7140885989460122234,NaOH-activated SCW biochars,IBU,65.00045691,dann_lambda_1.0,37,61.7161,3.284359,True
5352559836577404585,NaOH-activated SCW biochars,IBU,65.18409441,dann_lambda_1.0,37,66.71908,1.5349808,True
271021551376951870,NaOH-activated SCW biochars,IBU,65.30178063,dann_lambda_1.0,37,69.068634,3.7668533,True
4601601497501002282,NaOH-activated SCW biochars,IBU,65.65806376,dann_lambda_1.0,37,71.28659,5.628525,True
14131146040637425530,NaOH-activated SCW biochars,IBU,65.65332219000001,dann_lambda_1.0,37,71.950554,6.2972336,True
16405048272212825666,NaOH-activated SCW biochars,NXP,64.8903021,dann_lambda_1.0,37,61.718025,3.1722794,True
13765390047063166502,NaOH-activated SCW biochars,NXP,126.0338032,dann_lambda_1.0,37,122.71344,3.320366,True
3540536502839737235,NaOH-activated SCW biochars,NXP,225.3867619,dann_lambda_1.0,37,227.95811,2.57135,True
10087744159834544517,NaOH-activated SCW biochars,NXP,253.7893399,dann_lambda_1.0,37,227.74634,26.043,True
14731060229230471192,NaOH-activated SCW biochars,DCF,54.75327727,dann_lambda_1.0,37,56.548958,1.795681,True
5541933350374393212,NaOH-activated SCW biochars,DCF,77.09472432,dann_lambda_1.0,37,72.87543,4.2192993,True
12615432238208671005,NaOH-activated SCW biochars,DCF,92.0230423,dann_lambda_1.0,37,106.48536,14.462318,True
10427946335696234203,NaOH-activated SCW biochars,DCF,95.69277177,dann_lambda_1.0,37,113.07768,17.38491,True
6260261985190404920,NaOH-activated SCW biochars,IBU,52.90707681,dann_lambda_1.0,37,49.798897,3.108181,True
599381209477399324,NaOH-activated SCW biochars,IBU,66.76808811,dann_lambda_1.0,37,68.61331,1.8452225,True
3926410718330234365,NaOH-activated SCW biochars,IBU,70.35687624,dann_lambda_1.0,37,72.84923,2.4923553,True
3396071663462261947,NaOH-activated SCW biochars,IBU,73.29670399,dann_lambda_1.0,37,77.97071,4.6740036,True
12143757583447324994,NaOH-activated SCW biochars,NPX,190.595886,dann_lambda_1.0,37,196.56816,5.972275,True
7070640037739440319,NaOH-activated SCW biochars,NPX,172.0266924,dann_lambda_1.0,37,189.34291,17.316223,True
852043111923116922,NaOH-activated SCW biochars,NPX,152.656609,dann_lambda_1.0,37,171.67216,19.015549,True
15261173828235182569,NaOH-activated SCW biochars,NPX,145.3785096,dann_lambda_1.0,37,136.97194,8.40657,True
18018378148491117671,NaOH-activated SCW biochars,DCF,96.67411867,dann_lambda_1.0,37,116.894775,20.220657,True
1787412344397427871,NaOH-activated SCW biochars,DCF,62.75924066,dann_lambda_1.0,37,88.69092,25.931679,True
17454219733314565792,NaOH-activated SCW biochars,DCF,51.973701,dann_lambda_1.0,37,86.42169,34.44799,True
1502419750140885639,NaOH-activated SCW biochars,IBU,94.31416328,dann_lambda_1.0,37,108.066635,13.752472,True
15807910494372115647,NaOH-activated SCW biochars,IBU,50.22163876,dann_lambda_1.0,37,64.40618,14.184544,True
8791253579198486592,NaOH-activated SCW biochars,IBU,38.06104336,dann_lambda_1.0,37,65.16006,27.099014,True
665404155957715216,NaOH-activated SCW biochars,NPX,177.1620054,dann_lambda_1.0,37,194.5324,17.370392,True
6827103232613768791,NaOH-activated SCW biochars,NPX,179.105641,dann_lambda_1.0,37,195.60204,16.496399,True
18203435778758194360,NaOH-activated SCW biochars,NPX,186.0584129,dann_lambda_1.0,37,196.20717,10.148758,True
5759522579916954172,NaOH-activated SCW biochars,NPX,181.2017167,dann_lambda_1.0,37,195.41452,14.212799,True
664633524360232258,NaOH-activated SCW biochars,NPX,182.9370612,dann_lambda_1.0,37,191.18726,8.250198,True
13641899622687088449,NaOH-activated SCW biochars,DCF,76.95847226,dann_lambda_1.0,37,91.18241,14.223938,False
9393633767651503122,NaOH-activated SCW biochars,DCF,83.56161718499999,dann_lambda_1.0,37,90.324615,6.7630005,False
5981541925235720617,NaOH-activated SCW biochars,DCF,85.17762947,dann_lambda_1.0,37,92.14459,6.9669647,False
6023530469711918669,NaOH-activated SCW biochars,DCF,80.57171083,dann_lambda_1.0,37,94.449356,13.877647,False
532790910543730727,NaOH-activated SCW biochars,DCF,79.58071398,dann_lambda_1.0,37,97.046646,17.465935,False
12079174347632602273,NaOH-activated SCW biochars,IBU,69.72658596,dann_lambda_1.0,37,73.19061,3.4640274,False
3049006844620542258,NaOH-activated SCW biochars,IBU,73.17741615,dann_lambda_1.0,37,74.20698,1.0295639,False
4855520275444175689,NaOH-activated SCW biochars,IBU,75.69155256,dann_lambda_1.0,37,72.999435,2.6921158,False
5514219354175734125,NaOH-activated SCW biochars,IBU,76.30216313,dann_lambda_1.0,37,75.36064,0.9415207,False
7156357989100352967,NaOH-activated SCW biochars,IBU,71.70044321,dann_lambda_1.0,37,78.89376,7.193321,False
6812290224175752247,NaOH-activated SCW biochars,NPX,167.0779885,dann_lambda_1.0,37,179.93909,12.861099,True
9153488855957792255,NaOH-activated SCW biochars,NPX,181.832546,dann_lambda_1.0,37,187.74368,5.911133,True
12341295020867722114,NaOH-activated SCW biochars,DCF,72.89459636,dann_lambda_1.0,37,77.616714,4.7221146,True
8138945238617595290,NaOH-activated SCW biochars,DCF,87.78495046,dann_lambda_1.0,37,108.563736,20.778786,True
95817833491593826,NaOH-activated SCW biochars,IBU,57.641649,dann_lambda_1.0,37,65.67013,8.028481,True
12299775327561621562,NaOH-activated SCW biochars,IBU,69.79127526,dann_lambda_1.0,37,82.039696,12.248421,True
17053035532018455372,Pristine SCW Biochar,NXP,0.0,dann_lambda_1.0,51,14.463276,14.463276,True
17098923533429936836,Pristine SCW Biochar,NXP,14.44646584,dann_lambda_1.0,51,14.458328,0.011862755,True
13215046423171528219,Pristine SCW Biochar,NXP,15.62173129,dann_lambda_1.0,51,14.454048,1.1676836,True
16825237191054845665,Pristine SCW Biochar,NXP,16.88164032,dann_lambda_1.0,51,14.442192,2.4394474,True
6982030516250217062,Pristine SCW Biochar,NXP,17.00858908,dann_lambda_1.0,51,14.436584,2.5720043,True
2755595898843553677,Pristine SCW Biochar,NXP,17.4625326,dann_lambda_1.0,51,14.500126,2.9624062,True
12146535126227506594,Pristine SCW Biochar,NXP,17.54960963,dann_lambda_1.0,51,14.701279,2.8483315,True
2569984335539275158,Pristine SCW Biochar,NXP,17.71590352,dann_lambda_1.0,51,15.002865,2.7130394,True
6648755328613141350,Pristine SCW Biochar,NXP,16.30019973,dann_lambda_1.0,51,15.101486,1.1987133,True
1214539223634647286,Pristine SCW Biochar,DCF,0.0,dann_lambda_1.0,51,14.911213,14.911213,True
335119549853506142,Pristine SCW Biochar,DCF,16.15534017,dann_lambda_1.0,51,14.848621,1.3067188,True
13581708233989788697,Pristine SCW Biochar,DCF,17.94998036,dann_lambda_1.0,51,14.786659,3.1633205,True
4071952786420779155,Pristine SCW Biochar,DCF,18.6868745,dann_lambda_1.0,51,14.664696,4.0221786,True
16575937784576867068,Pristine SCW Biochar,DCF,19.22913671,dann_lambda_1.0,51,14.4040985,4.825039,True
16662543744214429559,Pristine SCW Biochar,DCF,19.16432581,dann_lambda_1.0,51,14.32037,4.843956,True
1002991668870794336,Pristine SCW Biochar,DCF,19.8012145,dann_lambda_1.0,51,13.7939,6.0073147,True
3713179060534583340,Pristine SCW Biochar,DCF,20.25228212,dann_lambda_1.0,51,13.3894615,6.8628197,True
329814341262190588,Pristine SCW Biochar,DCF,19.121072145,dann_lambda_1.0,51,12.21804,6.9030323,True
2051404940871207638,Pristine SCW Biochar,IBU,0.0,dann_lambda_1.0,51,13.765587,13.765587,True
10658327680642255806,Pristine SCW Biochar,IBU,16.89988512,dann_lambda_1.0,51,13.7487755,3.1511097,True
3790332834202311929,Pristine SCW Biochar,IBU,18.17632699,dann_lambda_1.0,51,13.733181,4.4431458,True
10796766321469813683,Pristine SCW Biochar,IBU,19.26992768,dann_lambda_1.0,51,13.705143,5.564785,True
17200286515181460444,Pristine SCW Biochar,IBU,19.78484896,dann_lambda_1.0,51,13.6250725,6.1597767,True
11008431144893168087,Pristine SCW Biochar,IBU,19.78377849,dann_lambda_1.0,51,13.519485,6.2642937,True
18432371715842126336,Pristine SCW Biochar,IBU,20.67835043,dann_lambda_1.0,51,13.338161,7.340189,True
8910712751277851660,Pristine SCW Biochar,IBU,20.66529595,dann_lambda_1.0,51,12.570904,8.094393,True
16737703975485143772,Pristine SCW Biochar,IBU,20.025033185,dann_lambda_1.0,51,11.494461,8.530573,True
5976292064867976036,Pristine SCW Biochar,NXP,8.513560872,dann_lambda_1.0,51,7.345024,1.1685371,False
16638446263550319536,Pristine SCW Biochar,NXP,10.18427058,dann_lambda_1.0,51,11.301857,1.1175861,False
14247326399820608681,Pristine SCW Biochar,NXP,23.66355817,dann_lambda_1.0,51,17.63913,6.0244293,False
3626679836655073239,Pristine SCW Biochar,NXP,32.83624096,dann_lambda_1.0,51,23.520557,9.315685,False
1938230782418544334,Pristine SCW Biochar,DCF,6.910849115,dann_lambda_1.0,51,8.547466,1.6366172,False
17509084134776967386,Pristine SCW Biochar,DCF,11.94615928,dann_lambda_1.0,51,10.3951,1.5510597,False
9214597997492623055,Pristine SCW Biochar,DCF,21.51003422,dann_lambda_1.0,51,14.968369,6.541666,False
15613626881432330545,Pristine SCW Biochar,DCF,32.55652461,dann_lambda_1.0,51,24.350866,8.20566,False
1249904749956654510,Pristine SCW Biochar,IBU,10.935518415,dann_lambda_1.0,51,8.367054,2.5684643,False
9750239826985509562,Pristine SCW Biochar,IBU,13.35058334,dann_lambda_1.0,51,10.0146675,3.3359156,False
12415649059408947823,Pristine SCW Biochar,IBU,23.23297655,dann_lambda_1.0,51,14.99622,8.236757,False
493397566369541585,Pristine SCW Biochar,IBU,33.23850263,dann_lambda_1.0,51,21.324837,11.913666,False
2431818629244494460,Pristine SCW Biochar,NPX,21.49577512,dann_lambda_1.0,51,15.53915,5.956625,True
14632511503543224213,Pristine SCW Biochar,NPX,18.26438455,dann_lambda_1.0,51,14.481266,3.7831192,True
10158343563720824836,Pristine SCW Biochar,NPX,17.26357285,dann_lambda_1.0,51,14.557373,2.7061996,True
8860467251718062619,Pristine SCW Biochar,NPX,16.13579508,dann_lambda_1.0,51,14.323814,1.8119812,True
7708639079549094677,Pristine SCW Biochar,DCF,21.75317842,dann_lambda_1.0,51,14.398155,7.3550224,True
15693684484887973741,Pristine SCW Biochar,DCF,19.16141715,dann_lambda_1.0,51,12.741753,6.4196644,True
12068268132093545302,Pristine SCW Biochar,DCF,17.98311701,dann_lambda_1.0,51,13.359844,4.623272,True
3805779553248948725,Pristine SCW Biochar,IBU,22.89928752,dann_lambda_1.0,51,16.286621,6.612667,True
8203542750957706445,Pristine SCW Biochar,IBU,18.5045802,dann_lambda_1.0,51,10.953812,7.550768,True
8619013912121469110,Pristine SCW Biochar,IBU,17.26124304,dann_lambda_1.0,51,11.612652,5.648592,True
16755461862370840366,Pristine SCW Biochar,NPX,18.38244058,dann_lambda_1.0,51,15.596966,2.7854748,True
6288762701156006317,Pristine SCW Biochar,NPX,17.29507799,dann_lambda_1.0,51,16.555866,0.73921204,True
2461942620734296822,Pristine SCW Biochar,NPX,18.3312792,dann_lambda_1.0,51,17.25677,1.0745106,True
14915493390938448242,Pristine SCW Biochar,NPX,17.59235683,dann_lambda_1.0,51,17.588472,0.0038852692,True
14561758705567463404,Pristine SCW Biochar,NPX,16.04739171,dann_lambda_1.0,51,17.783417,1.7360249,True
4659234226800065611,Pristine SCW Biochar,DCF,16.653938,dann_lambda_1.0,51,13.149265,3.504673,False
11469103634136059972,Pristine SCW Biochar,DCF,16.3975333,dann_lambda_1.0,51,13.966835,2.4306984,False
13255282744427241635,Pristine SCW Biochar,DCF,16.61566462,dann_lambda_1.0,51,14.7687645,1.8469009,False
2813337390772277759,Pristine SCW Biochar,DCF,16.02054824,dann_lambda_1.0,51,15.272713,0.74783516,False
12147411485588615077,Pristine SCW Biochar,DCF,16.12257134,dann_lambda_1.0,51,15.740688,0.38188362,False
3619321008973724267,Pristine SCW Biochar,IBU,16.58306542,dann_lambda_1.0,51,12.288105,4.29496,False
6767561828512103332,Pristine SCW Biochar,IBU,15.96808891,dann_lambda_1.0,51,13.171295,2.796794,False
14598158743120574339,Pristine SCW Biochar,IBU,16.56583978,dann_lambda_1.0,51,14.044712,2.5211277,False
12552377453823545695,Pristine SCW Biochar,IBU,17.10001985,dann_lambda_1.0,51,14.652493,2.447527,False
15269897442523904645,Pristine SCW Biochar,IBU,15.62815373,dann_lambda_1.0,51,15.263424,0.36472988,False
14527147495807567373,Pristine SCW Biochar,NPX,17.10889887,dann_lambda_1.0,51,13.132156,3.9767418,True
18242488890160064085,Pristine SCW Biochar,NPX,18.50934797,dann_lambda_1.0,51,15.644009,2.8653393,True
9217257676294177556,Pristine SCW Biochar,DCF,18.40713328,dann_lambda_1.0,51,10.909046,7.498087,True
6194712352110633020,Pristine SCW Biochar,DCF,20.02057158,dann_lambda_1.0,51,13.559647,6.460924,True
7086304982263032628,Pristine SCW Biochar,IBU,19.90873317,dann_lambda_1.0,51,11.4928665,8.415867,True
870809365627718684,Pristine SCW Biochar,IBU,21.2613338,dann_lambda_1.0,51,12.288219,8.973114,True
11463466362237138402,NaOH-activated SCW biochars,NXP,0.0,dann_lambda_1.0,51,152.81207,152.81207,True
12429355053059418026,NaOH-activated SCW biochars,NXP,90.16372742,dann_lambda_1.0,51,154.32312,64.15939,True
14609237521165358149,NaOH-activated SCW biochars,NXP,104.2284102,dann_lambda_1.0,51,155.8447,51.616287,True
446328556523201111,NaOH-activated SCW biochars,NXP,130.9519993,dann_lambda_1.0,51,158.91525,27.963257,True
1551655804826946544,NaOH-activated SCW biochars,NXP,153.5606127,dann_lambda_1.0,51,165.30888,11.748276,True
12674212456835948851,NaOH-activated SCW biochars,NXP,166.7371919,dann_lambda_1.0,51,178.26305,11.525848,True
12588539707960640012,NaOH-activated SCW biochars,NXP,174.3891721,dann_lambda_1.0,51,187.63574,13.246567,True
3988610212697559040,NaOH-activated SCW biochars,NXP,174.0987509,dann_lambda_1.0,51,195.95929,21.860535,True
10547200906881874672,NaOH-activated SCW biochars,NXP,179.92426765,dann_lambda_1.0,51,196.46176,16.53749,True
4097433552957510200,NaOH-activated SCW biochars,DCF,0.0,dann_lambda_1.0,51,90.26746,90.26746,True
8973503642251044448,NaOH-activated SCW biochars,DCF,48.76561963,dann_lambda_1.0,51,90.71292,41.9473,True
8132899750145070855,NaOH-activated SCW biochars,DCF,60.68388993,dann_lambda_1.0,51,91.011185,30.327293,True
10455380725152883637,NaOH-activated SCW biochars,DCF,73.87287411,dann_lambda_1.0,51,91.63008,17.75721,True
3249913649156960858,NaOH-activated SCW biochars,DCF,82.2331982,dann_lambda_1.0,51,92.462906,10.229706,True
2892051548520492425,NaOH-activated SCW biochars,DCF,81.93930885,dann_lambda_1.0,51,93.588646,11.649338,True
13926868731529471070,NaOH-activated SCW biochars,DCF,82.83055081,dann_lambda_1.0,51,94.63118,11.800629,True
6280546985017538186,NaOH-activated SCW biochars,DCF,82.6411851,dann_lambda_1.0,51,93.97742,11.336235,True
14802185984964681562,NaOH-activated SCW biochars,DCF,77.22438452,dann_lambda_1.0,51,92.4227,15.198311,True
18031951279925841496,NaOH-activated SCW biochars,IBU,0.0,dann_lambda_1.0,51,58.303265,58.303265,True
7439356660872997760,NaOH-activated SCW biochars,IBU,38.20195295,dann_lambda_1.0,51,58.54534,20.343388,True
3280576637481085735,NaOH-activated SCW biochars,IBU,49.12704629,dann_lambda_1.0,51,58.826614,9.69957,True
2475666081309423509,NaOH-activated SCW biochars,IBU,62.99284614,dann_lambda_1.0,51,59.392426,3.600422,True
7140885989460122234,NaOH-activated SCW biochars,IBU,65.00045691,dann_lambda_1.0,51,60.814583,4.185875,True
5352559836577404585,NaOH-activated SCW biochars,IBU,65.18409441,dann_lambda_1.0,51,63.560425,1.6236725,True
271021551376951870,NaOH-activated SCW biochars,IBU,65.30178063,dann_lambda_1.0,51,67.204056,1.9022751,True
4601601497501002282,NaOH-activated SCW biochars,IBU,65.65806376,dann_lambda_1.0,51,70.24458,4.5865173,True
14131146040637425530,NaOH-activated SCW biochars,IBU,65.65332219000001,dann_lambda_1.0,51,74.41647,8.763153,True
16405048272212825666,NaOH-activated SCW biochars,NXP,64.8903021,dann_lambda_1.0,51,67.89244,3.0021362,True
13765390047063166502,NaOH-activated SCW biochars,NXP,126.0338032,dann_lambda_1.0,51,129.13226,3.0984573,True
3540536502839737235,NaOH-activated SCW biochars,NXP,225.3867619,dann_lambda_1.0,51,218.6455,6.741272,True
10087744159834544517,NaOH-activated SCW biochars,NXP,253.7893399,dann_lambda_1.0,51,210.05515,43.73419,True
14731060229230471192,NaOH-activated SCW biochars,DCF,54.75327727,dann_lambda_1.0,51,54.81418,0.06090164,True
5541933350374393212,NaOH-activated SCW biochars,DCF,77.09472432,dann_lambda_1.0,51,78.37161,1.276886,True
12615432238208671005,NaOH-activated SCW biochars,DCF,92.0230423,dann_lambda_1.0,51,99.25365,7.230606,True
10427946335696234203,NaOH-activated SCW biochars,DCF,95.69277177,dann_lambda_1.0,51,106.12972,10.436951,True
6260261985190404920,NaOH-activated SCW biochars,IBU,52.90707681,dann_lambda_1.0,51,33.174995,19.732082,True
599381209477399324,NaOH-activated SCW biochars,IBU,66.76808811,dann_lambda_1.0,51,58.957253,7.810837,True
3926410718330234365,NaOH-activated SCW biochars,IBU,70.35687624,dann_lambda_1.0,51,79.53276,9.175888,True
3396071663462261947,NaOH-activated SCW biochars,IBU,73.29670399,dann_lambda_1.0,51,84.62403,11.327324,True
12143757583447324994,NaOH-activated SCW biochars,NPX,190.595886,dann_lambda_1.0,51,194.3719,3.7760162,True
7070640037739440319,NaOH-activated SCW biochars,NPX,172.0266924,dann_lambda_1.0,51,187.40096,15.374268,True
852043111923116922,NaOH-activated SCW biochars,NPX,152.656609,dann_lambda_1.0,51,170.53433,17.877716,True
15261173828235182569,NaOH-activated SCW biochars,NPX,145.3785096,dann_lambda_1.0,51,115.16875,30.209763,True
18018378148491117671,NaOH-activated SCW biochars,DCF,96.67411867,dann_lambda_1.0,51,116.99991,20.32579,True
1787412344397427871,NaOH-activated SCW biochars,DCF,62.75924066,dann_lambda_1.0,51,92.77218,30.01294,True
17454219733314565792,NaOH-activated SCW biochars,DCF,51.973701,dann_lambda_1.0,51,84.06457,32.090866,True
1502419750140885639,NaOH-activated SCW biochars,IBU,94.31416328,dann_lambda_1.0,51,105.83971,11.525543,True
15807910494372115647,NaOH-activated SCW biochars,IBU,50.22163876,dann_lambda_1.0,51,60.57803,10.356392,True
8791253579198486592,NaOH-activated SCW biochars,IBU,38.06104336,dann_lambda_1.0,51,61.341866,23.280823,True
665404155957715216,NaOH-activated SCW biochars,NPX,177.1620054,dann_lambda_1.0,51,190.13176,12.969757,True
6827103232613768791,NaOH-activated SCW biochars,NPX,179.105641,dann_lambda_1.0,51,191.94392,12.838287,True
18203435778758194360,NaOH-activated SCW biochars,NPX,186.0584129,dann_lambda_1.0,51,191.81726,5.75885,True
5759522579916954172,NaOH-activated SCW biochars,NPX,181.2017167,dann_lambda_1.0,51,191.55061,10.348892,True
664633524360232258,NaOH-activated SCW biochars,NPX,182.9370612,dann_lambda_1.0,51,188.5358,5.5987396,True
13641899622687088449,NaOH-activated SCW biochars,DCF,76.95847226,dann_lambda_1.0,51,93.50865,16.550179,False
9393633767651503122,NaOH-activated SCW biochars,DCF,83.56161718499999,dann_lambda_1.0,51,96.26082,12.6992035,False
5981541925235720617,NaOH-activated SCW biochars,DCF,85.17762947,dann_lambda_1.0,51,99.32822,14.150589,False
6023530469711918669,NaOH-activated SCW biochars,DCF,80.57171083,dann_lambda_1.0,51,100.51323,19.94152,False
532790910543730727,NaOH-activated SCW biochars,DCF,79.58071398,dann_lambda_1.0,51,101.63155,22.050842,False
12079174347632602273,NaOH-activated SCW biochars,IBU,69.72658596,dann_lambda_1.0,51,76.099915,6.373329,False
3049006844620542258,NaOH-activated SCW biochars,IBU,73.17741615,dann_lambda_1.0,51,78.84202,5.664604,False
4855520275444175689,NaOH-activated SCW biochars,IBU,75.69155256,dann_lambda_1.0,51,80.51602,4.8244705,False
5514219354175734125,NaOH-activated SCW biochars,IBU,76.30216313,dann_lambda_1.0,51,80.38788,4.0857162,False
7156357989100352967,NaOH-activated SCW biochars,IBU,71.70044321,dann_lambda_1.0,51,80.35031,8.649872,False
6812290224175752247,NaOH-activated SCW biochars,NPX,167.0779885,dann_lambda_1.0,51,183.27124,16.193253,True
9153488855957792255,NaOH-activated SCW biochars,NPX,181.832546,dann_lambda_1.0,51,177.62796,4.20459,True
12341295020867722114,NaOH-activated SCW biochars,DCF,72.89459636,dann_lambda_1.0,51,80.98012,8.085518,True
8138945238617595290,NaOH-activated SCW biochars,DCF,87.78495046,dann_lambda_1.0,51,105.38603,17.601082,True
95817833491593826,NaOH-activated SCW biochars,IBU,57.641649,dann_lambda_1.0,51,62.52708,4.885433,True
12299775327561621562,NaOH-activated SCW biochars,IBU,69.79127526,dann_lambda_1.0,51,88.46347,18.672195,True
17053035532018455372,Pristine SCW Biochar,NXP,0.0,dann_lambda_1.0,71,12.677937,12.677937,True
17098923533429936836,Pristine SCW Biochar,NXP,14.44646584,dann_lambda_1.0,71,12.68261,1.7638559,True
13215046423171528219,Pristine SCW Biochar,NXP,15.62173129,dann_lambda_1.0,71,12.686729,2.9350023,True
16825237191054845665,Pristine SCW Biochar,NXP,16.88164032,dann_lambda_1.0,71,12.710571,4.171068,True
6982030516250217062,Pristine SCW Biochar,NXP,17.00858908,dann_lambda_1.0,71,12.807865,4.2007236,True
2755595898843553677,Pristine SCW Biochar,NXP,17.4625326,dann_lambda_1.0,71,12.948597,4.513935,True
12146535126227506594,Pristine SCW Biochar,NXP,17.54960963,dann_lambda_1.0,71,13.416973,4.132637,True
2569984335539275158,Pristine SCW Biochar,NXP,17.71590352,dann_lambda_1.0,71,14.062801,3.6531029,True
6648755328613141350,Pristine SCW Biochar,NXP,16.30019973,dann_lambda_1.0,71,13.34169,2.9585094,True
1214539223634647286,Pristine SCW Biochar,DCF,0.0,dann_lambda_1.0,71,14.356731,14.356731,True
335119549853506142,Pristine SCW Biochar,DCF,16.15534017,dann_lambda_1.0,71,14.353767,1.8015728,True
13581708233989788697,Pristine SCW Biochar,DCF,17.94998036,dann_lambda_1.0,71,14.352287,3.5976925,True
4071952786420779155,Pristine SCW Biochar,DCF,18.6868745,dann_lambda_1.0,71,14.354069,4.3328056,True
16575937784576867068,Pristine SCW Biochar,DCF,19.22913671,dann_lambda_1.0,71,14.364666,4.8644714,True
16662543744214429559,Pristine SCW Biochar,DCF,19.16432581,dann_lambda_1.0,71,14.418701,4.7456245,True
1002991668870794336,Pristine SCW Biochar,DCF,19.8012145,dann_lambda_1.0,71,14.476307,5.3249073,True
3713179060534583340,Pristine SCW Biochar,DCF,20.25228212,dann_lambda_1.0,71,14.846176,5.406105,True
329814341262190588,Pristine SCW Biochar,DCF,19.121072145,dann_lambda_1.0,71,14.212151,4.908922,True
2051404940871207638,Pristine SCW Biochar,IBU,0.0,dann_lambda_1.0,71,13.229408,13.229408,True
10658327680642255806,Pristine SCW Biochar,IBU,16.89988512,dann_lambda_1.0,71,13.217884,3.682001,True
3790332834202311929,Pristine SCW Biochar,IBU,18.17632699,dann_lambda_1.0,71,13.223122,4.953205,True
10796766321469813683,Pristine SCW Biochar,IBU,19.26992768,dann_lambda_1.0,71,13.249184,6.0207443,True
17200286515181460444,Pristine SCW Biochar,IBU,19.78484896,dann_lambda_1.0,71,13.273567,6.511282,True
11008431144893168087,Pristine SCW Biochar,IBU,19.78377849,dann_lambda_1.0,71,13.251076,6.5327034,True
18432371715842126336,Pristine SCW Biochar,IBU,20.67835043,dann_lambda_1.0,71,13.182686,7.4956646,True
8910712751277851660,Pristine SCW Biochar,IBU,20.66529595,dann_lambda_1.0,71,12.54459,8.120707,True
16737703975485143772,Pristine SCW Biochar,IBU,20.025033185,dann_lambda_1.0,71,11.57291,8.452124,True
5976292064867976036,Pristine SCW Biochar,NXP,8.513560872,dann_lambda_1.0,71,8.579998,0.06643677,False
16638446263550319536,Pristine SCW Biochar,NXP,10.18427058,dann_lambda_1.0,71,10.813171,0.6289005,False
14247326399820608681,Pristine SCW Biochar,NXP,23.66355817,dann_lambda_1.0,71,17.158226,6.505333,False
3626679836655073239,Pristine SCW Biochar,NXP,32.83624096,dann_lambda_1.0,71,20.792976,12.043266,False
1938230782418544334,Pristine SCW Biochar,DCF,6.910849115,dann_lambda_1.0,71,11.3464775,4.4356284,False
17509084134776967386,Pristine SCW Biochar,DCF,11.94615928,dann_lambda_1.0,71,12.6982155,0.7520561,False
9214597997492623055,Pristine SCW Biochar,DCF,21.51003422,dann_lambda_1.0,71,17.224249,4.2857857,False
15613626881432330545,Pristine SCW Biochar,DCF,32.55652461,dann_lambda_1.0,71,20.156958,12.399569,False
1249904749956654510,Pristine SCW Biochar,IBU,10.935518415,dann_lambda_1.0,71,7.021343,3.914175,False
9750239826985509562,Pristine SCW Biochar,IBU,13.35058334,dann_lambda_1.0,71,8.586334,4.764249,False
12415649059408947823,Pristine SCW Biochar,IBU,23.23297655,dann_lambda_1.0,71,14.663727,8.56925,False
493397566369541585,Pristine SCW Biochar,IBU,33.23850263,dann_lambda_1.0,71,18.188044,15.050459,False
2431818629244494460,Pristine SCW Biochar,NPX,21.49577512,dann_lambda_1.0,71,22.380571,0.88479614,True
14632511503543224213,Pristine SCW Biochar,NPX,18.26438455,dann_lambda_1.0,71,15.991734,2.2726517,True
10158343563720824836,Pristine SCW Biochar,NPX,17.26357285,dann_lambda_1.0,71,12.534523,4.7290497,True
8860467251718062619,Pristine SCW Biochar,NPX,16.13579508,dann_lambda_1.0,71,13.548939,2.5868568,True
7708639079549094677,Pristine SCW Biochar,DCF,21.75317842,dann_lambda_1.0,71,16.775885,4.977293,True
15693684484887973741,Pristine SCW Biochar,DCF,19.16141715,dann_lambda_1.0,71,14.727268,4.434149,True
12068268132093545302,Pristine SCW Biochar,DCF,17.98311701,dann_lambda_1.0,71,15.379692,2.603424,True
3805779553248948725,Pristine SCW Biochar,IBU,22.89928752,dann_lambda_1.0,71,15.3107605,7.5885277,True
8203542750957706445,Pristine SCW Biochar,IBU,18.5045802,dann_lambda_1.0,71,10.381577,8.123003,True
8619013912121469110,Pristine SCW Biochar,IBU,17.26124304,dann_lambda_1.0,71,11.2573395,6.0039043,True
16755461862370840366,Pristine SCW Biochar,NPX,18.38244058,dann_lambda_1.0,71,16.387608,1.994833,True
6288762701156006317,Pristine SCW Biochar,NPX,17.29507799,dann_lambda_1.0,71,16.932446,0.36263275,True
2461942620734296822,Pristine SCW Biochar,NPX,18.3312792,dann_lambda_1.0,71,17.062449,1.2688313,True
14915493390938448242,Pristine SCW Biochar,NPX,17.59235683,dann_lambda_1.0,71,17.17188,0.4204769,True
14561758705567463404,Pristine SCW Biochar,NPX,16.04739171,dann_lambda_1.0,71,17.358078,1.3106861,True
4659234226800065611,Pristine SCW Biochar,DCF,16.653938,dann_lambda_1.0,71,14.320362,2.3335762,False
11469103634136059972,Pristine SCW Biochar,DCF,16.3975333,dann_lambda_1.0,71,14.671154,1.7263794,False
13255282744427241635,Pristine SCW Biochar,DCF,16.61566462,dann_lambda_1.0,71,14.909451,1.7062149,False
2813337390772277759,Pristine SCW Biochar,DCF,16.02054824,dann_lambda_1.0,71,15.183525,0.8370228,False
12147411485588615077,Pristine SCW Biochar,DCF,16.12257134,dann_lambda_1.0,71,15.381771,0.74080086,False
3619321008973724267,Pristine SCW Biochar,IBU,16.58306542,dann_lambda_1.0,71,11.713184,4.8698807,False
6767561828512103332,Pristine SCW Biochar,IBU,15.96808891,dann_lambda_1.0,71,11.943623,4.0244665,False
14598158743120574339,Pristine SCW Biochar,IBU,16.56583978,dann_lambda_1.0,71,12.622108,3.9437313,False
12552377453823545695,Pristine SCW Biochar,IBU,17.10001985,dann_lambda_1.0,71,13.159176,3.9408436,False
15269897442523904645,Pristine SCW Biochar,IBU,15.62815373,dann_lambda_1.0,71,13.571808,2.056346,False
14527147495807567373,Pristine SCW Biochar,NPX,17.10889887,dann_lambda_1.0,71,14.7967415,2.3121567,True
18242488890160064085,Pristine SCW Biochar,NPX,18.50934797,dann_lambda_1.0,71,17.122538,1.3868103,True
9217257676294177556,Pristine SCW Biochar,DCF,18.40713328,dann_lambda_1.0,71,12.139038,6.268095,True
6194712352110633020,Pristine SCW Biochar,DCF,20.02057158,dann_lambda_1.0,71,15.650635,4.369936,True
7086304982263032628,Pristine SCW Biochar,IBU,19.90873317,dann_lambda_1.0,71,10.542191,9.366543,True
870809365627718684,Pristine SCW Biochar,IBU,21.2613338,dann_lambda_1.0,71,13.138798,8.122536,True
11463466362237138402,NaOH-activated SCW biochars,NXP,0.0,dann_lambda_1.0,71,135.95876,135.95876,True
12429355053059418026,NaOH-activated SCW biochars,NXP,90.16372742,dann_lambda_1.0,71,138.87106,48.707336,True
14609237521165358149,NaOH-activated SCW biochars,NXP,104.2284102,dann_lambda_1.0,71,141.77402,37.54561,True
446328556523201111,NaOH-activated SCW biochars,NXP,130.9519993,dann_lambda_1.0,71,147.50488,16.552887,True
1551655804826946544,NaOH-activated SCW biochars,NXP,153.5606127,dann_lambda_1.0,71,157.75987,4.1992645,True
12674212456835948851,NaOH-activated SCW biochars,NXP,166.7371919,dann_lambda_1.0,71,175.29308,8.555878,True
12588539707960640012,NaOH-activated SCW biochars,NXP,174.3891721,dann_lambda_1.0,71,190.16434,15.775162,True
3988610212697559040,NaOH-activated SCW biochars,NXP,174.0987509,dann_lambda_1.0,71,198.85838,24.759628,True
10547200906881874672,NaOH-activated SCW biochars,NXP,179.92426765,dann_lambda_1.0,71,194.54208,14.617813,True
4097433552957510200,NaOH-activated SCW biochars,DCF,0.0,dann_lambda_1.0,71,86.53369,86.53369,True
8973503642251044448,NaOH-activated SCW biochars,DCF,48.76561963,dann_lambda_1.0,71,88.4436,39.677982,True
8132899750145070855,NaOH-activated SCW biochars,DCF,60.68388993,dann_lambda_1.0,71,90.347305,29.663414,True
10455380725152883637,NaOH-activated SCW biochars,DCF,73.87287411,dann_lambda_1.0,71,93.06568,19.19281,True
3249913649156960858,NaOH-activated SCW biochars,DCF,82.2331982,dann_lambda_1.0,71,95.51543,13.282227,True
2892051548520492425,NaOH-activated SCW biochars,DCF,81.93930885,dann_lambda_1.0,71,99.856445,17.917137,True
13926868731529471070,NaOH-activated SCW biochars,DCF,82.83055081,dann_lambda_1.0,71,97.98457,15.154022,True
6280546985017538186,NaOH-activated SCW biochars,DCF,82.6411851,dann_lambda_1.0,71,93.08124,10.440056,True
14802185984964681562,NaOH-activated SCW biochars,DCF,77.22438452,dann_lambda_1.0,71,87.57744,10.35305,True
18031951279925841496,NaOH-activated SCW biochars,IBU,0.0,dann_lambda_1.0,71,51.7694,51.7694,True
7439356660872997760,NaOH-activated SCW biochars,IBU,38.20195295,dann_lambda_1.0,71,52.313454,14.1115,True
3280576637481085735,NaOH-activated SCW biochars,IBU,49.12704629,dann_lambda_1.0,71,53.0622,3.935154,True
2475666081309423509,NaOH-activated SCW biochars,IBU,62.99284614,dann_lambda_1.0,71,54.520195,8.472652,True
7140885989460122234,NaOH-activated SCW biochars,IBU,65.00045691,dann_lambda_1.0,71,58.487022,6.5134354,True
5352559836577404585,NaOH-activated SCW biochars,IBU,65.18409441,dann_lambda_1.0,71,63.022213,2.1618843,True
271021551376951870,NaOH-activated SCW biochars,IBU,65.30178063,dann_lambda_1.0,71,67.20118,1.8993988,True
4601601497501002282,NaOH-activated SCW biochars,IBU,65.65806376,dann_lambda_1.0,71,72.62093,6.9628677,True
14131146040637425530,NaOH-activated SCW biochars,IBU,65.65332219000001,dann_lambda_1.0,71,75.00053,9.347206,True
16405048272212825666,NaOH-activated SCW biochars,NXP,64.8903021,dann_lambda_1.0,71,55.74158,9.148724,True
13765390047063166502,NaOH-activated SCW biochars,NXP,126.0338032,dann_lambda_1.0,71,128.87024,2.8364334,True
3540536502839737235,NaOH-activated SCW biochars,NXP,225.3867619,dann_lambda_1.0,71,214.50046,10.886307,True
10087744159834544517,NaOH-activated SCW biochars,NXP,253.7893399,dann_lambda_1.0,71,206.59595,47.19339,True
14731060229230471192,NaOH-activated SCW biochars,DCF,54.75327727,dann_lambda_1.0,71,60.18482,5.4315414,True
5541933350374393212,NaOH-activated SCW biochars,DCF,77.09472432,dann_lambda_1.0,71,78.25514,1.1604156,True
12615432238208671005,NaOH-activated SCW biochars,DCF,92.0230423,dann_lambda_1.0,71,97.01285,4.989807,True
10427946335696234203,NaOH-activated SCW biochars,DCF,95.69277177,dann_lambda_1.0,71,105.26486,9.57209,True
6260261985190404920,NaOH-activated SCW biochars,IBU,52.90707681,dann_lambda_1.0,71,41.31976,11.587318,True
599381209477399324,NaOH-activated SCW biochars,IBU,66.76808811,dann_lambda_1.0,71,69.21693,2.4488373,True
3926410718330234365,NaOH-activated SCW biochars,IBU,70.35687624,dann_lambda_1.0,71,71.73937,1.3824997,True
3396071663462261947,NaOH-activated SCW biochars,IBU,73.29670399,dann_lambda_1.0,71,70.75033,2.546379,True
12143757583447324994,NaOH-activated SCW biochars,NPX,190.595886,dann_lambda_1.0,71,200.22652,9.6306305,True
7070640037739440319,NaOH-activated SCW biochars,NPX,172.0266924,dann_lambda_1.0,71,195.51147,23.484787,True
852043111923116922,NaOH-activated SCW biochars,NPX,152.656609,dann_lambda_1.0,71,173.01247,20.35585,True
15261173828235182569,NaOH-activated SCW biochars,NPX,145.3785096,dann_lambda_1.0,71,131.00034,14.378174,True
18018378148491117671,NaOH-activated SCW biochars,DCF,96.67411867,dann_lambda_1.0,71,118.381775,21.707657,True
1787412344397427871,NaOH-activated SCW biochars,DCF,62.75924066,dann_lambda_1.0,71,87.48599,24.726753,True
17454219733314565792,NaOH-activated SCW biochars,DCF,51.973701,dann_lambda_1.0,71,74.74861,22.77491,True
1502419750140885639,NaOH-activated SCW biochars,IBU,94.31416328,dann_lambda_1.0,71,115.07347,20.759308,True
15807910494372115647,NaOH-activated SCW biochars,IBU,50.22163876,dann_lambda_1.0,71,61.55931,11.337673,True
8791253579198486592,NaOH-activated SCW biochars,IBU,38.06104336,dann_lambda_1.0,71,52.2546,14.193558,True
665404155957715216,NaOH-activated SCW biochars,NPX,177.1620054,dann_lambda_1.0,71,199.52194,22.35994,True
6827103232613768791,NaOH-activated SCW biochars,NPX,179.105641,dann_lambda_1.0,71,199.46347,20.357834,True
18203435778758194360,NaOH-activated SCW biochars,NPX,186.0584129,dann_lambda_1.0,71,196.13206,10.073654,True
5759522579916954172,NaOH-activated SCW biochars,NPX,181.2017167,dann_lambda_1.0,71,192.9969,11.795181,True
664633524360232258,NaOH-activated SCW biochars,NPX,182.9370612,dann_lambda_1.0,71,186.09926,3.162201,True
13641899622687088449,NaOH-activated SCW biochars,DCF,76.95847226,dann_lambda_1.0,71,86.44263,9.484154,False
9393633767651503122,NaOH-activated SCW biochars,DCF,83.56161718499999,dann_lambda_1.0,71,86.97896,3.4173431,False
5981541925235720617,NaOH-activated SCW biochars,DCF,85.17762947,dann_lambda_1.0,71,87.54547,2.3678436,False
6023530469711918669,NaOH-activated SCW biochars,DCF,80.57171083,dann_lambda_1.0,71,84.047424,3.4757156,False
532790910543730727,NaOH-activated SCW biochars,DCF,79.58071398,dann_lambda_1.0,71,76.161,3.4197083,False
12079174347632602273,NaOH-activated SCW biochars,IBU,69.72658596,dann_lambda_1.0,71,74.04553,4.318947,False
3049006844620542258,NaOH-activated SCW biochars,IBU,73.17741615,dann_lambda_1.0,71,71.52061,1.656807,False
4855520275444175689,NaOH-activated SCW biochars,IBU,75.69155256,dann_lambda_1.0,71,69.94935,5.7422028,False
5514219354175734125,NaOH-activated SCW biochars,IBU,76.30216313,dann_lambda_1.0,71,66.82956,9.472603,False
7156357989100352967,NaOH-activated SCW biochars,IBU,71.70044321,dann_lambda_1.0,71,60.346283,11.3541565,False
6812290224175752247,NaOH-activated SCW biochars,NPX,167.0779885,dann_lambda_1.0,71,192.359,25.281006,True
9153488855957792255,NaOH-activated SCW biochars,NPX,181.832546,dann_lambda_1.0,71,189.2493,7.416748,True
12341295020867722114,NaOH-activated SCW biochars,DCF,72.89459636,dann_lambda_1.0,71,84.65474,11.760139,True
8138945238617595290,NaOH-activated SCW biochars,DCF,87.78495046,dann_lambda_1.0,71,102.80211,15.0171585,True
95817833491593826,NaOH-activated SCW biochars,IBU,57.641649,dann_lambda_1.0,71,69.825226,12.1835785,True
12299775327561621562,NaOH-activated SCW biochars,IBU,69.79127526,dann_lambda_1.0,71,83.406555,13.61528,True
