Adsorbent,Pyrolysis temperature ,Pyrolysis time,C,H,O,N,(O+N)/C,Ash,H/C,O/C,N/C,Surface area,Pore volume,Average pore size,Pollutant,Adsorption time,Initial concentration,Solution pH,RPM,Volume,Adsorbent dosage,Adsorption temperature,Ion concentration,Humic acid,Wastewater type,Adsorption type,_condition_signature,n_replicates,Capacity,capacity_mean,capacity_std,capacity_min,capacity_max,capacity_spread,Final concentration
PB600,600,120,78.79,2.12,3.38,1.99,0.068155857,19.09,0.32,0.042898845,0.025257012,408.7,0.336,4.63,IBF,1440,1.0,7,150,0.025,0.02,25,0.0,0,Synthetic,Single,2414806908442931602,3,6.103286385,3.3646322376666666,6.877306663279545,-4.460093897,8.450704225,12.910798122000001,0.877934272
PB600,600,120,78.79,2.12,3.38,1.99,0.068155857,19.09,0.32,0.042898845,0.025257012,408.7,0.336,4.63,IBF,1440,1.0,7,150,0.025,0.04,25,0.0,0,Synthetic,Single,14671488231107992085,3,9.507042254,9.311424099,1.4768846688755415,7.746478873,10.68075117,2.9342722970000006,0.61971831
PB600,600,120,78.79,2.12,3.38,1.99,0.068155857,19.09,0.32,0.042898845,0.025257012,408.7,0.336,4.63,IBF,1440,1.0,7,150,0.025,0.08,25,0.0,0,Synthetic,Single,5394955516107110419,3,7.981220657,8.079029733666667,0.44821749747873874,7.687793427,8.568075117,0.8802816899999995,0.361502347
PB600,600,120,78.79,2.12,3.38,1.99,0.068155857,19.09,0.32,0.042898845,0.025257012,408.7,0.336,4.63,IBF,1440,1.0,7,150,0.025,0.12,25,0.0,0,Synthetic,Single,13028683860888158425,6,4.104477612,4.334578331,1.072607489803803,2.777777778,5.907668232,3.129890454,0.5074626865
PB600,600,120,78.79,2.12,3.38,1.99,0.068155857,19.09,0.32,0.042898845,0.025257012,408.7,0.336,4.63,IBF,1440,1.0,7,150,0.025,0.16,25,0.0,0,Synthetic,Single,9329510865556569266,3,4.430751174,4.528560250666668,0.4482174974787388,4.137323944,5.017605634,0.8802816899999995,0.291079812
PB600,600,120,78.79,2.12,3.38,1.99,0.068155857,19.09,0.32,0.042898845,0.025257012,408.7,0.336,4.63,CBZ,1440,1.0,7,150,0.025,0.02,25,0.0,0,Synthetic,Single,13757288057589394229,3,7.239819005,6.787330316666666,1.1971725391399322,5.429864253,7.692307692,2.262443439,0.85520362
PB600,600,120,78.79,2.12,3.38,1.99,0.068155857,19.09,0.32,0.042898845,0.025257012,408.7,0.336,4.63,CBZ,1440,1.0,7,150,0.025,0.04,25,0.0,0,Synthetic,Single,10701338252587666226,3,7.918552036,7.616892911000001,0.727273812824994,6.787330317,8.14479638,1.3574660630000004,0.683257919
PB600,600,120,78.79,2.12,3.38,1.99,0.068155857,19.09,0.32,0.042898845,0.025257012,408.7,0.336,4.63,CBZ,1440,1.0,7,150,0.025,0.08,25,0.0,0,Synthetic,Single,2662130452805109752,3,6.900452489,6.900452489,0.3393665160000001,6.561085973,7.239819005,0.6787330320000002,0.447963801
PB600,600,120,78.79,2.12,3.38,1.99,0.068155857,19.09,0.32,0.042898845,0.025257012,408.7,0.336,4.63,CBZ,1440,1.0,7,150,0.025,0.12,25,0.0,0,Synthetic,Single,9344190058510335910,5,5.354449472,5.3695324282,0.5125986566170856,4.826546003,5.957767722,1.131221719,0.357466063
PB600,600,120,78.79,2.12,3.38,1.99,0.068155857,19.09,0.32,0.042898845,0.025257012,408.7,0.336,4.63,CBZ,1440,1.0,7,150,0.025,0.16,25,0.0,0,Synthetic,Single,8985821796001814677,3,4.751131222,4.694570136,0.1496465674397369,4.524886878,4.807692308,0.2828054299999998,0.239819005
PB800,800,120,75.05,2.25,3.52,2.77,0.083810793,24.95,0.029980013,0.046902065,0.036908728,472.92,0.658,6.25,IBF,1440,1.0,7,150,0.025,0.02,25,0.0,0,Synthetic,Single,14281957920571741131,3,13.93289842,14.398881639999999,2.135403397868869,12.53494874,16.72879776,4.193849019999998,0.721342032
PB800,800,120,75.05,2.25,3.52,2.77,0.083810793,24.95,0.029980013,0.046902065,0.036908728,472.92,0.658,6.25,IBF,1440,1.0,7,150,0.025,0.04,25,0.0,0,Synthetic,Single,15902432291049124608,3,11.62628145,12.32525629,1.6309412871428572,11.16029823,14.18918919,3.02889096,0.534948742
PB800,800,120,75.05,2.25,3.52,2.77,0.083810793,24.95,0.029980013,0.046902065,0.036908728,472.92,0.658,6.25,IBF,1440,1.0,7,150,0.025,0.08,25,0.0,0,Synthetic,Single,1505112194037230266,3,8.492544268,8.566324945333333,0.23598189820069637,8.376048462,8.830382106,0.4543336440000001,0.320596459
PB800,800,120,75.05,2.25,3.52,2.77,0.083810793,24.95,0.029980013,0.046902065,0.036908728,472.92,0.658,6.25,IBF,1440,1.0,7,150,0.025,0.12,25,0.0,0,Synthetic,Single,14450537765661535684,5,7.037401575,6.592296927,0.9264898953383212,5.558118081,7.529527559,1.971409478,0.155511811
PB800,800,120,75.05,2.25,3.52,2.77,0.083810793,24.95,0.029980013,0.046902065,0.036908728,472.92,0.658,6.25,IBF,1440,1.0,7,150,0.025,0.16,25,0.0,0,Synthetic,Single,16262747756010670379,2,5.554872047,5.554872047,0.04349820256056259,5.524114173,5.585629921,0.061515747999999704,0.1112204725
PB800,800,120,75.05,2.25,3.52,2.77,0.083810793,24.95,0.029980013,0.046902065,0.036908728,472.92,0.658,6.25,CBZ,1440,1.0,7,150,0.025,0.02,25,0.0,0,Synthetic,Single,6925483197734149592,3,19.68085106,21.044735403333334,2.7243568393676596,19.27168576,24.18166939,4.909983629999999,0.606382979
PB800,800,120,75.05,2.25,3.52,2.77,0.083810793,24.95,0.029980013,0.046902065,0.036908728,472.92,0.658,6.25,CBZ,1440,1.0,7,150,0.025,0.04,25,0.0,0,Synthetic,Single,5356653380886760083,3,17.40998363,17.2735952,1.0297100951884928,16.18248773,18.22831424,2.0458265100000013,0.303600655
PB800,800,120,75.05,2.25,3.52,2.77,0.083810793,24.95,0.029980013,0.046902065,0.036908728,472.92,0.658,6.25,CBZ,1440,1.0,7,150,0.025,0.08,25,0.0,0,Synthetic,Single,13080753195173083797,3,10.34165303,10.443944353333332,0.27063740911910633,10.2393617,10.75081833,0.5114566299999996,0.172667758
PB800,800,120,75.05,2.25,3.52,2.77,0.083810793,24.95,0.029980013,0.046902065,0.036908728,472.92,0.658,6.25,CBZ,1440,1.0,7,150,0.025,0.12,25,0.0,0,Synthetic,Single,17200064123136545815,6,7.45485229,7.2949386254999995,0.6016815690206356,6.169542591,7.780960175,1.6114175839999998,0.10541772499999999
PB800,800,120,75.05,2.25,3.52,2.77,0.083810793,24.95,0.029980013,0.046902065,0.036908728,472.92,0.658,6.25,CBZ,1440,1.0,7,150,0.025,0.16,25,0.0,0,Synthetic,Single,15793380046204862968,3,5.784574468,5.733428805333333,0.13531870437057125,5.579991817,5.835720131,0.2557283140000006,0.074468085
PB600,600,120,78.79,2.12,3.38,1.99,0.068155857,19.09,0.32,0.042898845,0.025257012,408.7,0.336,4.63,IBF,30,1.0,7,150,0.025,0.12,25,0.0,0,Synthetic,Single,10475975198032467839,3,2.044465174,1.9667288556666669,0.3562325630096835,1.578047264,2.277674129,0.6996268650000002,0.754664179
PB600,600,120,78.79,2.12,3.38,1.99,0.068155857,19.09,0.32,0.042898845,0.025257012,408.7,0.336,4.63,IBF,60,1.0,7,150,0.025,0.12,25,0.0,0,Synthetic,Single,17283328123470425000,3,2.277674129,2.277674129333333,0.07773631850000018,2.199937811,2.355410448,0.15547263700000036,0.726679104
PB600,600,120,78.79,2.12,3.38,1.99,0.068155857,19.09,0.32,0.042898845,0.025257012,408.7,0.336,4.63,IBF,120,1.0,7,150,0.025,0.12,25,0.0,0,Synthetic,Single,10606982039286105870,3,2.277674129,2.225849917,0.23748837530341937,1.966728856,2.433146766,0.4664179100000001,0.726679104
PB600,600,120,78.79,2.12,3.38,1.99,0.068155857,19.09,0.32,0.042898845,0.025257012,408.7,0.336,4.63,IBF,180,1.0,7,150,0.025,0.12,25,0.0,0,Synthetic,Single,17852857923161742115,3,2.821828358,2.174025705,1.1899836755355713,0.80068408,2.899564677,2.098880597,0.661380597
PB600,600,120,78.79,2.12,3.38,1.99,0.068155857,19.09,0.32,0.042898845,0.025257012,408.7,0.336,4.63,IBF,360,1.0,7,150,0.025,0.12,25,0.0,0,Synthetic,Single,7305112965598724702,3,2.977300995,2.7440920396666666,0.8408468457045742,1.811256219,3.443718905,1.632462686,0.642723881
PB600,600,120,78.79,2.12,3.38,1.99,0.068155857,19.09,0.32,0.042898845,0.025257012,408.7,0.336,4.63,IBF,540,1.0,7,150,0.025,0.12,25,0.0,0,Synthetic,Single,741865231698718314,3,3.521455224,3.4178067996666663,0.47497675115238347,2.899564677,3.832400498,0.9328358210000003,0.577425373
PB600,600,120,78.79,2.12,3.38,1.99,0.068155857,19.09,0.32,0.042898845,0.025257012,408.7,0.336,4.63,IBF,720,1.0,7,150,0.025,0.12,25,0.0,0,Synthetic,Single,5733254180865877589,12,3.9878731345,3.238550649,1.6115949906450708,-0.987251244,4.653802497,5.641053741,0.521455224
PB600,600,120,78.79,2.12,3.38,1.99,0.068155857,19.09,0.32,0.042898845,0.025257012,408.7,0.336,4.63,CBZ,30,1.0,7,150,0.025,0.12,25,0.0,0,Synthetic,Single,2521957002364849440,3,3.46907994,3.5193564606666663,0.2303959626159921,3.318250377,3.770739065,0.45248868799999986,0.583710407
PB600,600,120,78.79,2.12,3.38,1.99,0.068155857,19.09,0.32,0.042898845,0.025257012,408.7,0.336,4.63,CBZ,60,1.0,7,150,0.025,0.12,25,0.0,0,Synthetic,Single,1576926578540372023,3,3.619909502,3.6199095023333334,0.37707390649999994,3.242835596,3.996983409,0.7541478129999999,0.56561086
PB600,600,120,78.79,2.12,3.38,1.99,0.068155857,19.09,0.32,0.042898845,0.025257012,408.7,0.336,4.63,CBZ,120,1.0,7,150,0.025,0.12,25,0.0,0,Synthetic,Single,14454853857174500785,3,3.921568627,3.770739064666666,0.32872541071945344,3.393665158,3.996983409,0.6033182509999997,0.529411765
PB600,600,120,78.79,2.12,3.38,1.99,0.068155857,19.09,0.32,0.042898845,0.025257012,408.7,0.336,4.63,CBZ,180,1.0,7,150,0.025,0.12,25,0.0,0,Synthetic,Single,6227497803072774388,3,4.600301659,4.600301659333334,0.1508295624999998,4.449472097,4.751131222,0.3016591249999996,0.447963801
PB600,600,120,78.79,2.12,3.38,1.99,0.068155857,19.09,0.32,0.042898845,0.025257012,408.7,0.336,4.63,CBZ,360,1.0,7,150,0.025,0.12,25,0.0,0,Synthetic,Single,9743332161890580353,3,4.600301659,4.5751633986666675,0.11519798081700597,4.449472097,4.67571644,0.2262443430000003,0.447963801
PB600,600,120,78.79,2.12,3.38,1.99,0.068155857,19.09,0.32,0.042898845,0.025257012,408.7,0.336,4.63,CBZ,540,1.0,7,150,0.025,0.12,25,0.0,0,Synthetic,Single,11787025835843549181,3,4.751131222,4.776269482,0.11519798125344141,4.67571644,4.901960784,0.2262443439999995,0.429864253
PB600,600,120,78.79,2.12,3.38,1.99,0.068155857,19.09,0.32,0.042898845,0.025257012,408.7,0.336,4.63,CBZ,720,1.0,7,150,0.025,0.12,25,0.0,0,Synthetic,Single,2745138070681387378,7,4.826546003,4.520262899285714,0.71285810739142,3.092006033,5.170421722,2.0784156890000003,0.42081448
PB800,800,120,75.05,2.25,3.52,2.77,0.083810793,24.95,0.029980013,0.046902065,0.036908728,472.92,0.658,6.25,IBF,30,1.0,7,150,0.025,0.12,25,0.0,0,Synthetic,Single,15953553129323897234,2,4.520295203,4.520295203,0.05435937686172368,4.481857319,4.558733087,0.07687576799999984,0.457564576
PB800,800,120,75.05,2.25,3.52,2.77,0.083810793,24.95,0.029980013,0.046902065,0.036908728,472.92,0.658,6.25,IBF,60,1.0,7,150,0.025,0.12,25,0.0,0,Synthetic,Single,3239608308610899565,3,4.712484625,4.789360393666667,0.20339416605390168,4.635608856,5.0199877,0.38437884399999955,0.434501845
PB800,800,120,75.05,2.25,3.52,2.77,0.083810793,24.95,0.029980013,0.046902065,0.036908728,472.92,0.658,6.25,IBF,120,1.0,7,150,0.025,0.12,25,0.0,0,Synthetic,Single,11790847577502814219,3,4.866236162,4.994362443666667,0.29104696318480267,4.789360394,5.327490775,0.5381303810000002,0.416051661
PB800,800,120,75.05,2.25,3.52,2.77,0.083810793,24.95,0.029980013,0.046902065,0.036908728,472.92,0.658,6.25,IBF,180,1.0,7,150,0.025,0.12,25,0.0,0,Synthetic,Single,12344897762132747990,2,5.0584255845,5.0584255845,0.05435937756883052,5.0199877,5.096863469,0.07687576899999993,0.39298893
PB800,800,120,75.05,2.25,3.52,2.77,0.083810793,24.95,0.029980013,0.046902065,0.036908728,472.92,0.658,6.25,IBF,360,1.0,7,150,0.025,0.12,25,0.0,0,Synthetic,Single,12628378825739221659,3,5.173739237,5.096863468333333,0.42802616547670785,4.635608856,5.481242312,0.8456334559999998,0.379151292
PB800,800,120,75.05,2.25,3.52,2.77,0.083810793,24.95,0.029980013,0.046902065,0.036908728,472.92,0.658,6.25,IBF,540,1.0,7,150,0.025,0.12,25,0.0,0,Synthetic,Single,14871431238927427911,3,5.250615006,5.173739237333333,0.3522890290229144,4.789360394,5.481242312,0.691881918,0.369926199
PB800,800,120,75.05,2.25,3.52,2.77,0.083810793,24.95,0.029980013,0.046902065,0.036908728,472.92,0.658,6.25,IBF,720,1.0,7,150,0.025,0.12,25,0.0,0,Synthetic,Single,17525109609069475328,6,5.4043665435,5.2910363401666665,0.43998435419530546,4.507710558,5.693950178,1.1862396199999994,0.35147601500000003
PB800,800,120,75.05,2.25,3.52,2.77,0.083810793,24.95,0.029980013,0.046902065,0.036908728,472.92,0.658,6.25,CBZ,30,1.0,7,150,0.025,0.12,25,0.0,0,Synthetic,Single,1514574243803737969,3,6.03259381,6.078243403666666,0.20919271842147683,5.895645029,6.306491372,0.4108463430000002,0.276088743
PB800,800,120,75.05,2.25,3.52,2.77,0.083810793,24.95,0.029980013,0.046902065,0.036908728,472.92,0.658,6.25,CBZ,60,1.0,7,150,0.025,0.12,25,0.0,0,Synthetic,Single,10165590335124184326,2,6.409202958,6.409202958,0.14525611793405033,6.306491372,6.511914544,0.2054231719999997,0.23089564499999998
PB800,800,120,75.05,2.25,3.52,2.77,0.083810793,24.95,0.029980013,0.046902065,0.036908728,472.92,0.658,6.25,CBZ,120,1.0,7,150,0.025,0.12,25,0.0,0,Synthetic,Single,5016250197719449952,3,6.785812106,6.762987309333333,0.3087681291760446,6.443440153,7.059709669,0.616269516,0.185702547
PB800,800,120,75.05,2.25,3.52,2.77,0.083810793,24.95,0.029980013,0.046902065,0.036908728,472.92,0.658,6.25,CBZ,180,1.0,7,150,0.025,0.12,25,0.0,0,Synthetic,Single,15920915165548103005,3,6.922760887,6.854286496666667,0.18116620862870628,6.648863325,6.991235278,0.3423719530000007,0.169268694
PB800,800,120,75.05,2.25,3.52,2.77,0.083810793,24.95,0.029980013,0.046902065,0.036908728,472.92,0.658,6.25,CBZ,360,1.0,7,150,0.025,0.12,25,0.0,0,Synthetic,Single,8607231739404609168,3,6.991235278,6.968410481333334,0.10459635942895613,6.854286497,7.059709669,0.2054231719999997,0.161051767
PB800,800,120,75.05,2.25,3.52,2.77,0.083810793,24.95,0.029980013,0.046902065,0.036908728,472.92,0.658,6.25,CBZ,540,1.0,7,150,0.025,0.12,25,0.0,0,Synthetic,Single,6519590476496403668,3,7.059709669,7.036884872000001,0.17232343737526512,6.854286497,7.19665845,0.3423719529999998,0.15283484
PB800,800,120,75.05,2.25,3.52,2.77,0.083810793,24.95,0.029980013,0.046902065,0.036908728,472.92,0.658,6.25,CBZ,720,1.0,7,150,0.025,0.12,25,0.0,0,Synthetic,Single,14750004714216159595,12,7.0231088445,7.031839274416666,0.20958391188469447,6.580388935,7.356781803,0.7763928679999994,0.157226939
PB600,600,120,78.79,2.12,3.38,1.99,0.068155857,19.09,0.32,0.042898845,0.025257012,408.7,0.336,4.63,IBF,720,0.5,7,150,0.025,0.12,25,0.0,0,Synthetic,Single,4638699997237969674,3,3.419409762,3.293290452666666,0.30406264242382014,2.946462353,3.513999243,0.5675368900000004,0.089670829
PB600,600,120,78.79,2.12,3.38,1.99,0.068155857,19.09,0.32,0.042898845,0.025257012,408.7,0.336,4.63,IBF,720,2.0,7,150,0.025,0.12,25,0.0,0,Synthetic,Single,17931166249636784485,3,4.568671964,4.568671963666667,0.47294740850000005,4.095724555,5.041619372,0.9458948170000001,1.451759364
PB600,600,120,78.79,2.12,3.38,1.99,0.068155857,19.09,0.32,0.042898845,0.025257012,408.7,0.336,4.63,IBF,720,3.0,7,150,0.025,0.12,25,0.0,0,Synthetic,Single,7906523010888670204,3,5.807794173,5.839324000666667,0.14448781996745222,5.713204692,5.996973137,0.28376844500000065,2.303064699
PB600,600,120,78.79,2.12,3.38,1.99,0.068155857,19.09,0.32,0.042898845,0.025257012,408.7,0.336,4.63,IBF,720,5.0,7,150,0.025,0.12,25,0.0,0,Synthetic,Single,14688820173526291166,3,7.623912221,7.655442048,0.8990148459183493,6.772606886,8.569807037,1.7972001510000002,4.085130533
PB600,600,120,78.79,2.12,3.38,1.99,0.068155857,19.09,0.32,0.042898845,0.025257012,408.7,0.336,4.63,IBF,720,7.0,7,150,0.025,0.12,25,0.0,0,Synthetic,Single,17768144420512728563,2,8.6360196745,8.6360196745,0.33442432004850736,8.39954597,8.872493379,0.47294740899999965,5.9636776395
PB600,600,120,78.79,2.12,3.38,1.99,0.068155857,19.09,0.32,0.042898845,0.025257012,408.7,0.336,4.63,CBZ,720,0.5,7,150,0.025,0.12,25,0.0,0,Synthetic,Single,8579724259648889229,3,2.887395201,2.815119977,0.19122226865548697,2.598294305,2.959670425,0.3613761200000001,0.153512576
PB600,600,120,78.79,2.12,3.38,1.99,0.068155857,19.09,0.32,0.042898845,0.025257012,408.7,0.336,4.63,CBZ,720,2.0,7,150,0.025,0.12,25,0.0,0,Synthetic,Single,18256237374311260226,3,7.292570107,7.244386624333333,0.15045287640459867,7.075744435,7.364845331,0.2891008959999999,1.124891587
PB600,600,120,78.79,2.12,3.38,1.99,0.068155857,19.09,0.32,0.042898845,0.025257012,408.7,0.336,4.63,CBZ,720,3.0,7,150,0.025,0.12,25,0.0,0,Synthetic,Single,3861496676312990239,2,9.37409656,9.37409656,0.15331890300652928,9.265683724,9.482509396,0.2168256719999988,1.875108413
PB600,600,120,78.79,2.12,3.38,1.99,0.068155857,19.09,0.32,0.042898845,0.025257012,408.7,0.336,4.63,CBZ,720,5.0,7,150,0.025,0.12,25,0.0,0,Synthetic,Single,4816457085212577481,3,12.48915872,12.5373422,0.1504528776856234,12.41688349,12.70598439,0.28910089999999933,3.501300954
PB600,600,120,78.79,2.12,3.38,1.99,0.068155857,19.09,0.32,0.042898845,0.025257012,408.7,0.336,4.63,CBZ,720,7.0,7,150,0.025,0.12,25,0.0,0,Synthetic,Single,16646435081185513064,3,15.13443192,15.15852366,0.6869315534186843,14.4839549,15.85718416,1.3732292599999987,5.18386817
PB800,800,120,75.05,2.25,3.52,2.77,0.083810793,24.95,0.029980013,0.046902065,0.036908728,472.92,0.658,6.25,IBF,720,0.5,7,150,0.025,0.12,25,0.0,0,Synthetic,Single,13882004842441325747,2,3.1583629894999996,3.1583629894999996,0.20969951985353838,3.010083037,3.306642942,0.29655990500000007,0.1209964415
PB800,800,120,75.05,2.25,3.52,2.77,0.083810793,24.95,0.029980013,0.046902065,0.036908728,472.92,0.658,6.25,IBF,720,2.0,7,150,0.025,0.12,25,0.0,0,Synthetic,Single,3195573885445634352,3,8.096085409,8.096085408999999,0.2965599049999996,7.799525504,8.392645314,0.5931198099999992,1.028469751
PB800,800,120,75.05,2.25,3.52,2.77,0.083810793,24.95,0.029980013,0.046902065,0.036908728,472.92,0.658,6.25,IBF,720,3.0,7,150,0.025,0.12,25,0.0,0,Synthetic,Single,16685056413505612305,2,11.38790036,11.38790036,0.8387980794141535,10.79478055,11.98102017,1.1862396200000003,1.6334519575
PB800,800,120,75.05,2.25,3.52,2.77,0.083810793,24.95,0.029980013,0.046902065,0.036908728,472.92,0.658,6.25,IBF,720,5.0,7,150,0.025,0.12,25,0.0,0,Synthetic,Single,12615330013127249511,3,18.26809015,17.972444640000003,0.5144505363359606,17.37841044,18.27083333,0.8924228899999989,2.807829181
PB800,800,120,75.05,2.25,3.52,2.77,0.083810793,24.95,0.029980013,0.046902065,0.036908728,472.92,0.658,6.25,IBF,720,7.0,7,150,0.025,0.12,25,0.0,0,Synthetic,Single,12897520793021774794,2,23.962040334999998,23.962040334999998,0.41939903970707737,23.66548043,24.25860024,0.593119810000001,4.1245551605
PB800,800,120,75.05,2.25,3.52,2.77,0.083810793,24.95,0.029980013,0.046902065,0.036908728,472.92,0.658,6.25,CBZ,720,0.5,7,150,0.025,0.12,25,0.0,0,Synthetic,Single,16535772593130774120,3,3.811629153,3.811629153,0.0669882100000001,3.744640943,3.878617363,0.1339764200000002,0.042604502
PB800,800,120,75.05,2.25,3.52,2.77,0.083810793,24.95,0.029980013,0.046902065,0.036908728,472.92,0.658,6.25,CBZ,720,2.0,7,150,0.025,0.12,25,0.0,0,Synthetic,Single,12243699223279693851,3,11.82341908,11.979724903333334,0.33044499308624126,11.75643087,12.35932476,0.6028938899999989,0.581189711
PB800,800,120,75.05,2.25,3.52,2.77,0.083810793,24.95,0.029980013,0.046902065,0.036908728,472.92,0.658,6.25,CBZ,720,3.0,7,150,0.025,0.12,25,0.0,0,Synthetic,Single,4312049738884130310,3,15.66854234,15.847177566666668,0.5577883164883888,15.4005895,16.47240086,1.0718113599999999,1.11977492
PB800,800,120,75.05,2.25,3.52,2.77,0.083810793,24.95,0.029980013,0.046902065,0.036908728,472.92,0.658,6.25,CBZ,720,5.0,7,150,0.025,0.12,25,0.0,0,Synthetic,Single,5854617717337756324,3,20.61227224,20.3443194,0.8366824747325816,19.40648446,21.0142015,1.6077170399999972,2.526527331
PB800,800,120,75.05,2.25,3.52,2.77,0.083810793,24.95,0.029980013,0.046902065,0.036908728,472.92,0.658,6.25,CBZ,720,7.0,7,150,0.025,0.12,25,0.0,0,Synthetic,Single,6751492380456087949,3,25.35503751,25.042425863333335,0.9119586385222871,24.01527331,25.75696677,1.741693459999997,3.957395498
PB600,600,120,78.79,2.12,3.38,1.99,0.068155857,19.09,0.32,0.042898845,0.025257012,408.7,0.336,4.63,IBF,720,1.0,7,150,0.025,0.12,15,0.0,0,Synthetic,Single,9782494289855406605,3,3.754664179,2.225849917,2.7837128512705105,-0.987251244,3.910136816,4.89738806,0.549440299
PB600,600,120,78.79,2.12,3.38,1.99,0.068155857,19.09,0.32,0.042898845,0.025257012,408.7,0.336,4.63,IBF,720,1.0,7,150,0.025,0.12,35,0.0,0,Synthetic,Single,8735380676737306261,2,3.4906022245,3.4906022245,0.1356169507228938,3.394706559,3.58649789,0.19179133100000012,0.581127733
PB600,600,120,78.79,2.12,3.38,1.99,0.068155857,19.09,0.32,0.042898845,0.025257012,408.7,0.336,4.63,IBF,720,1.0,7,150,0.025,0.12,45,0.0,0,Synthetic,Single,14417663452655608841,2,3.4426543919999997,3.4426543919999997,0.06780847571500032,3.394706559,3.490602225,0.0958956660000001,0.586881473
PB600,600,120,78.79,2.12,3.38,1.99,0.068155857,19.09,0.32,0.042898845,0.025257012,408.7,0.336,4.63,CBZ,720,1.0,7,150,0.025,0.12,15,0.0,0,Synthetic,Single,969838696704097738,3,4.355425056,4.355425056,0.20973154399999983,4.145693512,4.5651566,0.41946308799999965,0.477348993
PB600,600,120,78.79,2.12,3.38,1.99,0.068155857,19.09,0.32,0.042898845,0.025257012,408.7,0.336,4.63,CBZ,720,1.0,7,150,0.025,0.12,35,0.0,0,Synthetic,Single,8961801212487542066,3,4.452153802,4.596704249999999,0.3824445373109741,4.307603354,5.030355594,0.7227522400000002,0.465741544
PB600,600,120,78.79,2.12,3.38,1.99,0.068155857,19.09,0.32,0.042898845,0.025257012,408.7,0.336,4.63,CBZ,720,1.0,7,150,0.025,0.12,45,0.0,0,Synthetic,Single,4230070745459176222,3,4.005872483,3.7262304250000002,0.5460185736642217,3.097035794,4.075782998,0.9787472040000003,0.519295302
PB800,800,120,75.05,2.25,3.52,2.77,0.083810793,24.95,0.029980013,0.046902065,0.036908728,472.92,0.658,6.25,IBF,720,1.0,7,150,0.025,0.12,15,0.0,0,Synthetic,Single,16981588077118001944,3,5.887993863,5.728167753666667,0.3630551299132575,5.31261987,5.983889528,0.6712696579999999,0.293440736
PB800,800,120,75.05,2.25,3.52,2.77,0.083810793,24.95,0.029980013,0.046902065,0.036908728,472.92,0.658,6.25,IBF,720,1.0,7,150,0.025,0.12,35,0.0,0,Synthetic,Single,4368985939101191104,3,4.737245876,4.673315432666667,0.29296609775104576,4.353663214,4.929037208,0.5753739939999996,0.431530495
PB800,800,120,75.05,2.25,3.52,2.77,0.083810793,24.95,0.029980013,0.046902065,0.036908728,472.92,0.658,6.25,IBF,720,1.0,7,150,0.025,0.12,45,0.0,0,Synthetic,Single,1962750076639572076,3,5.024932873,4.801176320333334,0.4730420850842954,4.257767549,5.120828539,0.8630609899999993,0.397008055
PB800,800,120,75.05,2.25,3.52,2.77,0.083810793,24.95,0.029980013,0.046902065,0.036908728,472.92,0.658,6.25,CBZ,720,1.0,7,150,0.025,0.12,15,0.0,0,Synthetic,Single,16814135709255667619,3,7.081935123,6.988721103666666,0.22473086258640657,6.73238255,7.151845638,0.41946308800000054,0.150167785
PB800,800,120,75.05,2.25,3.52,2.77,0.083810793,24.95,0.029980013,0.046902065,0.036908728,472.92,0.658,6.25,CBZ,720,1.0,7,150,0.025,0.12,35,0.0,0,Synthetic,Single,8453574395239298091,3,6.522651007,6.615865026000001,0.22473086201608256,6.452740492,6.872203579,0.41946308699999957,0.217281879
PB800,800,120,75.05,2.25,3.52,2.77,0.083810793,24.95,0.029980013,0.046902065,0.036908728,472.92,0.658,6.25,CBZ,720,1.0,7,150,0.025,0.12,45,0.0,0,Synthetic,Single,10518560760056121119,2,6.8022930645,6.8022930645,0.09886839775838102,6.73238255,6.872203579,0.13982102900000015,0.183724832
PB600,600,120,78.79,2.12,3.38,1.99,0.068155857,19.09,0.32,0.042898845,0.025257012,408.7,0.336,4.63,IBF,720,1.0,7,150,0.025,0.12,25,0.1,0,Synthetic,Single,8743948845105463602,2,2.361995754,2.361995754,1.1259662121525515,1.56581741,3.158174098,1.592356688,0.7165605095
PB600,600,120,78.79,2.12,3.38,1.99,0.068155857,19.09,0.32,0.042898845,0.025257012,408.7,0.336,4.63,IBF,720,1.0,7,150,0.025,0.12,25,0.2,0,Synthetic,Single,7454731212362866075,3,4.516129032,4.516129032333333,0.2688172044999999,4.247311828,4.784946237,0.5376344089999998,0.458064516
PB600,600,120,78.79,2.12,3.38,1.99,0.068155857,19.09,0.32,0.042898845,0.025257012,408.7,0.336,4.63,IBF,720,1.0,7,150,0.025,0.12,25,0.5,0,Synthetic,Single,9273002584874128174,1,5.887681159,5.887681159,0.0,5.887681159,5.887681159,0.0,0.293478261
PB600,600,120,78.79,2.12,3.38,1.99,0.068155857,19.09,0.32,0.042898845,0.025257012,408.7,0.336,4.63,CBZ,720,1.0,7,150,0.025,0.12,25,0.1,0,Synthetic,Single,11766646487813938965,2,5.4102344195,5.4102344195,0.25268252582754214,5.231560892,5.588907947,0.35734705499999997,0.3507718695
PB600,600,120,78.79,2.12,3.38,1.99,0.068155857,19.09,0.32,0.042898845,0.025257012,408.7,0.336,4.63,CBZ,720,1.0,7,150,0.025,0.12,25,0.2,0,Synthetic,Single,6729119051242813472,2,5.60592324,5.60592324,0.1068459927271834,5.530371714,5.681474766,0.15110305199999985,0.32728921099999997
PB600,600,120,78.79,2.12,3.38,1.99,0.068155857,19.09,0.32,0.042898845,0.025257012,408.7,0.336,4.63,CBZ,720,1.0,7,150,0.025,0.12,25,0.5,0,Synthetic,Single,798606921766426585,2,6.328680898,6.328680898,0.04837895337758718,6.294471812,6.362889984,0.06841817199999944,0.2405582925
PB600,600,120,78.79,2.12,3.38,2.77,0.078055591,19.09,0.32,0.042898845,0.035156746,408.7,0.336,4.63,CBZ,720,1.0,7,150,0.025,0.12,25,0.5,0,Synthetic,Single,3654120116730440945,1,6.294471812,6.294471812,0.0,6.294471812,6.294471812,0.0,0.244663383
PB800,800,120,75.05,2.25,3.52,2.77,0.083810793,24.95,0.029980013,0.046902065,0.036908728,472.92,0.658,6.25,IBF,720,1.0,7,150,0.025,0.12,25,0.1,0,Synthetic,Single,11408580608251775291,3,6.342887473,6.254423213,0.40539416971221526,5.812101911,6.608280255,0.7961783440000003,0.238853503
PB800,800,120,75.05,2.25,3.52,2.77,0.083810793,24.95,0.029980013,0.046902065,0.036908728,472.92,0.658,6.25,IBF,720,1.0,7,150,0.025,0.12,25,0.2,0,Synthetic,Single,14175388875336343442,2,6.801075269,6.801075269,0.1900824678480071,6.666666667,6.935483871,0.2688172039999994,0.1838709675
PB800,800,120,75.05,2.25,3.52,2.77,0.083810793,24.95,0.029980013,0.046902065,0.036908728,472.92,0.658,6.25,IBF,720,1.0,7,150,0.025,0.12,25,0.5,0,Synthetic,Single,3555680831320761087,3,7.699275362,7.6237922703333325,0.569884845739098,7.019927536,8.152173913,1.1322463770000004,0.076086957
PB800,800,120,75.05,2.25,3.52,2.77,0.083810793,24.95,0.029980013,0.046902065,0.036908728,472.92,0.658,6.25,CBZ,720,1.0,7,150,0.025,0.12,25,0.1,0,Synthetic,Single,13112993294266144816,2,7.274363234,7.274363234,0.34259049473899816,7.032115172,7.516611296,0.48449612399999964,0.127076412
PB800,800,120,75.05,2.25,3.52,2.77,0.083810793,24.95,0.029980013,0.046902065,0.036908728,472.92,0.658,6.25,CBZ,720,1.0,7,150,0.025,0.12,25,0.2,0,Synthetic,Single,448869715081788645,2,7.437897169499999,7.437897169499999,0.25531007381524806,7.257365685,7.618428654,0.3610629689999998,0.10745234000000001
PB800,800,120,75.05,2.25,3.52,2.77,0.083810793,24.95,0.029980013,0.046902065,0.036908728,472.92,0.658,6.25,CBZ,720,1.0,7,150,0.025,0.12,25,0.5,0,Synthetic,Single,545046568759867788,3,8.004926108,7.9731386109999995,0.1865598417640684,7.772727273,8.141762452,0.36903517899999994,0.039408867
GCRB,800,120,83.5,1.8,3.7,3.4,0.08502994,7.6,0.022,0.044,0.04,3.8,0.014,5.59,ALA,30,10.02,7,150,0.02,0.05,25,0.0,0,Synthetic,Single,4148735206806841230,3,5.234065282,5.3432600783333335,0.22178782528432345,5.197240399,5.598474554,0.40123415500000004,9.758
GCRB,800,120,83.5,1.8,3.7,3.4,0.08502994,7.6,0.022,0.044,0.04,3.8,0.014,5.59,ALA,60,10.02,7,150,0.02,0.05,25,0.0,0,Synthetic,Single,16686286222941911493,3,8.505371504,8.389021161666667,0.2573752741266349,8.094014869,8.567677112,0.4736622429999997,9.595
GCRB,800,120,83.5,1.8,3.7,3.4,0.08502994,7.6,0.022,0.044,0.04,3.8,0.014,5.59,ALA,120,10.02,7,150,0.02,0.05,25,0.0,0,Synthetic,Single,1131363245509232367,3,9.976796107,9.996575664666667,0.20699912865903183,9.800176287,10.2127546,0.4125783130000009,9.521
GCRB,800,120,83.5,1.8,3.7,3.4,0.08502994,7.6,0.022,0.044,0.04,3.8,0.014,5.59,ALA,240,10.02,7,150,0.02,0.05,25,0.0,0,Synthetic,Single,17521038317806543940,3,10.47663718,10.518581476666668,0.21247148820442205,10.33021027,10.74889698,0.41868670999999935,9.496
GCRB,800,120,83.5,1.8,3.7,3.4,0.08502994,7.6,0.022,0.044,0.04,3.8,0.014,5.59,ALA,480,10.02,7,150,0.02,0.05,25,0.0,0,Synthetic,Single,2830930473354615875,3,10.91591789,10.982004886666667,0.1294040871162929,10.89898892,11.13110785,0.2321189299999986,9.474
GCRB,800,120,83.5,1.8,3.7,3.4,0.08502994,7.6,0.022,0.044,0.04,3.8,0.014,5.59,ALA,720,10.02,7,150,0.02,0.05,25,0.0,0,Synthetic,Single,160904994430030632,3,11.42797575,11.453689173333332,0.28847881189831187,11.17892784,11.75416393,0.5752360900000006,9.449
GCRB,800,120,83.5,1.8,3.7,3.4,0.08502994,7.6,0.022,0.044,0.04,3.8,0.014,5.59,ALA,960,10.02,7,150,0.02,0.05,25,0.0,0,Synthetic,Single,6091352380723401300,3,11.5986617,11.707391096666667,0.21093334613700213,11.57300645,11.95050514,0.37749869000000125,9.44
GCRB,800,120,83.5,1.8,3.7,3.4,0.08502994,7.6,0.022,0.044,0.04,3.8,0.014,5.59,ALA,1440,10.02,7,150,0.02,0.05,25,0.0,0,Synthetic,Single,15412847921528205124,3,11.72205124,11.757072693333333,0.1730159996844049,11.60424652,11.94492032,0.34067379999999936,9.434
GCRB-N,800,120,82.9,1.4,3.6,1.3,0.059107358,10.8,0.017,0.043,0.015,405.33,0.293,3.05,ALA,30,10.02,7,150,0.02,0.05,25,0.0,0,Synthetic,Single,1650889088386385537,3,30.36347037,30.276847540000002,0.2008421172332318,30.04723014,30.41984211,0.37261197000000124,8.502
GCRB-N,800,120,82.9,1.4,3.6,1.3,0.059107358,10.8,0.017,0.043,0.015,405.33,0.293,3.05,ALA,60,10.02,7,150,0.02,0.05,25,0.0,0,Synthetic,Single,10042961065640289498,3,47.79734747,47.279355746666674,0.9737377613680145,46.15610954,47.88461023,1.728500689999997,7.63
GCRB-N,800,120,82.9,1.4,3.6,1.3,0.059107358,10.8,0.017,0.043,0.015,405.33,0.293,3.05,ALA,120,10.02,7,150,0.02,0.05,25,0.0,0,Synthetic,Single,14814095991422283752,3,64.0917475,64.67658249333333,1.0872471193792985,64.0069281,65.93107188,1.9241437800000085,6.815
GCRB-N,800,120,82.9,1.4,3.6,1.3,0.059107358,10.8,0.017,0.043,0.015,405.33,0.293,3.05,ALA,240,10.02,7,150,0.02,0.05,25,0.0,0,Synthetic,Single,2729053111285095571,3,78.56008708,79.02833903,1.8617725341294182,77.44539262,81.07953739,3.634144769999992,6.092
GCRB-N,800,120,82.9,1.4,3.6,1.3,0.059107358,10.8,0.017,0.043,0.015,405.33,0.293,3.05,ALA,480,10.02,7,150,0.02,0.05,25,0.0,0,Synthetic,Single,9461285733210899604,3,95.91804558,95.56765652333333,0.6880827712375834,94.77490347,96.01002052,1.2351170499999995,5.224
GCRB-N,800,120,82.9,1.4,3.6,1.3,0.059107358,10.8,0.017,0.043,0.015,405.33,0.293,3.05,ALA,720,10.02,7,150,0.02,0.05,25,0.0,0,Synthetic,Single,16689376355185515055,3,104.9300195,104.846829,0.37386008249037356,104.4383811,105.1720864,0.7337052999999969,4.773
GCRB-N,800,120,82.9,1.4,3.6,1.3,0.059107358,10.8,0.017,0.043,0.015,405.33,0.293,3.05,ALA,960,10.02,7,150,0.02,0.05,25,0.0,0,Synthetic,Single,17485915581583553027,3,113.4308082,113.38106843333333,0.25489560576506937,113.1049691,113.607428,0.5024588999999935,4.348
GCRB-N,800,120,82.9,1.4,3.6,1.3,0.059107358,10.8,0.017,0.043,0.015,405.33,0.293,3.05,ALA,1440,10.02,7,150,0.02,0.05,25,0.0,0,Synthetic,Single,10670496052350020499,3,113.8842255,113.4158572,0.9818793784665092,112.2874916,114.0758545,1.7883629000000099,4.326
GCRB,800,120,83.5,1.8,3.7,3.4,0.08502994,7.6,0.022,0.044,0.04,3.8,0.014,5.59,DIU,30,10.01,7,150,0.02,0.05,25,0.0,0,Synthetic,Single,6881680342154719082,3,3.705309445,3.3450285010000003,0.6734452959414985,2.568082535,3.761693523,1.193610988,9.825
GCRB,800,120,83.5,1.8,3.7,3.4,0.08502994,7.6,0.022,0.044,0.04,3.8,0.014,5.59,DIU,60,10.01,7,150,0.02,0.05,25,0.0,0,Synthetic,Single,4543053897758384877,3,4.27780763,4.349545640666666,0.43428439158879467,3.955597038,4.815232254,0.8596352159999996,9.796
GCRB,800,120,83.5,1.8,3.7,3.4,0.08502994,7.6,0.022,0.044,0.04,3.8,0.014,5.59,DIU,120,10.01,7,150,0.02,0.05,25,0.0,0,Synthetic,Single,12868618056911045219,3,5.893522263,5.829997681000001,0.1310360753448552,5.679307161,5.917163619,0.23785645800000044,9.715
GCRB,800,120,83.5,1.8,3.7,3.4,0.08502994,7.6,0.022,0.044,0.04,3.8,0.014,5.59,DIU,240,10.01,7,150,0.02,0.05,25,0.0,0,Synthetic,Single,13891335910227168060,3,7.133971994,7.105594968000001,0.41123990139450917,6.680901504,7.501911406,0.8210099019999992,9.653
GCRB,800,120,83.5,1.8,3.7,3.4,0.08502994,7.6,0.022,0.044,0.04,3.8,0.014,5.59,DIU,480,10.01,7,150,0.02,0.05,25,0.0,0,Synthetic,Single,16228501341617414735,3,7.879618137,7.8782862300000005,0.22420737459909446,7.653415869,8.101824684,0.4484088150000005,9.616
GCRB,800,120,83.5,1.8,3.7,3.4,0.08502994,7.6,0.022,0.044,0.04,3.8,0.014,5.59,DIU,720,10.01,7,150,0.02,0.05,25,0.0,0,Synthetic,Single,10537734644424079080,3,8.321145431,8.311156125666665,0.021364500106035727,8.286626832,8.325696114,0.039069281999999816,9.594
GCRB,800,120,83.5,1.8,3.7,3.4,0.08502994,7.6,0.022,0.044,0.04,3.8,0.014,5.59,DIU,960,10.01,7,150,0.02,0.05,25,0.0,0,Synthetic,Single,6003517218166565196,3,9.23106015,9.271868312,0.08018655225704516,9.220293899,9.364250887,0.14395698800000112,9.548
GCRB,800,120,83.5,1.8,3.7,3.4,0.08502994,7.6,0.022,0.044,0.04,3.8,0.014,5.59,DIU,1440,10.01,7,150,0.02,0.05,25,0.0,0,Synthetic,Single,12954864437147827772,3,9.23106015,9.308865739,0.14418760245123863,9.220293899,9.475243168,0.2549492690000008,9.548
GCRB-N,800,120,82.9,1.4,3.6,1.3,0.059107358,10.8,0.017,0.043,0.015,405.33,0.293,3.05,DIU,30,10.01,7,150,0.02,0.05,25,0.0,0,Synthetic,Single,919380948240731149,3,66.97146452,66.98604151,0.03068697532827308,66.96535995,67.02130006,0.05594010999999455,6.661
GCRB-N,800,120,82.9,1.4,3.6,1.3,0.059107358,10.8,0.017,0.043,0.015,405.33,0.293,3.05,DIU,60,10.01,7,150,0.02,0.05,25,0.0,0,Synthetic,Single,18066266607024170890,3,83.10152874,83.19239442000001,0.2520113976361367,82.99841691,83.47723761,0.4788207,5.855
GCRB-N,800,120,82.9,1.4,3.6,1.3,0.059107358,10.8,0.017,0.043,0.015,405.33,0.293,3.05,DIU,120,10.01,7,150,0.02,0.05,25,0.0,0,Synthetic,Single,17448317176544428284,3,98.59705009,98.51439783333332,0.27250938745991904,98.21013099,98.73601242,0.5258814299999983,5.08
GCRB-N,800,120,82.9,1.4,3.6,1.3,0.059107358,10.8,0.017,0.043,0.015,405.33,0.293,3.05,DIU,240,10.01,7,150,0.02,0.05,25,0.0,0,Synthetic,Single,962552806549531811,3,124.3419316,124.41503853333334,0.7465597705463042,123.7077217,125.1954623,1.4877406000000093,3.793
GCRB-N,800,120,82.9,1.4,3.6,1.3,0.059107358,10.8,0.017,0.043,0.015,405.33,0.293,3.05,DIU,480,10.01,7,150,0.02,0.05,25,0.0,0,Synthetic,Single,3989955081928709176,3,146.7603745,146.7663681,0.06027072772881565,146.7093181,146.8294117,0.12009360000001834,2.672
GCRB-N,800,120,82.9,1.4,3.6,1.3,0.059107358,10.8,0.017,0.043,0.015,405.33,0.293,3.05,DIU,720,10.01,7,150,0.02,0.05,25,0.0,0,Synthetic,Single,14951693179814658911,3,153.5760775,153.50515343333333,0.13149174168654462,153.353427,153.5859558,0.232528799999983,2.331
GCRB-N,800,120,82.9,1.4,3.6,1.3,0.059107358,10.8,0.017,0.043,0.015,405.33,0.293,3.05,DIU,960,10.01,7,150,0.02,0.05,25,0.0,0,Synthetic,Single,11268116004064956563,3,160.7324158,161.13487383333333,0.7907523102747185,160.6263072,162.0458985,1.4195912999999791,1.973
GCRB-N,800,120,82.9,1.4,3.6,1.3,0.059107358,10.8,0.017,0.043,0.015,405.33,0.293,3.05,DIU,1440,10.01,7,150,0.02,0.05,25,0.0,0,Synthetic,Single,18317379548080904099,3,161.0959155,161.52031300000002,0.7458695794525414,161.0834844,162.3815391,1.2980546999999945,1.955
GCRB,800,120,83.5,1.8,3.7,3.4,0.08502994,7.6,0.022,0.044,0.04,3.8,0.014,5.59,SIM,30,10.22,7,150,0.02,0.05,25,0.0,0,Synthetic,Single,12911595339082294133,3,2.79217794,2.801186995,0.0215980483251792,2.785551925,2.82583112,0.0402791950000001,10.08
GCRB,800,120,83.5,1.8,3.7,3.4,0.08502994,7.6,0.022,0.044,0.04,3.8,0.014,5.59,SIM,60,10.22,7,150,0.02,0.05,25,0.0,0,Synthetic,Single,13251832431809861994,3,3.285641671,3.3924135053333333,0.3841814739072942,3.072911723,3.818687122,0.7457753990000002,10.056
GCRB,800,120,83.5,1.8,3.7,3.4,0.08502994,7.6,0.022,0.044,0.04,3.8,0.014,5.59,SIM,120,10.22,7,150,0.02,0.05,25,0.0,0,Synthetic,Single,857291316126879820,3,3.841006329,3.899129265666667,0.1238551769204883,3.815025377,4.041356091,0.22633071399999993,10.028
GCRB,800,120,83.5,1.8,3.7,3.4,0.08502994,7.6,0.022,0.044,0.04,3.8,0.014,5.59,SIM,240,10.22,7,150,0.02,0.05,25,0.0,0,Synthetic,Single,2580541194873097651,3,4.559580193,4.617703129666666,0.1132803357480662,4.545281951,4.748247245,0.20296529400000018,9.992
GCRB,800,120,83.5,1.8,3.7,3.4,0.08502994,7.6,0.022,0.044,0.04,3.8,0.014,5.59,SIM,480,10.22,7,150,0.02,0.05,25,0.0,0,Synthetic,Single,4926704663018204312,3,5.615732073,5.603293764666667,0.025412621056319647,5.574057928,5.620091293,0.04603336499999955,9.939
GCRB,800,120,83.5,1.8,3.7,3.4,0.08502994,7.6,0.022,0.044,0.04,3.8,0.014,5.59,SIM,720,10.22,7,150,0.02,0.05,25,0.0,0,Synthetic,Single,10160655538335327135,3,5.98382463,5.980802237333333,0.013166096137842111,5.966387749,5.992194333,0.025806583999999688,9.921
GCRB,800,120,83.5,1.8,3.7,3.4,0.08502994,7.6,0.022,0.044,0.04,3.8,0.014,5.59,SIM,960,10.22,7,150,0.02,0.05,25,0.0,0,Synthetic,Single,8650115492532836579,3,6.48618117,6.489436054666666,0.01766325351267821,6.473626616,6.508500378,0.03487376200000014,9.896
GCRB,800,120,83.5,1.8,3.7,3.4,0.08502994,7.6,0.022,0.044,0.04,3.8,0.014,5.59,SIM,1440,10.22,7,150,0.02,0.05,25,0.0,0,Synthetic,Single,7054960043939344563,3,6.48618117,6.500944396333334,0.06491611295333187,6.444681394,6.571970625,0.12728923099999978,9.896
GCRB-N,800,120,82.9,1.4,3.6,1.3,0.059107358,10.8,0.017,0.043,0.015,405.33,0.293,3.05,SIM,30,10.22,7,150,0.02,0.05,25,0.0,0,Synthetic,Single,9194609709325732842,3,26.42403396,26.382708553333334,0.08711584794756921,26.28262086,26.44147084,0.1588499799999994,8.899
GCRB-N,800,120,82.9,1.4,3.6,1.3,0.059107358,10.8,0.017,0.043,0.015,405.33,0.293,3.05,SIM,60,10.22,7,150,0.02,0.05,25,0.0,0,Synthetic,Single,16198920204232538357,3,42.1531468,42.1496013,0.06572162540372224,42.08217869,42.21347841,0.13129972000000123,8.112
GCRB-N,800,120,82.9,1.4,3.6,1.3,0.059107358,10.8,0.017,0.043,0.015,405.33,0.293,3.05,SIM,120,10.22,7,150,0.02,0.05,25,0.0,0,Synthetic,Single,8334183993629011667,3,56.61477276,56.61366842333333,0.34115391555533237,56.27196368,56.95426883,0.6823051499999977,7.389
GCRB-N,800,120,82.9,1.4,3.6,1.3,0.059107358,10.8,0.017,0.043,0.015,405.33,0.293,3.05,SIM,240,10.22,7,150,0.02,0.05,25,0.0,0,Synthetic,Single,6815405159900674860,3,72.66315489,72.53191329666667,0.5337782535591539,71.94475539,72.98782961,1.0430742200000083,6.587
GCRB-N,800,120,82.9,1.4,3.6,1.3,0.059107358,10.8,0.017,0.043,0.015,405.33,0.293,3.05,SIM,480,10.22,7,150,0.02,0.05,25,0.0,0,Synthetic,Single,5790935824270287343,3,85.40811991,86.03061656,1.0845443353147732,85.40079642,87.28293335,1.8821369299999873,5.95
GCRB-N,800,120,82.9,1.4,3.6,1.3,0.059107358,10.8,0.017,0.043,0.015,405.33,0.293,3.05,SIM,720,10.22,7,150,0.02,0.05,25,0.0,0,Synthetic,Single,12116383892463645224,3,92.77485338,92.77514399333332,0.017002822795167846,92.75828834,92.79229026,0.03400192000000857,5.581
GCRB-N,800,120,82.9,1.4,3.6,1.3,0.059107358,10.8,0.017,0.043,0.015,405.33,0.293,3.05,SIM,960,10.22,7,150,0.02,0.05,25,0.0,0,Synthetic,Single,8121807144770155004,3,96.99527605,96.79190389333333,0.48888892539930107,96.23415619,97.14627944,0.9121232500000076,5.37
GCRB-N,800,120,82.9,1.4,3.6,1.3,0.059107358,10.8,0.017,0.043,0.015,405.33,0.293,3.05,SIM,1440,10.22,7,150,0.02,0.05,25,0.0,0,Synthetic,Single,14556834406185143340,3,96.46920535,96.92564477,0.9590960795097455,96.28001519,98.02771377,1.747698580000005,5.397
GCRB,800,120,83.5,1.8,3.7,3.4,0.08502994,7.6,0.022,0.044,0.04,3.8,0.014,5.59,ALA,1440,10.0,7,150,0.02,0.05,25,0.0,0,Synthetic,Single,10492819855780410366,12,8.305096708,7.504500532583333,3.767558620268432,1.547407205,11.8519107,10.304503494999999,9.5845
GCRB,800,120,83.5,1.8,3.7,3.4,0.08502994,7.6,0.022,0.044,0.04,3.8,0.014,5.59,ALA,1440,20.0,7,150,0.02,0.05,25,0.0,0,Synthetic,Single,8837797650235256778,3,16.64834896,16.648348956666666,4.611665785,12.03668317,21.26001474,9.22333157,19.168
GCRB,800,120,83.5,1.8,3.7,3.4,0.08502994,7.6,0.022,0.044,0.04,3.8,0.014,5.59,ALA,1440,30.0,7,150,0.02,0.05,25,0.0,0,Synthetic,Single,18197624565931386428,3,10.22386948,10.223869482666666,4.1255180959999995,6.098351388,14.34938758,8.251036192,29.489
GCRB,800,120,83.5,1.8,3.7,3.4,0.08502994,7.6,0.022,0.044,0.04,3.8,0.014,5.59,ALA,1440,40.0,7,150,0.02,0.05,25,0.0,0,Synthetic,Single,9459397314061460827,3,17.32261103,17.322611033333335,0.023669114999998974,17.29894192,17.34628015,0.047338229999997594,39.134
GCRB,800,120,83.5,1.8,3.7,3.4,0.08502994,7.6,0.022,0.044,0.04,3.8,0.014,5.59,ALA,1440,50.0,7,150,0.02,0.05,25,0.0,0,Synthetic,Single,16074325632451800829,3,19.68877041,19.68877041,2.5826817700000007,17.10608864,22.27145218,5.165363540000001,49.016
GCRB-N,800,120,82.9,1.4,3.6,1.3,0.059107358,10.8,0.017,0.043,0.015,405.33,0.293,3.05,ALA,1441,10.0,7,150,0.02,0.05,25,0.0,0,Synthetic,Single,5764508268286414455,2,105.68467032000001,105.68467032000001,23.61787048906004,88.98431394,122.3850267,33.40071275999999,4.716
GCRB-N,800,120,82.9,1.4,3.6,1.3,0.059107358,10.8,0.017,0.043,0.015,405.33,0.293,3.05,ALA,1442,20.0,7,150,0.02,0.05,25,0.0,0,Synthetic,Single,13323255289318525314,1,145.2503699,145.2503699,0.0,145.2503699,145.2503699,0.0,12.737
GCRB-N,800,120,82.9,1.4,3.6,1.3,0.059107358,10.8,0.017,0.043,0.015,405.33,0.293,3.05,ALA,1443,30.0,7,150,0.02,0.05,25,0.0,0,Synthetic,Single,2792764066210024791,1,156.9202649,156.9202649,0.0,156.9202649,156.9202649,0.0,22.154
GCRB-N,800,120,82.9,1.4,3.6,1.3,0.059107358,10.8,0.017,0.043,0.015,405.33,0.293,3.05,ALA,1444,40.0,7,150,0.02,0.05,25,0.0,0,Synthetic,Single,17106177709835231706,1,179.1363026,179.1363026,0.0,179.1363026,179.1363026,0.0,31.043
GCRB-N,800,120,82.9,1.4,3.6,1.3,0.059107358,10.8,0.017,0.043,0.015,405.33,0.293,3.05,ALA,1445,50.0,7,150,0.02,0.05,25,0.0,0,Synthetic,Single,16094576089784857173,1,190.4523133,190.4523133,0.0,190.4523133,190.4523133,0.0,40.477
GCRB-N,800,120,82.9,1.4,3.6,1.3,0.059107358,10.8,0.017,0.043,0.015,405.33,0.293,3.05,ALA,1446,10.0,7,150,0.02,0.05,25,0.0,0,Synthetic,Single,4598834392589598810,2,106.25407444499999,106.25407444499999,24.00991746467357,89.27649899,123.2316499,33.95515091,4.686999999999999
GCRB-N,800,120,82.9,1.4,3.6,1.3,0.059107358,10.8,0.017,0.043,0.015,405.33,0.293,3.05,ALA,1447,20.0,7,150,0.02,0.05,25,0.0,0,Synthetic,Single,4931435827792869169,1,141.3356576,141.3356576,0.0,141.3356576,141.3356576,0.0,12.933
GCRB-N,800,120,82.9,1.4,3.6,1.3,0.059107358,10.8,0.017,0.043,0.015,405.33,0.293,3.05,ALA,1448,30.0,7,150,0.02,0.05,25,0.0,0,Synthetic,Single,549570047000783062,1,161.4962941,161.4962941,0.0,161.4962941,161.4962941,0.0,21.925
GCRB-N,800,120,82.9,1.4,3.6,1.3,0.059107358,10.8,0.017,0.043,0.015,405.33,0.293,3.05,ALA,1449,40.0,7,150,0.02,0.05,25,0.0,0,Synthetic,Single,15928461749635540538,1,181.1725558,181.1725558,0.0,181.1725558,181.1725558,0.0,30.941
GCRB-N,800,120,82.9,1.4,3.6,1.3,0.059107358,10.8,0.017,0.043,0.015,405.33,0.293,3.05,ALA,1450,50.0,7,150,0.02,0.05,25,0.0,0,Synthetic,Single,14861837598986939022,1,190.5475217,190.5475217,0.0,190.5475217,190.5475217,0.0,40.473
GCRB-N,800,120,82.9,1.4,3.6,1.3,0.059107358,10.8,0.017,0.043,0.015,405.33,0.293,3.05,ALA,1451,10.0,7,150,0.02,0.05,25,0.0,0,Synthetic,Single,3681363947390771324,2,105.73136323,105.73136323,23.477298212503445,89.13040646,122.33232,33.20191353999999,4.713
GCRB-N,800,120,82.9,1.4,3.6,1.3,0.059107358,10.8,0.017,0.043,0.015,405.33,0.293,3.05,ALA,1452,20.0,7,150,0.02,0.05,25,0.0,0,Synthetic,Single,16239946262605144955,1,143.2930138,143.2930138,0.0,143.2930138,143.2930138,0.0,12.835
GCRB-N,800,120,82.9,1.4,3.6,1.3,0.059107358,10.8,0.017,0.043,0.015,405.33,0.293,3.05,ALA,1453,30.0,7,150,0.02,0.05,25,0.0,0,Synthetic,Single,16422440345971518751,1,159.2082795,159.2082795,0.0,159.2082795,159.2082795,0.0,22.04
GCRB-N,800,120,82.9,1.4,3.6,1.3,0.059107358,10.8,0.017,0.043,0.015,405.33,0.293,3.05,ALA,1454,40.0,7,150,0.02,0.05,25,0.0,0,Synthetic,Single,1574703652461694556,1,180.1544292,180.1544292,0.0,180.1544292,180.1544292,0.0,30.992
GCRB-N,800,120,82.9,1.4,3.6,1.3,0.059107358,10.8,0.017,0.043,0.015,405.33,0.293,3.05,ALA,1455,50.0,7,150,0.02,0.05,25,0.0,0,Synthetic,Single,2784202534729119265,1,190.4999175,190.4999175,0.0,190.4999175,190.4999175,0.0,40.475
GCRB,800,120,83.5,1.8,3.7,3.4,0.08502994,7.6,0.022,0.044,0.04,3.8,0.014,5.59,DIU,1440,10.0,7,150,0.02,0.05,25,0.0,0,Synthetic,Single,9572373622612409547,12,7.7178603905,9.452607040083334,3.7880681553147872,6.601716663,16.42549742,9.823780756999998,9.6145
GCRB,800,120,83.5,1.8,3.7,3.4,0.08502994,7.6,0.022,0.044,0.04,3.8,0.014,5.59,DIU,1440,20.0,7,150,0.02,0.05,25,0.0,0,Synthetic,Single,17157843615538745207,3,13.53007591,13.53007591,1.15999331,12.3700826,14.69006922,2.31998662,19.323
GCRB,800,120,83.5,1.8,3.7,3.4,0.08502994,7.6,0.022,0.044,0.04,3.8,0.014,5.59,DIU,1440,30.0,7,150,0.02,0.05,25,0.0,0,Synthetic,Single,10174438633931554189,3,-10.42680273,-10.426802726333333,0.4481541354999994,-10.87495686,-9.978648589,0.8963082709999988,30.521
GCRB,800,120,83.5,1.8,3.7,3.4,0.08502994,7.6,0.022,0.044,0.04,3.8,0.014,5.59,DIU,1440,40.0,7,150,0.02,0.05,25,0.0,0,Synthetic,Single,18073218190423429454,3,-6.599694094,-6.599694093666667,3.1778202414999996,-9.777514335,-3.421873852,6.355640482999999,40.33
GCRB,800,120,83.5,1.8,3.7,3.4,0.08502994,7.6,0.022,0.044,0.04,3.8,0.014,5.59,DIU,1440,50.0,7,150,0.02,0.05,25,0.0,0,Synthetic,Single,1199526145674483820,3,50.31371592,50.313715923333326,0.6063535350000002,49.70736239,50.92006946,1.2127070700000004,47.484
GCRB-N,800,120,82.9,1.4,3.6,1.3,0.059107358,10.8,0.017,0.043,0.015,405.33,0.293,3.05,DIU,1441,10.0,7,150,0.02,0.05,25,0.0,0,Synthetic,Single,12340287728545257582,2,166.32989279999998,166.32989279999998,3.9544556414914322,163.5336704,169.1261152,5.592444799999981,1.6835
GCRB-N,800,120,82.9,1.4,3.6,1.3,0.059107358,10.8,0.017,0.043,0.015,405.33,0.293,3.05,DIU,1442,20.0,7,150,0.02,0.05,25,0.0,0,Synthetic,Single,14079765129503380819,1,264.6180351,264.6180351,0.0,264.6180351,264.6180351,0.0,6.769
GCRB-N,800,120,82.9,1.4,3.6,1.3,0.059107358,10.8,0.017,0.043,0.015,405.33,0.293,3.05,DIU,1443,30.0,7,150,0.02,0.05,25,0.0,0,Synthetic,Single,12138519327154393346,1,288.7610965,288.7610965,0.0,288.7610965,288.7610965,0.0,15.562
GCRB-N,800,120,82.9,1.4,3.6,1.3,0.059107358,10.8,0.017,0.043,0.015,405.33,0.293,3.05,DIU,1444,40.0,7,150,0.02,0.05,25,0.0,0,Synthetic,Single,2146937911011982219,1,283.5847298,283.5847298,0.0,283.5847298,283.5847298,0.0,25.821
GCRB-N,800,120,82.9,1.4,3.6,1.3,0.059107358,10.8,0.017,0.043,0.015,405.33,0.293,3.05,DIU,1445,50.0,7,150,0.02,0.05,25,0.0,0,Synthetic,Single,12702528775834275408,1,333.3972419,333.3972419,0.0,333.3972419,333.3972419,0.0,33.33
GCRB-N,800,120,82.9,1.4,3.6,1.3,0.059107358,10.8,0.017,0.043,0.015,405.33,0.293,3.05,DIU,1446,10.0,7,150,0.02,0.05,25,0.0,0,Synthetic,Single,7403410541775052995,2,166.4521481,166.4521481,5.353079337817022,162.6669494,170.2373468,7.570397400000019,1.6775
GCRB-N,800,120,82.9,1.4,3.6,1.3,0.059107358,10.8,0.017,0.043,0.015,405.33,0.293,3.05,DIU,1447,20.0,7,150,0.02,0.05,25,0.0,0,Synthetic,Single,7789025839597976552,1,290.3263091,290.3263091,0.0,290.3263091,290.3263091,0.0,5.484
GCRB-N,800,120,82.9,1.4,3.6,1.3,0.059107358,10.8,0.017,0.043,0.015,405.33,0.293,3.05,DIU,1448,30.0,7,150,0.02,0.05,25,0.0,0,Synthetic,Single,17140761639484257627,1,263.6544684,263.6544684,0.0,263.6544684,263.6544684,0.0,16.817
GCRB-N,800,120,82.9,1.4,3.6,1.3,0.059107358,10.8,0.017,0.043,0.015,405.33,0.293,3.05,DIU,1449,40.0,7,150,0.02,0.05,25,0.0,0,Synthetic,Single,17600486352584386539,1,274.8235518,274.8235518,0.0,274.8235518,274.8235518,0.0,26.259
GCRB-N,800,120,82.9,1.4,3.6,1.3,0.059107358,10.8,0.017,0.043,0.015,405.33,0.293,3.05,DIU,1450,50.0,7,150,0.02,0.05,25,0.0,0,Synthetic,Single,16506295165112074579,1,344.7106493,344.7106493,0.0,344.7106493,344.7106493,0.0,32.764
GCRB-N,800,120,82.9,1.4,3.6,1.3,0.059107358,10.8,0.017,0.043,0.015,405.33,0.293,3.05,DIU,1451,10.0,7,150,0.02,0.05,25,0.0,0,Synthetic,Single,1009208769736388725,2,166.47437854999998,166.47437854999998,4.274016358503427,163.4521926,169.4965645,6.044371900000016,1.676
GCRB-N,800,120,82.9,1.4,3.6,1.3,0.059107358,10.8,0.017,0.043,0.015,405.33,0.293,3.05,DIU,1452,20.0,7,150,0.02,0.05,25,0.0,0,Synthetic,Single,11656733580421236202,1,272.2879743,272.2879743,0.0,272.2879743,272.2879743,0.0,6.386
GCRB-N,800,120,82.9,1.4,3.6,1.3,0.059107358,10.8,0.017,0.043,0.015,405.33,0.293,3.05,DIU,1453,30.0,7,150,0.02,0.05,25,0.0,0,Synthetic,Single,14908214510175391978,1,275.3708716,275.3708716,0.0,275.3708716,275.3708716,0.0,16.231
GCRB-N,800,120,82.9,1.4,3.6,1.3,0.059107358,10.8,0.017,0.043,0.015,405.33,0.293,3.05,DIU,1454,40.0,7,150,0.02,0.05,25,0.0,0,Synthetic,Single,10226279914783887957,1,286.9405099,286.9405099,0.0,286.9405099,286.9405099,0.0,25.653
GCRB-N,800,120,82.9,1.4,3.6,1.3,0.059107358,10.8,0.017,0.043,0.015,405.33,0.293,3.05,DIU,1455,50.0,7,150,0.02,0.05,25,0.0,0,Synthetic,Single,7540805926745282588,1,334.1620854,334.1620854,0.0,334.1620854,334.1620854,0.0,33.292
GCRB,800,120,83.5,1.8,3.7,3.4,0.08502994,7.6,0.022,0.044,0.04,3.8,0.014,5.59,SIM,1440,10.0,7,150,0.02,0.05,25,0.0,0,Synthetic,Single,15153255884446640232,12,3.09839227,-4.237391980083333,16.3371880798321,-31.79098165,7.994145176,39.785126825999996,9.845
GCRB,800,120,83.5,1.8,3.7,3.4,0.08502994,7.6,0.022,0.044,0.04,3.8,0.014,5.59,SIM,1440,20.0,7,150,0.02,0.05,25,0.0,0,Synthetic,Single,4363513300429220332,3,-4.728646182,-4.728646182333334,0.9194432545000002,-5.648089437,-3.809202928,1.8388865090000004,20.236
GCRB,800,120,83.5,1.8,3.7,3.4,0.08502994,7.6,0.022,0.044,0.04,3.8,0.014,5.59,SIM,1440,30.0,7,150,0.02,0.05,25,0.0,0,Synthetic,Single,5007058798041566714,3,-1.702041594,-1.702041594,1.471650708,-3.173692302,-0.230390886,2.943301416,30.085
GCRB,800,120,83.5,1.8,3.7,3.4,0.08502994,7.6,0.022,0.044,0.04,3.8,0.014,5.59,SIM,1440,40.0,7,150,0.02,0.05,25,0.0,0,Synthetic,Single,9550736382359440617,3,12.02067491,12.020674913333332,0.7112116950000003,11.30946322,12.73188661,1.4224233900000005,39.399
GCRB,800,120,83.5,1.8,3.7,3.4,0.08502994,7.6,0.022,0.044,0.04,3.8,0.014,5.59,SIM,1440,50.0,7,150,0.02,0.05,25,0.0,0,Synthetic,Single,2762407257095640823,3,40.44180745,40.44180745333333,0.14780502500000028,40.29400243,40.58961248,0.2956100500000005,47.978
GCRB-N,800,120,82.9,1.4,3.6,1.3,0.059107358,10.8,0.017,0.043,0.015,405.33,0.293,3.05,SIM,1441,10.0,7,150,0.02,0.05,25,0.0,0,Synthetic,Single,582766726270403589,2,69.0159549,69.0159549,34.82041673915773,44.3942021,93.6377077,49.243505600000006,6.5489999999999995
GCRB-N,800,120,82.9,1.4,3.6,1.3,0.059107358,10.8,0.017,0.043,0.015,405.33,0.293,3.05,SIM,1442,20.0,7,150,0.02,0.05,25,0.0,0,Synthetic,Single,15039186321881741120,1,90.07812481,90.07812481,0.0,90.07812481,90.07812481,0.0,15.496
GCRB-N,800,120,82.9,1.4,3.6,1.3,0.059107358,10.8,0.017,0.043,0.015,405.33,0.293,3.05,SIM,1443,30.0,7,150,0.02,0.05,25,0.0,0,Synthetic,Single,12154644844547083045,1,100.2947486,100.2947486,0.0,100.2947486,100.2947486,0.0,24.985
GCRB-N,800,120,82.9,1.4,3.6,1.3,0.059107358,10.8,0.017,0.043,0.015,405.33,0.293,3.05,SIM,1444,40.0,7,150,0.02,0.05,25,0.0,0,Synthetic,Single,8813084517996741460,1,126.2564842,126.2564842,0.0,126.2564842,126.2564842,0.0,33.687
GCRB-N,800,120,82.9,1.4,3.6,1.3,0.059107358,10.8,0.017,0.043,0.015,405.33,0.293,3.05,SIM,1445,50.0,7,150,0.02,0.05,25,0.0,0,Synthetic,Single,9574813678571250787,1,154.6242052,154.6242052,0.0,154.6242052,154.6242052,0.0,42.269
GCRB-N,800,120,82.9,1.4,3.6,1.3,0.059107358,10.8,0.017,0.043,0.015,405.33,0.293,3.05,SIM,1446,10.0,7,150,0.02,0.05,25,0.0,0,Synthetic,Single,17032418791851173808,2,67.70351596,67.70351596,36.56986102807291,41.84471924,93.56231268,51.71759344,6.615
GCRB-N,800,120,82.9,1.4,3.6,1.3,0.059107358,10.8,0.017,0.043,0.015,405.33,0.293,3.05,SIM,1447,20.0,7,150,0.02,0.05,25,0.0,0,Synthetic,Single,6331843631812788299,1,87.10479473,87.10479473,0.0,87.10479473,87.10479473,0.0,15.645
GCRB-N,800,120,82.9,1.4,3.6,1.3,0.059107358,10.8,0.017,0.043,0.015,405.33,0.293,3.05,SIM,1448,30.0,7,150,0.02,0.05,25,0.0,0,Synthetic,Single,6078271663094356772,1,97.44497906,97.44497906,0.0,97.44497906,97.44497906,0.0,25.128
GCRB-N,800,120,82.9,1.4,3.6,1.3,0.059107358,10.8,0.017,0.043,0.015,405.33,0.293,3.05,SIM,1449,40.0,7,150,0.02,0.05,25,0.0,0,Synthetic,Single,17964149190874114612,1,108.0982491,108.0982491,0.0,108.0982491,108.0982491,0.0,34.595
GCRB-N,800,120,82.9,1.4,3.6,1.3,0.059107358,10.8,0.017,0.043,0.015,405.33,0.293,3.05,SIM,1450,50.0,7,150,0.02,0.05,25,0.0,0,Synthetic,Single,8890090195100576576,1,141.5691201,141.5691201,0.0,141.5691201,141.5691201,0.0,42.922
GCRB-N,800,120,82.9,1.4,3.6,1.3,0.059107358,10.8,0.017,0.043,0.015,405.33,0.293,3.05,SIM,1451,10.0,7,150,0.02,0.05,25,0.0,0,Synthetic,Single,9509935860096299422,2,68.763849255,68.763849255,36.26664213567278,43.11946067,94.40823784,51.288777169999996,6.562
GCRB-N,800,120,82.9,1.4,3.6,1.3,0.059107358,10.8,0.017,0.043,0.015,405.33,0.293,3.05,SIM,1452,20.0,7,150,0.02,0.05,25,0.0,0,Synthetic,Single,15403807997952639873,1,88.59145977,88.59145977,0.0,88.59145977,88.59145977,0.0,15.57
GCRB-N,800,120,82.9,1.4,3.6,1.3,0.059107358,10.8,0.017,0.043,0.015,405.33,0.293,3.05,SIM,1453,30.0,7,150,0.02,0.05,25,0.0,0,Synthetic,Single,5659113258764809437,1,98.86986382,98.86986382,0.0,98.86986382,98.86986382,0.0,25.057
GCRB-N,800,120,82.9,1.4,3.6,1.3,0.059107358,10.8,0.017,0.043,0.015,405.33,0.293,3.05,SIM,1454,40.0,7,150,0.02,0.05,25,0.0,0,Synthetic,Single,4150032038491825458,1,117.1773667,117.1773667,0.0,117.1773667,117.1773667,0.0,34.141
GCRB-N,800,120,82.9,1.4,3.6,1.3,0.059107358,10.8,0.017,0.043,0.015,405.33,0.293,3.05,SIM,1455,50.0,7,150,0.02,0.05,25,0.0,0,Synthetic,Single,18400025009205558919,1,148.0966626,148.0966626,0.0,148.0966626,148.0966626,0.0,42.595
GCRB,800,120,83.5,1.8,3.7,3.4,0.08502994,7.6,0.022,0.044,0.04,3.8,0.014,5.59,ALA,1440,10.0,3,150,0.02,0.05,25,0.0,0,Synthetic,Single,6516365370166950917,3,13.76034719,14.041798666666665,0.5038999016799723,13.74149843,14.62355038,0.8820519499999993,9.312
GCRB,800,120,83.5,1.8,3.7,3.4,0.08502994,7.6,0.022,0.044,0.04,3.8,0.014,5.59,ALA,1440,10.0,11,150,0.02,0.05,25,0.0,0,Synthetic,Single,2447727095168689428,3,7.796112294,8.057667863333334,0.8304661412603181,7.389467848,8.987423448,1.5979555999999997,9.61
GCRB-N,800,120,82.9,1.4,3.6,1.3,0.059107358,10.8,0.017,0.043,0.015,405.33,0.293,3.05,ALA,1440,10.0,3,150,0.02,0.05,25,0.0,0,Synthetic,Single,396780677770352598,3,129.2424831,129.58839269999999,0.6047338936130211,129.2360257,130.2866693,1.0506436000000008,3.538
GCRB-N,800,120,82.9,1.4,3.6,1.3,0.059107358,10.8,0.017,0.043,0.015,405.33,0.293,3.05,ALA,1440,10.0,7,150,0.02,0.05,25,0.0,0,Synthetic,Single,10187874104981352173,6,126.20430049999999,126.07248023333334,3.776667009408399,122.33232,130.0791101,7.746790100000013,3.6895
GCRB-N,800,120,82.9,1.4,3.6,1.3,0.059107358,10.8,0.017,0.043,0.015,405.33,0.293,3.05,ALA,1440,10.0,11,150,0.02,0.05,25,0.0,0,Synthetic,Single,10861600691638668355,3,115.6961619,115.80233156666667,0.26245204834163893,115.6095972,116.1012356,0.49163839999999936,4.215
GCRB,800,120,83.5,1.8,3.7,3.4,0.08502994,7.6,0.022,0.044,0.04,3.8,0.014,5.59,DIU,1440,10.0,3,150,0.02,0.05,25,0.0,0,Synthetic,Single,17949185904472226276,3,13.94504406,14.172071090000001,0.4025815078194056,13.93427859,14.63689062,0.7026120300000009,9.303
GCRB,800,120,83.5,1.8,3.7,3.4,0.08502994,7.6,0.022,0.044,0.04,3.8,0.014,5.59,DIU,1440,10.0,11,150,0.02,0.05,25,0.0,0,Synthetic,Single,15808271721878814709,3,16.0771574,16.15896036666667,0.5846549604840967,15.61951486,16.78020884,1.1606939799999996,9.196
GCRB-N,800,120,82.9,1.4,3.6,1.3,0.059107358,10.8,0.017,0.043,0.015,405.33,0.293,3.05,DIU,1440,10.0,3,150,0.02,0.05,25,0.0,0,Synthetic,Single,1300237600870332219,3,158.7014677,158.4854624666667,0.5474436321250481,157.862969,158.8919507,1.0289817000000028,2.065
GCRB-N,800,120,82.9,1.4,3.6,1.3,0.059107358,10.8,0.017,0.043,0.015,405.33,0.293,3.05,DIU,1440,10.0,7,150,0.02,0.05,25,0.0,0,Synthetic,Single,4961853403790193108,6,163.60539495,163.61236466666665,1.4363629595554683,162.1743219,165.2096369,3.035314999999997,1.8195000000000001
GCRB-N,800,120,82.9,1.4,3.6,1.3,0.059107358,10.8,0.017,0.043,0.015,405.33,0.293,3.05,DIU,1440,10.0,11,150,0.02,0.05,25,0.0,0,Synthetic,Single,5211249702059785790,3,167.1623622,167.23567,0.4894599829512892,166.7869987,167.7576491,0.9706504000000109,1.642
GCRB,800,120,83.5,1.8,3.7,3.4,0.08502994,7.6,0.022,0.044,0.04,3.8,0.014,5.59,SIM,1440,10.0,3,150,0.02,0.05,25,0.0,0,Synthetic,Single,12488922303672438655,3,8.080806475,8.074645443666666,0.11991013942098556,7.951773556,8.1913563,0.23958274400000068,9.596
GCRB,800,120,83.5,1.8,3.7,3.4,0.08502994,7.6,0.022,0.044,0.04,3.8,0.014,5.59,SIM,1440,10.0,11,150,0.02,0.05,25,0.0,0,Synthetic,Single,5669688408529266354,3,5.545135246,5.5927960536666665,0.6581428774842052,4.959779152,6.273473763,1.3136946109999998,9.723
GCRB-N,800,120,82.9,1.4,3.6,1.3,0.059107358,10.8,0.017,0.043,0.015,405.33,0.293,3.05,SIM,1440,10.0,3,150,0.02,0.05,25,0.0,0,Synthetic,Single,4583925825110961144,3,110.073308,110.09469726666667,0.3062292563401657,109.7997234,110.4110604,0.6113369999999918,4.496
GCRB-N,800,120,82.9,1.4,3.6,1.3,0.059107358,10.8,0.017,0.043,0.015,405.33,0.293,3.05,SIM,1440,10.0,7,150,0.02,0.05,25,0.0,0,Synthetic,Single,17192587275700313807,6,103.43234430000001,103.10067140000001,1.942675653569829,100.2661087,104.899164,4.633055299999995,4.8285
GCRB-N,800,120,82.9,1.4,3.6,1.3,0.059107358,10.8,0.017,0.043,0.015,405.33,0.293,3.05,SIM,1440,10.0,11,150,0.02,0.05,25,0.0,0,Synthetic,Single,15590298127934271097,3,90.40747059,90.25629283333335,0.7627625407409371,89.42926157,90.93214634,1.5028847700000085,5.48
GCRB,800,120,83.5,1.8,3.7,3.4,0.08502994,7.6,0.022,0.044,0.04,3.8,0.014,5.59,ALA,1440,10.0,7,150,0.02,0.05,15,0.0,0,Synthetic,Single,18294439899347970262,3,6.007648725,5.998894999,0.06452416571012685,5.930440861,6.058595411,0.12815454999999965,9.7
GCRB,800,120,83.5,1.8,3.7,3.4,0.08502994,7.6,0.022,0.044,0.04,3.8,0.014,5.59,ALA,1440,10.0,7,150,0.02,0.05,35,0.0,0,Synthetic,Single,16433226250501921470,3,13.33591802,13.342629213333334,0.2008070684244243,13.14526187,13.54670775,0.4014458799999989,9.333
GCRB-N,800,120,82.9,1.4,3.6,1.3,0.059107358,10.8,0.017,0.043,0.015,405.33,0.293,3.05,ALA,1440,10.0,7,150,0.02,0.05,15,0.0,0,Synthetic,Single,5139731073244339061,3,114.3677475,114.36611346666666,0.5261008532019323,113.8391975,114.8913954,1.052197899999996,4.282
GCRB-N,800,120,82.9,1.4,3.6,1.3,0.059107358,10.8,0.017,0.043,0.015,405.33,0.293,3.05,ALA,1440,10.0,7,150,0.02,0.05,35,0.0,0,Synthetic,Single,4591244663461338669,3,147.3854016,147.38119976666667,0.6990820207357781,146.6800263,148.0781714,1.3981450999999936,2.631
GCRB,800,120,83.5,1.8,3.7,3.4,0.08502994,7.6,0.022,0.044,0.04,3.8,0.014,5.59,DIU,1440,10.0,7,150,0.02,0.05,15,0.0,0,Synthetic,Single,18160381081298396995,3,4.465413616,4.491660341,0.12366007915311322,4.38323064,4.626336767,0.2431061269999999,9.777
GCRB,800,120,83.5,1.8,3.7,3.4,0.08502994,7.6,0.022,0.044,0.04,3.8,0.014,5.59,DIU,1440,10.0,7,150,0.02,0.05,35,0.0,0,Synthetic,Single,10848963407607825291,3,12.01736274,11.64894608,0.715543434623401,10.82426583,12.10520967,1.2809438400000008,9.399
GCRB-N,800,120,82.9,1.4,3.6,1.3,0.059107358,10.8,0.017,0.043,0.015,405.33,0.293,3.05,DIU,1440,10.0,7,150,0.02,0.05,15,0.0,0,Synthetic,Single,14889584530853024188,3,146.2820224,146.3466952,0.23170811343431857,146.1541945,146.6038687,0.449674200000004,2.686
GCRB-N,800,120,82.9,1.4,3.6,1.3,0.059107358,10.8,0.017,0.043,0.015,405.33,0.293,3.05,DIU,1440,10.0,7,150,0.02,0.05,35,0.0,0,Synthetic,Single,12087828193813190804,3,169.7427076,169.81396986666667,0.12826887140512339,169.7371547,169.9620473,0.224892600000004,1.513
GCRB,800,120,83.5,1.8,3.7,3.4,0.08502994,7.6,0.022,0.044,0.04,3.8,0.014,5.59,SIM,1440,10.0,7,150,0.02,0.05,15,0.0,0,Synthetic,Single,667116808852431888,3,0.384242984,0.557961224,0.31926194077545905,0.363227257,0.926413431,0.5631861739999999,9.981
GCRB,800,120,83.5,1.8,3.7,3.4,0.08502994,7.6,0.022,0.044,0.04,3.8,0.014,5.59,SIM,1440,10.0,7,150,0.02,0.05,35,0.0,0,Synthetic,Single,1999714481116409640,3,4.732026119,4.8526457983333335,0.35421242506397344,4.574496465,5.251414811,0.6769183459999999,9.763
GCRB-N,800,120,82.9,1.4,3.6,1.3,0.059107358,10.8,0.017,0.043,0.015,405.33,0.293,3.05,SIM,1440,10.0,7,150,0.02,0.05,15,0.0,0,Synthetic,Single,15207663443589179015,3,84.01959736,83.42715399666666,1.680606802927232,81.53055818,84.73130645,3.2007482700000054,5.799
GCRB-N,800,120,82.9,1.4,3.6,1.3,0.059107358,10.8,0.017,0.043,0.015,405.33,0.293,3.05,SIM,1440,10.0,7,150,0.02,0.05,35,0.0,0,Synthetic,Single,8167244983032605455,3,123.9752634,123.78800563333334,1.0989332555507938,122.6074751,124.7812784,2.173803300000003,3.801
GCRB,800,120,83.5,1.8,3.7,3.4,0.08502994,7.6,0.022,0.044,0.04,3.8,0.014,5.59,ALA,1440,10.0,7,150,0.02,0.05,35,0.0,5,Synthetic,Single,4269381488393867591,3,17.05765771,17.092155586666667,0.15569048399108734,16.95660744,17.26220161,0.30559417000000266,9.147
GCRB-N,800,120,82.9,1.4,3.6,1.3,0.059107358,10.8,0.017,0.043,0.015,405.33,0.293,3.05,ALA,1440,10.0,7,150,0.02,0.05,35,0.0,5,Synthetic,Single,2248819945368084540,3,117.0965546,117.35572496666667,0.5577303345672727,116.9747358,117.9958845,1.0211486999999977,4.145
GCRB,800,120,83.5,1.8,3.7,3.4,0.08502994,7.6,0.022,0.044,0.04,3.8,0.014,5.59,DIU,1440,10.0,7,150,0.02,0.05,35,0.0,5,Synthetic,Single,43217044575312378,3,17.11822279,17.05967178666667,0.6070204295341256,16.42549742,17.63529515,1.2097977300000018,9.144
GCRB-N,800,120,82.9,1.4,3.6,1.3,0.059107358,10.8,0.017,0.043,0.015,405.33,0.293,3.05,DIU,1440,10.0,7,150,0.02,0.05,35,0.0,5,Synthetic,Single,16915216424208539285,3,165.2645628,165.27660986666666,0.03830355074328343,165.2457781,165.3194887,0.0737105999999983,1.737
GCRB,800,120,83.5,1.8,3.7,3.4,0.08502994,7.6,0.022,0.044,0.04,3.8,0.014,5.59,SIM,1440,10.0,7,150,0.02,0.05,35,0.0,5,Synthetic,Single,5693877029664461953,3,7.048020016,7.297309290333334,0.6607658202497371,6.797452036,8.046455819,1.249003783,9.648
GCRB-N,800,120,82.9,1.4,3.6,1.3,0.059107358,10.8,0.017,0.043,0.015,405.33,0.293,3.05,SIM,1440,10.0,7,150,0.02,0.05,35,0.0,5,Synthetic,Single,2287600958452803254,3,88.06029205,88.64152141333334,1.1367102359411034,87.9129504,89.95132179,2.0383713899999947,5.597
GCRB,800,120,83.5,1.8,3.7,3.4,0.08502994,7.6,0.022,0.044,0.04,3.8,0.014,5.59,ALA,1440,10.0,7,150,0.02,0.05,25,0.025,0,Synthetic,Single,1337225022978830365,3,8.799633996,8.318059929333334,1.128770527357167,7.028374561,9.126171231,2.097796670000001,9.56
GCRB,800,120,83.5,1.8,3.7,3.4,0.08502994,7.6,0.022,0.044,0.04,3.8,0.014,5.59,ALA,1440,10.0,7,150,0.02,0.05,25,0.05,0,Synthetic,Single,12435849167375187638,3,12.93833202,12.961020333333332,0.06416631651948292,12.91128056,13.03344842,0.12216785999999935,9.353
GCRB,800,120,83.5,1.8,3.7,3.4,0.08502994,7.6,0.022,0.044,0.04,3.8,0.014,5.59,ALA,1440,10.0,7,150,0.02,0.05,25,0.075,0,Synthetic,Single,9425011224497631941,3,13.2310113,13.231011303333332,0.08726275500000029,13.14374855,13.31827406,0.1745255100000005,9.338
GCRB,800,120,83.5,1.8,3.7,3.4,0.08502994,7.6,0.022,0.044,0.04,3.8,0.014,5.59,ALA,1440,10.0,7,150,0.02,0.05,25,0.1,0,Synthetic,Single,18380432902739082473,3,13.5189784,13.5189784,0.050612400000000335,13.468366,13.5695908,0.10122480000000067,9.324
GCRB-N,800,120,82.9,1.4,3.6,1.3,0.059107358,10.8,0.017,0.043,0.015,405.33,0.293,3.05,ALA,1442,10.0,7,150,0.02,0.05,25,0.025,0,Synthetic,Single,13602346309456292357,1,128.588536,128.588536,0.0,128.588536,128.588536,0.0,3.571
GCRB-N,800,120,82.9,1.4,3.6,1.3,0.059107358,10.8,0.017,0.043,0.015,405.33,0.293,3.05,ALA,1443,10.0,7,150,0.02,0.05,25,0.05,0,Synthetic,Single,6464020509438489009,1,137.131909,137.131909,0.0,137.131909,137.131909,0.0,3.143
GCRB-N,800,120,82.9,1.4,3.6,1.3,0.059107358,10.8,0.017,0.043,0.015,405.33,0.293,3.05,ALA,1444,10.0,7,150,0.02,0.05,25,0.075,0,Synthetic,Single,11080102426792867720,1,138.209255,138.209255,0.0,138.209255,138.209255,0.0,3.09
GCRB-N,800,120,82.9,1.4,3.6,1.3,0.059107358,10.8,0.017,0.043,0.015,405.33,0.293,3.05,ALA,1445,10.0,7,150,0.02,0.05,25,0.1,0,Synthetic,Single,15449498977308841809,1,139.2291821,139.2291821,0.0,139.2291821,139.2291821,0.0,3.039
GCRB-N,800,120,82.9,1.4,3.6,1.3,0.059107358,10.8,0.017,0.043,0.015,405.33,0.293,3.05,ALA,1447,10.0,7,150,0.02,0.05,25,0.025,0,Synthetic,Single,9237742509021016646,1,129.0585333,129.0585333,0.0,129.0585333,129.0585333,0.0,3.547
GCRB-N,800,120,82.9,1.4,3.6,1.3,0.059107358,10.8,0.017,0.043,0.015,405.33,0.293,3.05,ALA,1448,10.0,7,150,0.02,0.05,25,0.05,0,Synthetic,Single,6491441977806365708,1,137.2566947,137.2566947,0.0,137.2566947,137.2566947,0.0,3.137
GCRB-N,800,120,82.9,1.4,3.6,1.3,0.059107358,10.8,0.017,0.043,0.015,405.33,0.293,3.05,ALA,1449,10.0,7,150,0.02,0.05,25,0.075,0,Synthetic,Single,3853671056979919144,1,138.6551677,138.6551677,0.0,138.6551677,138.6551677,0.0,3.067
GCRB-N,800,120,82.9,1.4,3.6,1.3,0.059107358,10.8,0.017,0.043,0.015,405.33,0.293,3.05,ALA,1450,10.0,7,150,0.02,0.05,25,0.1,0,Synthetic,Single,10123833082742385210,1,141.1664153,141.1664153,0.0,141.1664153,141.1664153,0.0,2.942
GCRB-N,800,120,82.9,1.4,3.6,1.3,0.059107358,10.8,0.017,0.043,0.015,405.33,0.293,3.05,ALA,1452,10.0,7,150,0.02,0.05,25,0.025,0,Synthetic,Single,5922478929605969520,1,128.8235347,128.8235347,0.0,128.8235347,128.8235347,0.0,3.559
GCRB-N,800,120,82.9,1.4,3.6,1.3,0.059107358,10.8,0.017,0.043,0.015,405.33,0.293,3.05,ALA,1453,10.0,7,150,0.02,0.05,25,0.05,0,Synthetic,Single,4160767716773963609,1,135.9472298,135.9472298,0.0,135.9472298,135.9472298,0.0,3.203
GCRB-N,800,120,82.9,1.4,3.6,1.3,0.059107358,10.8,0.017,0.043,0.015,405.33,0.293,3.05,ALA,1454,10.0,7,150,0.02,0.05,25,0.075,0,Synthetic,Single,12388347347517670214,1,138.4322113,138.4322113,0.0,138.4322113,138.4322113,0.0,3.078
GCRB-N,800,120,82.9,1.4,3.6,1.3,0.059107358,10.8,0.017,0.043,0.015,405.33,0.293,3.05,ALA,1455,10.0,7,150,0.02,0.05,25,0.1,0,Synthetic,Single,14087304715273716021,1,140.1977987,140.1977987,0.0,140.1977987,140.1977987,0.0,2.99
GCRB,800,120,83.5,1.8,3.7,3.4,0.08502994,7.6,0.022,0.044,0.04,3.8,0.014,5.59,DIU,1440,10.0,7,150,0.02,0.05,25,0.025,0,Synthetic,Single,16959195081075023796,3,10.27659566,10.435967911,0.6887103947027109,9.840915293,11.19039278,1.3494774869999997,9.486
GCRB,800,120,83.5,1.8,3.7,3.4,0.08502994,7.6,0.022,0.044,0.04,3.8,0.014,5.59,DIU,1440,10.0,7,150,0.02,0.05,25,0.05,0,Synthetic,Single,17455228207819729971,3,14.80959522,14.693451513333335,0.2456565488524534,14.41125889,14.85950043,0.4482415400000015,9.26
GCRB,800,120,83.5,1.8,3.7,3.4,0.08502994,7.6,0.022,0.044,0.04,3.8,0.014,5.59,DIU,1440,10.0,7,150,0.02,0.05,25,0.075,0,Synthetic,Single,5455985072048474668,2,14.94884319,14.94884319,0.05785362421691688,14.9079345,14.98975188,0.08181738000000038,9.253
GCRB,800,120,83.5,1.8,3.7,3.4,0.08502994,7.6,0.022,0.044,0.04,3.8,0.014,5.59,DIU,1440,10.0,7,150,0.02,0.05,25,0.1,0,Synthetic,Single,10602050732938169744,3,15.26100534,15.224792946666668,0.06538562607084372,15.14931274,15.26406076,0.1147480200000004,9.237
GCRB-N,800,120,82.9,1.4,3.6,1.3,0.059107358,10.8,0.017,0.043,0.015,405.33,0.293,3.05,DIU,1442,10.0,7,150,0.02,0.05,25,0.025,0,Synthetic,Single,15037690467821832760,1,167.0461595,167.0461595,0.0,167.0461595,167.0461595,0.0,1.648
GCRB-N,800,120,82.9,1.4,3.6,1.3,0.059107358,10.8,0.017,0.043,0.015,405.33,0.293,3.05,DIU,1443,10.0,7,150,0.02,0.05,25,0.05,0,Synthetic,Single,2343311235237317016,1,171.9494308,171.9494308,0.0,171.9494308,171.9494308,0.0,1.403
GCRB-N,800,120,82.9,1.4,3.6,1.3,0.059107358,10.8,0.017,0.043,0.015,405.33,0.293,3.05,DIU,1444,10.0,7,150,0.02,0.05,25,0.075,0,Synthetic,Single,11085320864525770613,1,174.7417458,174.7417458,0.0,174.7417458,174.7417458,0.0,1.263
GCRB-N,800,120,82.9,1.4,3.6,1.3,0.059107358,10.8,0.017,0.043,0.015,405.33,0.293,3.05,DIU,1445,10.0,7,150,0.02,0.05,25,0.1,0,Synthetic,Single,1724365474698390524,1,175.7228754,175.7228754,0.0,175.7228754,175.7228754,0.0,1.214
GCRB-N,800,120,82.9,1.4,3.6,1.3,0.059107358,10.8,0.017,0.043,0.015,405.33,0.293,3.05,DIU,1447,10.0,7,150,0.02,0.05,25,0.025,0,Synthetic,Single,450672438474594467,1,168.0657647,168.0657647,0.0,168.0657647,168.0657647,0.0,1.597
GCRB-N,800,120,82.9,1.4,3.6,1.3,0.059107358,10.8,0.017,0.043,0.015,405.33,0.293,3.05,DIU,1448,10.0,7,150,0.02,0.05,25,0.05,0,Synthetic,Single,9474745240547278997,1,171.8834563,171.8834563,0.0,171.8834563,171.8834563,0.0,1.406
GCRB-N,800,120,82.9,1.4,3.6,1.3,0.059107358,10.8,0.017,0.043,0.015,405.33,0.293,3.05,DIU,1449,10.0,7,150,0.02,0.05,25,0.075,0,Synthetic,Single,10603606153137687573,1,173.6520923,173.6520923,0.0,173.6520923,173.6520923,0.0,1.317
GCRB-N,800,120,82.9,1.4,3.6,1.3,0.059107358,10.8,0.017,0.043,0.015,405.33,0.293,3.05,DIU,1450,10.0,7,150,0.02,0.05,25,0.1,0,Synthetic,Single,5952405699304458727,1,174.7657365,174.7657365,0.0,174.7657365,174.7657365,0.0,1.262
GCRB-N,800,120,82.9,1.4,3.6,1.3,0.059107358,10.8,0.017,0.043,0.015,405.33,0.293,3.05,DIU,1452,10.0,7,150,0.02,0.05,25,0.025,0,Synthetic,Single,9461897269348770173,1,167.5559621,167.5559621,0.0,167.5559621,167.5559621,0.0,1.622
GCRB-N,800,120,82.9,1.4,3.6,1.3,0.059107358,10.8,0.017,0.043,0.015,405.33,0.293,3.05,DIU,1453,10.0,7,150,0.02,0.05,25,0.05,0,Synthetic,Single,4899721569429885888,1,171.9164435,171.9164435,0.0,171.9164435,171.9164435,0.0,1.404
GCRB-N,800,120,82.9,1.4,3.6,1.3,0.059107358,10.8,0.017,0.043,0.015,405.33,0.293,3.05,DIU,1454,10.0,7,150,0.02,0.05,25,0.075,0,Synthetic,Single,11604982947508242419,1,174.1969191,174.1969191,0.0,174.1969191,174.1969191,0.0,1.29
GCRB-N,800,120,82.9,1.4,3.6,1.3,0.059107358,10.8,0.017,0.043,0.015,405.33,0.293,3.05,DIU,1455,10.0,7,150,0.02,0.05,25,0.1,0,Synthetic,Single,12600863597094179904,1,175.244306,175.244306,0.0,175.244306,175.244306,0.0,1.238
GCRB,800,120,83.5,1.8,3.7,3.4,0.08502994,7.6,0.022,0.044,0.04,3.8,0.014,5.59,SIM,1440,10.0,7,150,0.02,0.05,25,0.025,0,Synthetic,Single,4524893244796007263,3,6.923677661,6.659958463666666,0.5919062714981189,5.982029114,7.074168616,1.0921395019999993,9.654
GCRB,800,120,83.5,1.8,3.7,3.4,0.08502994,7.6,0.022,0.044,0.04,3.8,0.014,5.59,SIM,1440,10.0,7,150,0.02,0.05,25,0.05,0,Synthetic,Single,4341522045272601392,3,11.22752096,11.227520956666666,0.5966534349999995,10.63086752,11.82417439,1.193306869999999,9.439
GCRB,800,120,83.5,1.8,3.7,3.4,0.08502994,7.6,0.022,0.044,0.04,3.8,0.014,5.59,SIM,1440,10.0,7,150,0.02,0.05,25,0.075,0,Synthetic,Single,15669367425165835767,3,12.55475757,12.554757573333333,0.2929713249999999,12.26178625,12.8477289,0.5859426499999998,9.372
GCRB,800,120,83.5,1.8,3.7,3.4,0.08502994,7.6,0.022,0.044,0.04,3.8,0.014,5.59,SIM,1440,10.0,7,150,0.02,0.05,25,0.1,0,Synthetic,Single,10258638920777917395,3,12.84124843,12.841248426666667,0.10458761499999984,12.73666081,12.94583604,0.2091752299999996,9.358
GCRB-N,800,120,82.9,1.4,3.6,1.3,0.059107358,10.8,0.017,0.043,0.015,405.33,0.293,3.05,SIM,1442,10.0,7,150,0.02,0.05,25,0.025,0,Synthetic,Single,6691119715977342795,1,99.48483597,99.48483597,0.0,99.48483597,99.48483597,0.0,5.026
GCRB-N,800,120,82.9,1.4,3.6,1.3,0.059107358,10.8,0.017,0.043,0.015,405.33,0.293,3.05,SIM,1443,10.0,7,150,0.02,0.05,25,0.05,0,Synthetic,Single,1204153542566563531,1,113.8856342,113.8856342,0.0,113.8856342,113.8856342,0.0,4.306
GCRB-N,800,120,82.9,1.4,3.6,1.3,0.059107358,10.8,0.017,0.043,0.015,405.33,0.293,3.05,SIM,1444,10.0,7,150,0.02,0.05,25,0.075,0,Synthetic,Single,6883722841605844702,1,118.2224187,118.2224187,0.0,118.2224187,118.2224187,0.0,4.089
GCRB-N,800,120,82.9,1.4,3.6,1.3,0.059107358,10.8,0.017,0.043,0.015,405.33,0.293,3.05,SIM,1445,10.0,7,150,0.02,0.05,25,0.1,0,Synthetic,Single,12322604916966133495,1,119.8674961,119.8674961,0.0,119.8674961,119.8674961,0.0,4.007
GCRB-N,800,120,82.9,1.4,3.6,1.3,0.059107358,10.8,0.017,0.043,0.015,405.33,0.293,3.05,SIM,1447,10.0,7,150,0.02,0.05,25,0.025,0,Synthetic,Single,10804459180860165280,1,102.5915646,102.5915646,0.0,102.5915646,102.5915646,0.0,4.87
GCRB-N,800,120,82.9,1.4,3.6,1.3,0.059107358,10.8,0.017,0.043,0.015,405.33,0.293,3.05,SIM,1448,10.0,7,150,0.02,0.05,25,0.05,0,Synthetic,Single,16800429002793184062,1,114.640457,114.640457,0.0,114.640457,114.640457,0.0,4.268
GCRB-N,800,120,82.9,1.4,3.6,1.3,0.059107358,10.8,0.017,0.043,0.015,405.33,0.293,3.05,SIM,1449,10.0,7,150,0.02,0.05,25,0.075,0,Synthetic,Single,13061633330393772542,1,119.4144279,119.4144279,0.0,119.4144279,119.4144279,0.0,4.029
GCRB-N,800,120,82.9,1.4,3.6,1.3,0.059107358,10.8,0.017,0.043,0.015,405.33,0.293,3.05,SIM,1450,10.0,7,150,0.02,0.05,25,0.1,0,Synthetic,Single,76829921428503916,1,120.8167404,120.8167404,0.0,120.8167404,120.8167404,0.0,3.959
GCRB-N,800,120,82.9,1.4,3.6,1.3,0.059107358,10.8,0.017,0.043,0.015,405.33,0.293,3.05,SIM,1452,10.0,7,150,0.02,0.05,25,0.025,0,Synthetic,Single,779431730458366838,1,101.0382003,101.0382003,0.0,101.0382003,101.0382003,0.0,4.948
GCRB-N,800,120,82.9,1.4,3.6,1.3,0.059107358,10.8,0.017,0.043,0.015,405.33,0.293,3.05,SIM,1453,10.0,7,150,0.02,0.05,25,0.05,0,Synthetic,Single,5668056298461632675,1,114.2630456,114.2630456,0.0,114.2630456,114.2630456,0.0,4.287
GCRB-N,800,120,82.9,1.4,3.6,1.3,0.059107358,10.8,0.017,0.043,0.015,405.33,0.293,3.05,SIM,1454,10.0,7,150,0.02,0.05,25,0.075,0,Synthetic,Single,12884691757674746272,1,118.8184233,118.8184233,0.0,118.8184233,118.8184233,0.0,4.059
GCRB-N,800,120,82.9,1.4,3.6,1.3,0.059107358,10.8,0.017,0.043,0.015,405.33,0.293,3.05,SIM,1455,10.0,7,150,0.02,0.05,25,0.1,0,Synthetic,Single,8207580887461735843,1,120.3421183,120.3421183,0.0,120.3421183,120.3421183,0.0,3.983
PSB,700,120,86.6,1.6,3.7,1.7,0.062355658,6.3,0.2,0.03,0.02,93.9,0.04,3.8,CAR,30,10.35,7,150,0.05,0.05,25,0.0,0,Synthetic,Single,3225294276886561451,3,7.379670947,7.379670946666667,0.16040678249999996,7.219264164,7.540077729,0.3208135649999999,9.981
PSB,700,120,86.6,1.6,3.7,1.7,0.062355658,6.3,0.2,0.03,0.02,93.9,0.04,3.8,CAR,60,10.35,7,150,0.05,0.05,25,0.0,0,Synthetic,Single,6207816174458819064,3,10.43258352,10.432583523333333,0.05644475499999942,10.37613877,10.48902828,0.1128895099999987,9.828
PSB,700,120,86.6,1.6,3.7,1.7,0.062355658,6.3,0.2,0.03,0.02,93.9,0.04,3.8,CAR,120,10.35,7,150,0.05,0.05,25,0.0,0,Synthetic,Single,4187993870315199862,3,11.49783431,11.497834313333334,0.13410429500000026,11.36373002,11.63193861,0.2682085900000004,9.775
PSB,700,120,86.6,1.6,3.7,1.7,0.062355658,6.3,0.2,0.03,0.02,93.9,0.04,3.8,CAR,240,10.35,7,150,0.05,0.05,25,0.0,0,Synthetic,Single,3064529035676864285,3,12.50308855,12.503088550000001,0.20533219999999996,12.29775635,12.70842075,0.41066439999999993,9.725
PSB,700,120,86.6,1.6,3.7,1.7,0.062355658,6.3,0.2,0.03,0.02,93.9,0.04,3.8,CAR,480,10.35,7,150,0.05,0.05,25,0.0,0,Synthetic,Single,11411369262293059402,3,13.72989806,13.729898056666665,0.2535214349999997,13.47637662,13.98341949,0.5070428699999994,9.664
PSB,700,120,86.6,1.6,3.7,1.7,0.062355658,6.3,0.2,0.03,0.02,93.9,0.04,3.8,CAR,720,10.35,7,150,0.05,0.05,25,0.0,0,Synthetic,Single,4311500795241802593,3,14.32698375,14.326983750000002,0.08265124999999962,14.2443325,14.409635,0.16530249999999924,9.634
PSB,700,120,86.6,1.6,3.7,1.7,0.062355658,6.3,0.2,0.03,0.02,93.9,0.04,3.8,CAR,960,10.35,7,150,0.05,0.05,25,0.0,0,Synthetic,Single,8567182030491281453,3,14.76164677,14.761646769999999,0.44186261000000027,14.31978416,15.20350938,0.8837252200000005,9.612
PSB,700,120,86.6,1.6,3.7,1.7,0.062355658,6.3,0.2,0.03,0.02,93.9,0.04,3.8,CAR,1440,10.35,7,150,0.05,0.05,25,0.0,0,Synthetic,Single,17532619624130317853,3,15.09493962,15.09493962,0.10933772000000008,14.9856019,15.20427734,0.21867544000000017,9.595
PSBOX-A,700,120,82.1,1.1,4.9,1.3,0.075517661,10.5,0.1,0.04,0.01,1977.6,0.12,3.4,CAR,30,10.35,7,150,0.05,0.05,25,0.0,0,Synthetic,Single,14753012469314816368,3,103.3208781,103.32087806666668,0.9597528500000014,102.3611252,104.2806309,1.919505700000002,5.184
PSBOX-A,700,120,82.1,1.1,4.9,1.3,0.075517661,10.5,0.1,0.04,0.01,1977.6,0.12,3.4,CAR,60,10.35,7,150,0.05,0.05,25,0.0,0,Synthetic,Single,9384042087008354723,3,128.4899598,128.4899598,1.9213295999999929,126.5686302,130.4112894,3.8426591999999857,3.926
PSBOX-A,700,120,82.1,1.1,4.9,1.3,0.075517661,10.5,0.1,0.04,0.01,1977.6,0.12,3.4,CAR,120,10.35,7,150,0.05,0.05,25,0.0,0,Synthetic,Single,12137078173158768853,3,149.1683236,149.1683236,1.636033999999995,147.5322896,150.8043576,3.27206799999999,2.892
PSBOX-A,700,120,82.1,1.1,4.9,1.3,0.075517661,10.5,0.1,0.04,0.01,1977.6,0.12,3.4,CAR,240,10.35,7,150,0.05,0.05,25,0.0,0,Synthetic,Single,5113294100529843790,3,171.0431627,171.0431626666667,0.21915544999999004,170.8240072,171.2623181,0.4383108999999763,1.798
PSBOX-A,700,120,82.1,1.1,4.9,1.3,0.075517661,10.5,0.1,0.04,0.01,1977.6,0.12,3.4,CAR,480,10.35,7,150,0.05,0.05,25,0.0,0,Synthetic,Single,274986128340747113,3,188.3221698,188.32216979999998,1.7007343000000077,186.6214355,190.0229041,3.4014686000000154,0.934
PSBOX-A,700,120,82.1,1.1,4.9,1.3,0.075517661,10.5,0.1,0.04,0.01,1977.6,0.12,3.4,CAR,720,10.35,7,150,0.05,0.05,25,0.0,0,Synthetic,Single,2813183925010472850,3,193.1014472,193.10144720000002,0.2695525000000032,192.8318947,193.3709997,0.5391050000000064,0.695
PSBOX-A,700,120,82.1,1.1,4.9,1.3,0.075517661,10.5,0.1,0.04,0.01,1977.6,0.12,3.4,CAR,960,10.35,7,150,0.05,0.05,25,0.0,0,Synthetic,Single,9639798785239397438,3,194.9725716,194.97257163333333,0.18642124999999735,194.7861504,195.1589929,0.3728424999999902,0.601
PSBOX-A,700,120,82.1,1.1,4.9,1.3,0.075517661,10.5,0.1,0.04,0.01,1977.6,0.12,3.4,CAR,1440,10.35,7,150,0.05,0.05,25,0.0,0,Synthetic,Single,15158233427638641998,3,196.9257714,196.9257714,0.22760289999999372,196.6981685,197.1533743,0.45520579999998745,0.504
PSB,700,120,86.6,1.6,3.7,1.7,0.062355658,6.3,0.2,0.03,0.02,93.9,0.04,3.8,PYR,30,10.35,7,150,0.05,0.05,25,0.0,0,Synthetic,Single,4721804204376788222,3,10.02613598,10.026135981,0.07191666850000011,9.954219313,10.09805265,0.14383333700000023,9.849
PSB,700,120,86.6,1.6,3.7,1.7,0.062355658,6.3,0.2,0.03,0.02,93.9,0.04,3.8,PYR,60,10.35,7,150,0.05,0.05,25,0.0,0,Synthetic,Single,5833298892870569093,3,11.6234197,11.6234197,0.13994295,11.48347675,11.76336265,0.2798859,9.769
PSB,700,120,86.6,1.6,3.7,1.7,0.062355658,6.3,0.2,0.03,0.02,93.9,0.04,3.8,PYR,120,10.35,7,150,0.05,0.05,25,0.0,0,Synthetic,Single,10068641914275566227,3,11.93398411,11.933984113333333,0.06013434499999988,11.87384977,11.99411846,0.12026868999999962,9.753
PSB,700,120,86.6,1.6,3.7,1.7,0.062355658,6.3,0.2,0.03,0.02,93.9,0.04,3.8,PYR,240,10.35,7,150,0.05,0.05,25,0.0,0,Synthetic,Single,511374947235614880,3,12.12350177,12.123501769999999,0.06513627,12.0583655,12.18863804,0.13027254,9.744
PSB,700,120,86.6,1.6,3.7,1.7,0.062355658,6.3,0.2,0.03,0.02,93.9,0.04,3.8,PYR,480,10.35,7,150,0.05,0.05,25,0.0,0,Synthetic,Single,7766796438832489567,3,12.47663819,12.476638189999997,0.02412042999999997,12.45251776,12.50075862,0.04824085999999994,9.726
PSB,700,120,86.6,1.6,3.7,1.7,0.062355658,6.3,0.2,0.03,0.02,93.9,0.04,3.8,PYR,720,10.35,7,150,0.05,0.05,25,0.0,0,Synthetic,Single,16967477159372399212,3,12.64737081,12.647370813333332,0.09748210500000014,12.54988871,12.74485292,0.1949642100000002,9.718
PSB,700,120,86.6,1.6,3.7,1.7,0.062355658,6.3,0.2,0.03,0.02,93.9,0.04,3.8,PYR,960,10.35,7,150,0.05,0.05,25,0.0,0,Synthetic,Single,13152110515515904560,3,12.93492634,12.934926339999999,0.056021639999999984,12.8789047,12.99094798,0.11204327999999997,9.703
PSB,700,120,86.6,1.6,3.7,1.7,0.062355658,6.3,0.2,0.03,0.02,93.9,0.04,3.8,PYR,1440,10.35,7,150,0.05,0.05,25,0.0,0,Synthetic,Single,1008114096097864608,3,13.09198702,13.091987016666666,0.09748210500000014,12.99450491,13.18946912,0.1949642100000002,9.695
PSBOX-A,700,120,82.1,1.1,4.9,1.3,0.075517661,10.5,0.1,0.04,0.01,1977.6,0.12,3.4,PYR,30,10.35,7,150,0.05,0.05,25,0.0,0,Synthetic,Single,7354268281024501913,3,92.57813769,92.57813769,2.3600228099999967,90.21811488,94.9381605,4.720045619999993,5.721
PSBOX-A,700,120,82.1,1.1,4.9,1.3,0.075517661,10.5,0.1,0.04,0.01,1977.6,0.12,3.4,PYR,60,10.35,7,150,0.05,0.05,25,0.0,0,Synthetic,Single,7144467312271500850,3,116.6491032,116.64910316666668,2.595780550000001,114.0533226,119.2448837,5.191561100000001,4.518
PSBOX-A,700,120,82.1,1.1,4.9,1.3,0.075517661,10.5,0.1,0.04,0.01,1977.6,0.12,3.4,PYR,120,10.35,7,150,0.05,0.05,25,0.0,0,Synthetic,Single,15154466524217921212,3,138.8353406,138.8353406,3.173003499999993,135.6623371,142.0083441,6.346006999999986,3.408
PSBOX-A,700,120,82.1,1.1,4.9,1.3,0.075517661,10.5,0.1,0.04,0.01,1977.6,0.12,3.4,PYR,240,10.35,7,150,0.05,0.05,25,0.0,0,Synthetic,Single,17326748445242168543,3,155.6029292,155.60292916666666,1.5899475500000053,154.0129816,157.1928767,3.17989510000001,2.57
PSBOX-A,700,120,82.1,1.1,4.9,1.3,0.075517661,10.5,0.1,0.04,0.01,1977.6,0.12,3.4,PYR,480,10.35,7,150,0.05,0.05,25,0.0,0,Synthetic,Single,5019839325687096608,3,174.1484268,174.14842683333333,0.1430552500000062,174.0053716,174.2914821,0.2861105000000066,1.643
PSBOX-A,700,120,82.1,1.1,4.9,1.3,0.075517661,10.5,0.1,0.04,0.01,1977.6,0.12,3.4,PYR,720,10.35,7,150,0.05,0.05,25,0.0,0,Synthetic,Single,14607962300251484291,3,178.9502818,178.9502818,0.165286100000003,178.7849957,179.1155679,0.330572200000006,1.402
PSBOX-A,700,120,82.1,1.1,4.9,1.3,0.075517661,10.5,0.1,0.04,0.01,1977.6,0.12,3.4,PYR,960,10.35,7,150,0.05,0.05,25,0.0,0,Synthetic,Single,14318183049395137263,3,183.4853671,183.4853671,0.07925279999999191,183.4061143,183.5646199,0.15850559999998381,1.176
PSBOX-A,700,120,82.1,1.1,4.9,1.3,0.075517661,10.5,0.1,0.04,0.01,1977.6,0.12,3.4,PYR,1440,10.35,7,150,0.05,0.05,25,0.0,0,Synthetic,Single,14122695440457670623,3,186.7310654,186.7310654,0.05702200000000346,186.6740434,186.7880874,0.11404400000000692,1.013
PSB,700,120,86.6,1.6,3.7,1.7,0.062355658,6.3,0.2,0.03,0.02,93.9,0.04,3.8,TEB,30,10.35,7,150,0.05,0.05,25,0.0,0,Synthetic,Single,15035950067462068535,3,9.73945512,9.739455119666667,0.2122370775000002,9.527218042,9.951692197,0.4244741550000004,9.863
PSB,700,120,86.6,1.6,3.7,1.7,0.062355658,6.3,0.2,0.03,0.02,93.9,0.04,3.8,TEB,60,10.35,7,150,0.05,0.05,25,0.0,0,Synthetic,Single,4895819444019586868,3,11.95966829,11.959668290000002,0.09637107999999994,11.86329721,12.05603937,0.19274215999999988,9.752
PSB,700,120,86.6,1.6,3.7,1.7,0.062355658,6.3,0.2,0.03,0.02,93.9,0.04,3.8,TEB,120,10.35,7,150,0.05,0.05,25,0.0,0,Synthetic,Single,11667454232700268490,3,14.53446819,14.534468193333334,0.27145747500000006,14.26301072,14.80592567,0.5429149500000001,9.623
PSB,700,120,86.6,1.6,3.7,1.7,0.062355658,6.3,0.2,0.03,0.02,93.9,0.04,3.8,TEB,240,10.35,7,150,0.05,0.05,25,0.0,0,Synthetic,Single,5754173497885832945,3,16.03851916,16.03851916,0.025748000000000104,16.01277116,16.06426716,0.05149600000000021,9.548
PSB,700,120,86.6,1.6,3.7,1.7,0.062355658,6.3,0.2,0.03,0.02,93.9,0.04,3.8,TEB,480,10.35,7,150,0.05,0.05,25,0.0,0,Synthetic,Single,11333112981056862966,3,16.3932898,16.3932898,0.23596202000000055,16.15732778,16.62925182,0.4719240400000011,9.53
PSB,700,120,86.6,1.6,3.7,1.7,0.062355658,6.3,0.2,0.03,0.02,93.9,0.04,3.8,TEB,720,10.35,7,150,0.05,0.05,25,0.0,0,Synthetic,Single,8262232296297066029,3,16.99726429,16.997264293333334,0.071174825,16.92608947,17.06843912,0.14234964999999988,9.5
PSB,700,120,86.6,1.6,3.7,1.7,0.062355658,6.3,0.2,0.03,0.02,93.9,0.04,3.8,TEB,960,10.35,7,150,0.05,0.05,25,0.0,0,Synthetic,Single,1896293482781350241,3,17.14255657,17.142556573333334,0.0045978550000010015,17.13795872,17.14715443,0.00919571000000019,9.493
PSB,700,120,86.6,1.6,3.7,1.7,0.062355658,6.3,0.2,0.03,0.02,93.9,0.04,3.8,TEB,1440,10.35,7,150,0.05,0.05,25,0.0,0,Synthetic,Single,2584546082314433009,3,17.7108517,17.710851696666666,0.18556950500000016,17.52528219,17.8964212,0.37113901000000027,9.464
PSBOX-A,700,120,82.1,1.1,4.9,1.3,0.075517661,10.5,0.1,0.04,0.01,1977.6,0.12,3.4,TEB,30,10.35,7,150,0.05,0.05,25,0.0,0,Synthetic,Single,6517302312888157700,3,100.2135097,100.21350965666666,2.2963536650000056,97.91715597,102.5098633,4.59270733000001,5.339
PSBOX-A,700,120,82.1,1.1,4.9,1.3,0.075517661,10.5,0.1,0.04,0.01,1977.6,0.12,3.4,TEB,60,10.35,7,150,0.05,0.05,25,0.0,0,Synthetic,Single,8857524016488363495,3,121.6945135,121.69451350000001,1.0727720000000005,120.6217415,122.7672855,2.145544000000001,4.265
PSBOX-A,700,120,82.1,1.1,4.9,1.3,0.075517661,10.5,0.1,0.04,0.01,1977.6,0.12,3.4,TEB,120,10.35,7,150,0.05,0.05,25,0.0,0,Synthetic,Single,3912119786576835457,3,143.609555,143.609555,1.4040015999999866,142.2055534,145.0135566,2.8080031999999733,3.17
PSBOX-A,700,120,82.1,1.1,4.9,1.3,0.075517661,10.5,0.1,0.04,0.01,1977.6,0.12,3.4,TEB,240,10.35,7,150,0.05,0.05,25,0.0,0,Synthetic,Single,4600021553235445050,3,162.94244,162.94244003333336,0.35624195000001296,162.5861981,163.298682,0.7124839000000236,2.203
PSBOX-A,700,120,82.1,1.1,4.9,1.3,0.075517661,10.5,0.1,0.04,0.01,1977.6,0.12,3.4,TEB,480,10.35,7,150,0.05,0.05,25,0.0,0,Synthetic,Single,7940094813253752973,3,181.2867858,181.2867858333333,0.295918050000013,180.9908678,181.5827039,0.5918361000000232,1.286
PSBOX-A,700,120,82.1,1.1,4.9,1.3,0.075517661,10.5,0.1,0.04,0.01,1977.6,0.12,3.4,TEB,720,10.35,7,150,0.05,0.05,25,0.0,0,Synthetic,Single,4387957623427694230,3,187.600563,187.600563,0.36580549999999334,187.2347575,187.9663685,0.7316109999999867,0.97
PSBOX-A,700,120,82.1,1.1,4.9,1.3,0.075517661,10.5,0.1,0.04,0.01,1977.6,0.12,3.4,TEB,960,10.35,7,150,0.05,0.05,25,0.0,0,Synthetic,Single,17524498598290145578,3,190.666414,190.66641403333335,0.11200375000000323,190.5544103,190.7784178,0.22400749999999903,0.817
PSBOX-A,700,120,82.1,1.1,4.9,1.3,0.075517661,10.5,0.1,0.04,0.01,1977.6,0.12,3.4,TEB,1440,10.35,7,150,0.05,0.05,25,0.0,0,Synthetic,Single,1372247388430120506,3,192.337827,192.33782699999998,0.2348585000000014,192.1029685,192.5726855,0.4697170000000028,0.733
PSB,700,120,86.6,1.6,3.7,1.7,0.062355658,6.3,0.2,0.03,0.02,93.9,0.04,3.8,CAR,1440,10.0,7,150,0.05,0.05,25,0.0,0,Synthetic,Single,9019527066193875832,9,12.09214202,12.090108602333334,2.944984912054859,8.610568838,15.62052281,7.009953972,9.395
PSB,700,120,86.6,1.6,3.7,1.7,0.062355658,6.3,0.2,0.03,0.02,93.9,0.04,3.8,CAR,1440,20.0,7,150,0.05,0.05,25,0.0,0,Synthetic,Single,2652962853593975380,3,24.65911614,24.659116136666665,4.336172525,20.32294361,28.99528866,8.67234505,18.767
PSB,700,120,86.6,1.6,3.7,1.7,0.062355658,6.3,0.2,0.03,0.02,93.9,0.04,3.8,CAR,1440,30.0,7,150,0.05,0.05,25,0.0,0,Synthetic,Single,18380047481003027818,3,42.52086281,42.52086281,0.9360610500000028,41.58480176,43.45692386,1.8721221000000057,27.874
PSB,700,120,86.6,1.6,3.7,1.7,0.062355658,6.3,0.2,0.03,0.02,93.9,0.04,3.8,CAR,1440,40.651,7,150,0.05,0.05,25,0.0,0,Synthetic,Single,2252381393071083279,3,40.37396986,40.373969863333336,9.238763525000001,31.13520634,49.61273339,18.477527050000003,38.632
PSB,700,120,86.6,1.6,3.7,1.7,0.062355658,6.3,0.2,0.03,0.02,93.9,0.04,3.8,CAR,1440,49.702,7,150,0.05,0.05,25,0.0,0,Synthetic,Single,2668580680610455902,3,44.66160167,44.66160166666666,1.4707672950000017,43.19083437,46.13236896,2.9415345900000034,47.469
PSBOX-A,700,120,82.1,1.1,4.9,1.3,0.075517661,10.5,0.1,0.04,0.01,1977.6,0.12,3.4,CAR,1440,10.0,7,150,0.05,0.05,25,0.0,0,Synthetic,Single,5974707393229480271,9,194.028293,192.87300703333332,2.2713983422146926,189.6377936,194.7548501,5.11705649999999,0.299
PSBOX-A,700,120,82.1,1.1,4.9,1.3,0.075517661,10.5,0.1,0.04,0.01,1977.6,0.12,3.4,CAR,1440,20.0,7,150,0.05,0.05,25,0.0,0,Synthetic,Single,3081341714813847843,3,380.0848089,380.0848088999999,2.1839424000000065,377.9008665,382.2687513,4.367884800000013,0.996
PSBOX-A,700,120,82.1,1.1,4.9,1.3,0.075517661,10.5,0.1,0.04,0.01,1977.6,0.12,3.4,CAR,1440,30.0,7,150,0.05,0.05,25,0.0,0,Synthetic,Single,2672374027077130753,3,469.9008094,469.9008093666667,6.292427049999986,463.6083823,476.1932364,12.584854099999973,6.505
PSBOX-A,700,120,82.1,1.1,4.9,1.3,0.075517661,10.5,0.1,0.04,0.01,1977.6,0.12,3.4,CAR,1440,40.651,7,150,0.05,0.05,25,0.0,0,Synthetic,Single,8071337951507918520,3,482.1207579,482.1207579,1.9335457999999903,480.1872121,484.0543037,3.8670915999999806,16.545
PSBOX-A,700,120,82.1,1.1,4.9,1.3,0.075517661,10.5,0.1,0.04,0.01,1977.6,0.12,3.4,CAR,1440,49.702,7,150,0.05,0.05,25,0.0,0,Synthetic,Single,10013374977060052941,3,526.9150137,526.9150137,9.423834900000031,517.4911788,536.3388486,18.847669800000062,23.356
PSB,700,120,86.6,1.6,3.7,1.7,0.062355658,6.3,0.2,0.03,0.02,93.9,0.04,3.8,PYR,1440,10.0,7,150,0.05,0.05,25,0.0,0,Synthetic,Single,15857670154859084901,3,13.36549233,13.36549233,1.50198256,11.86350977,14.86747489,3.00396512,9.332
PSB,700,120,86.6,1.6,3.7,1.7,0.062355658,6.3,0.2,0.03,0.02,93.9,0.04,3.8,PYR,1440,20.0,7,150,0.05,0.05,25,0.0,0,Synthetic,Single,909323058553581409,3,19.71689057,19.716890573333334,2.2400421250000004,17.47684845,21.9569327,4.480084250000001,19.014
PSB,700,120,86.6,1.6,3.7,1.7,0.062355658,6.3,0.2,0.03,0.02,93.9,0.04,3.8,PYR,1440,30.0,7,150,0.05,0.05,25,0.0,0,Synthetic,Single,8932379767257874051,3,24.4387805,24.438780496666666,2.2819162549999987,22.15686424,26.72069675,4.5638325099999975,28.778
PSB,700,120,86.6,1.6,3.7,1.7,0.062355658,6.3,0.2,0.03,0.02,93.9,0.04,3.8,PYR,1440,40.651,7,150,0.05,0.05,25,0.0,0,Synthetic,Single,17308140250371570214,3,18.21635113,18.216351133333333,7.009886405,11.20646473,25.22623754,14.01977281,39.74
PSB,700,120,86.6,1.6,3.7,1.7,0.062355658,6.3,0.2,0.03,0.02,93.9,0.04,3.8,PYR,1440,49.702,7,150,0.05,0.05,25,0.0,0,Synthetic,Single,10768319170817012279,3,49.96716342,49.967163416666665,1.280743834999999,48.68641958,51.24790725,2.561487669999998,47.204
PSBOX-A,700,120,82.1,1.1,4.9,1.3,0.075517661,10.5,0.1,0.04,0.01,1977.6,0.12,3.4,PYR,1440,10.0,7,150,0.05,0.05,25,0.0,0,Synthetic,Single,225040084999860926,15,179.2811029,110.67775262893333,88.6033746857826,5.47608242,181.433822,175.95773957999998,1.036
PSBOX-A,700,120,82.1,1.1,4.9,1.3,0.075517661,10.5,0.1,0.04,0.01,1977.6,0.12,3.4,PYR,1440,20.0,7,150,0.05,0.05,25,0.0,0,Synthetic,Single,885365105127333810,3,346.577518,346.5775179666667,2.431386750000002,344.1461312,349.0089047,4.862773500000003,2.671
PSBOX-A,700,120,82.1,1.1,4.9,1.3,0.075517661,10.5,0.1,0.04,0.01,1977.6,0.12,3.4,PYR,1440,30.0,7,150,0.05,0.05,25,0.0,0,Synthetic,Single,18389337982035830204,3,423.1469088,423.1469088333333,0.12360705000000731,423.0233018,423.2705159,0.24721410000000787,8.843
PSBOX-A,700,120,82.1,1.1,4.9,1.3,0.075517661,10.5,0.1,0.04,0.01,1977.6,0.12,3.4,PYR,1440,40.651,7,150,0.05,0.05,25,0.0,0,Synthetic,Single,515935265218775533,3,416.3075638,416.30756376666665,11.973090649999989,404.3344731,428.2806544,23.946181299999978,19.836
PSBOX-A,700,120,82.1,1.1,4.9,1.3,0.075517661,10.5,0.1,0.04,0.01,1977.6,0.12,3.4,PYR,1440,49.702,7,150,0.05,0.05,25,0.0,0,Synthetic,Single,10437072109577955992,3,465.9189249,465.9189248999999,12.701521400000019,453.2174035,478.6204463,25.403042800000037,26.406
PSB,700,120,86.6,1.6,3.7,1.7,0.062355658,6.3,0.2,0.03,0.02,93.9,0.04,3.8,TEB,1440,9.715,7,150,0.05,0.05,25,0.0,0,Synthetic,Single,4545727045363007368,3,12.39344048,12.39344048,0.34963228999999973,12.04380819,12.74307277,0.6992645799999995,9.095
PSB,700,120,86.6,1.6,3.7,1.7,0.062355658,6.3,0.2,0.03,0.02,93.9,0.04,3.8,TEB,1440,19.525,7,150,0.05,0.05,25,0.0,0,Synthetic,Single,15188021643214436428,3,21.82869223,21.828692226666664,1.721478545,20.10721368,23.55017077,3.44295709,18.434
PSB,700,120,86.6,1.6,3.7,1.7,0.062355658,6.3,0.2,0.03,0.02,93.9,0.04,3.8,TEB,1440,30.339,7,150,0.05,0.05,25,0.0,0,Synthetic,Single,10629141765486226301,3,28.77089875,28.77089875,5.1146849,23.65621385,33.88558365,10.2293698,28.901
PSB,700,120,86.6,1.6,3.7,1.7,0.062355658,6.3,0.2,0.03,0.02,93.9,0.04,3.8,TEB,1440,41.603,7,150,0.05,0.05,25,0.0,0,Synthetic,Single,16862914560302774087,3,34.12194265,34.12194265333333,9.661109735,24.46083292,43.78305239,19.32221947,39.897
PSB,700,120,86.6,1.6,3.7,1.7,0.062355658,6.3,0.2,0.03,0.02,93.9,0.04,3.8,TEB,1440,48.761,7,150,0.05,0.05,25,0.0,0,Synthetic,Single,3476837075250042538,3,36.12677657,36.12677656666667,1.2134702250000018,34.91330634,37.34024679,2.4269404500000036,46.955
PSBOX-A,700,120,82.1,1.1,4.9,1.3,0.075517661,10.5,0.1,0.04,0.01,1977.6,0.12,3.4,TEB,1440,9.715,7,150,0.05,0.05,25,0.0,0,Synthetic,Single,6365747880929110975,3,180.1523853,180.1523853,0.15355590000000063,179.9988294,180.3059412,0.30711180000000127,0.707
PSBOX-A,700,120,82.1,1.1,4.9,1.3,0.075517661,10.5,0.1,0.04,0.01,1977.6,0.12,3.4,TEB,1440,19.525,7,150,0.05,0.05,25,0.0,0,Synthetic,Single,2866400206678128043,3,353.7622914,353.76229136666666,1.1263634499999857,352.6359279,354.8886548,2.2527268999999706,1.837
PSBOX-A,700,120,82.1,1.1,4.9,1.3,0.075517661,10.5,0.1,0.04,0.01,1977.6,0.12,3.4,TEB,1440,30.339,7,150,0.05,0.05,25,0.0,0,Synthetic,Single,2002571831407912686,3,434.9723531,434.9723530666667,1.7791480500000036,433.193205,436.7515011,3.558296100000007,8.59
PSBOX-A,700,120,82.1,1.1,4.9,1.3,0.075517661,10.5,0.1,0.04,0.01,1977.6,0.12,3.4,TEB,1440,41.603,7,150,0.05,0.05,25,0.0,0,Synthetic,Single,1179880397936398560,3,464.0887525,464.0887525333333,14.037452450000018,450.0513001,478.126205,28.074904900000035,18.398
PSBOX-A,700,120,82.1,1.1,4.9,1.3,0.075517661,10.5,0.1,0.04,0.01,1977.6,0.12,3.4,TEB,1440,48.761,7,150,0.05,0.05,25,0.0,0,Synthetic,Single,17509427768820248449,3,477.6500441,477.6500440666667,4.937544750000001,472.7124993,482.5875888,9.875089500000001,24.879
PSB,700,120,86.6,1.6,3.7,1.7,0.062355658,6.3,0.2,0.03,0.02,93.9,0.04,3.8,CAR,1440,10.0,3,150,0.05,0.05,25,0.0,0,Synthetic,Single,2474326131178015563,3,20.33922661,20.57502495,0.7776278678845554,19.94258789,21.44326035,1.5006724600000005,8.983
PSB,700,120,86.6,1.6,3.7,1.7,0.062355658,6.3,0.2,0.03,0.02,93.9,0.04,3.8,CAR,1440,10.0,11,150,0.05,0.05,25,0.0,0,Synthetic,Single,9713413644219092578,3,11.27379084,11.273790836666668,0.03494527500000023,11.23884556,11.30873611,0.06989055000000022,9.436
PSBOX-A,700,120,82.1,1.1,4.9,1.3,0.075517661,10.5,0.1,0.04,0.01,1977.6,0.12,3.4,CAR,1440,10.0,3,150,0.05,0.05,25,0.0,0,Synthetic,Single,4257590620893720876,3,193.9085512,193.90855116666668,0.09466815000000835,193.813883,194.0032193,0.1893363000000079,0.305
PSBOX-A,700,120,82.1,1.1,4.9,1.3,0.075517661,10.5,0.1,0.04,0.01,1977.6,0.12,3.4,CAR,1440,10.0,11,150,0.05,0.05,25,0.0,0,Synthetic,Single,1215973723376915305,3,193.1085611,193.10856106666665,0.1471847499999967,192.9613763,193.2557458,0.29436949999998774,0.345
PSBOX-A,700,120,82.1,1.1,4.9,1.3,0.075517661,10.5,0.1,0.04,0.01,1977.6,0.12,3.4,PYR,1440,10.0,3,150,0.05,0.05,25,0.0,0,Synthetic,Single,12621296277515089329,6,96.686317765,95.75879280049999,94.43085657089773,8.136888092,181.9871592,173.85027110800002,5.166
PSBOX-A,700,120,82.1,1.1,4.9,1.3,0.075517661,10.5,0.1,0.04,0.01,1977.6,0.12,3.4,PYR,1440,10.0,11,150,0.05,0.05,25,0.0,0,Synthetic,Single,12717743980985706212,6,93.78953205799999,93.56816874750001,96.64525561836733,4.784259607,181.9093513,177.125091693,5.3105
PSBOX-A,700,120,82.1,1.1,4.9,1.3,0.075517661,10.5,0.1,0.04,0.01,1977.6,0.12,3.4,TEB,1440,10.0,3,150,0.05,0.05,25,0.0,0,Synthetic,Single,17305994896530160488,6,99.59089173999999,98.52033423783332,98.80957902970185,6.786523258,188.7537227,181.967199442,5.0205
PSBOX-A,700,120,82.1,1.1,4.9,1.3,0.075517661,10.5,0.1,0.04,0.01,1977.6,0.12,3.4,TEB,1440,10.0,7,150,0.05,0.05,25,0.0,0,Synthetic,Single,10338658341479437243,12,98.82582456499999,98.45789187558334,93.53434842294934,6.896568699,188.79704,181.900471301,5.059
PSBOX-A,700,120,82.1,1.1,4.9,1.3,0.075517661,10.5,0.1,0.04,0.01,1977.6,0.12,3.4,TEB,1440,10.0,11,150,0.05,0.05,25,0.0,0,Synthetic,Single,6739050191320737237,6,96.81540443749999,96.798209848,98.31632827199789,6.653055984,186.9089745,180.255918516,5.1595
PSB,700,120,86.6,1.6,3.7,1.7,0.062355658,6.3,0.2,0.03,0.02,93.9,0.04,3.8,CAR,1440,10.0,7,150,0.05,0.05,15,0.0,0,Synthetic,Single,6580296881576907808,3,10.44991847,10.449918471333334,0.7853674279999998,9.664551044,11.2352859,1.5707348559999996,9.478
PSB,700,120,86.6,1.6,3.7,1.7,0.062355658,6.3,0.2,0.03,0.02,93.9,0.04,3.8,CAR,1440,10.0,7,150,0.05,0.05,35,0.0,0,Synthetic,Single,6279799715671586744,3,18.89493651,18.89493651,0.2964278199999999,18.59850869,19.19136433,0.5928556399999998,9.055
PSBOX-A,700,120,82.1,1.1,4.9,1.3,0.075517661,10.5,0.1,0.04,0.01,1977.6,0.12,3.4,CAR,1440,10.0,7,150,0.05,0.05,15,0.0,0,Synthetic,Single,4935185791825215751,3,193.5580517,193.55805173333331,0.012498150000032324,193.5455536,193.5705499,0.024996299999997973,0.322
PSBOX-A,700,120,82.1,1.1,4.9,1.3,0.075517661,10.5,0.1,0.04,0.01,1977.6,0.12,3.4,CAR,1440,10.0,7,150,0.05,0.05,35,0.0,0,Synthetic,Single,9867554238704943759,3,196.6946835,196.6946835,0.05684639999999774,196.6378371,196.7515299,0.11369279999999549,0.165
PSBOX-A,700,120,82.1,1.1,4.9,1.3,0.075517661,10.5,0.1,0.04,0.01,1977.6,0.12,3.4,PYR,1440,10.0,7,150,0.05,0.05,15,0.0,0,Synthetic,Single,7915427757894587926,6,90.60083853100001,90.576154443,95.35081037585564,3.444663377,177.6582773,174.213613923,5.470000000000001
PSBOX-A,700,120,82.1,1.1,4.9,1.3,0.075517661,10.5,0.1,0.04,0.01,1977.6,0.12,3.4,PYR,1440,10.0,7,150,0.05,0.05,35,0.0,0,Synthetic,Single,15714134145945127934,6,95.946964812,95.99526712416666,96.37084193245498,7.932680739,184.1544581,176.221777361,5.203
PSBOX-A,700,120,82.1,1.1,4.9,1.3,0.075517661,10.5,0.1,0.04,0.01,1977.6,0.12,3.4,TEB,1440,10.0,7,150,0.05,0.05,15,0.0,0,Synthetic,Single,10938199474869904691,6,96.657777967,96.724430857,98.61404291859724,6.648057594,186.9341099,180.28605230600002,5.167000000000001
PSBOX-A,700,120,82.1,1.1,4.9,1.3,0.075517661,10.5,0.1,0.04,0.01,1977.6,0.12,3.4,TEB,1440,10.0,7,150,0.05,0.05,35,0.0,0,Synthetic,Single,2242448943054842107,6,101.547829695,101.39022724333334,97.60675438064897,11.97023615,190.4950134,178.52477725,4.923
PSB,700,120,86.6,1.6,3.7,1.7,0.062355658,6.3,0.2,0.03,0.02,93.9,0.04,3.8,CAR,1440,10.0,7,150,0.05,0.05,25,0.0,5,Synthetic,Single,4910732537836469457,3,15.35604589,15.372038143333334,0.24088701085019065,15.13954573,15.62052281,0.4809770800000006,9.232
PSBOX-A,700,120,82.1,1.1,4.9,1.3,0.075517661,10.5,0.1,0.04,0.01,1977.6,0.12,3.4,CAR,1440,10.0,7,150,0.05,0.05,25,0.0,5,Synthetic,Single,14174918151567852022,3,194.7240079,194.73496056666667,0.13187446478656217,194.608904,194.8719698,0.2630657999999926,0.264
PSB,700,120,86.6,1.6,3.7,1.7,0.062355658,6.3,0.2,0.03,0.02,93.9,0.04,3.8,PYR,1440,10.0,7,150,0.05,0.05,25,0.0,5,Synthetic,Single,2282926465134815844,3,7.980702525,8.007705429333333,0.09156279559819427,7.932680739,8.109733024,0.17705228500000025,9.601
PSBOX-A,700,120,82.1,1.1,4.9,1.3,0.075517661,10.5,0.1,0.04,0.01,1977.6,0.12,3.4,PYR,1440,10.0,7,150,0.05,0.05,25,0.0,5,Synthetic,Single,3265139063472826695,3,178.8639832,178.9582316,0.22345967121849614,178.7973362,179.2133754,0.41603920000000016,1.057
PSB,700,120,86.6,1.6,3.7,1.7,0.062355658,6.3,0.2,0.03,0.02,93.9,0.04,3.8,TEB,1440,10.0,7,150,0.05,0.05,25,0.0,5,Synthetic,Single,3756902283419188653,3,8.576143356,8.485661003333332,0.2713216207864971,8.180660073,8.700179581,0.5195195080000001,9.571
PSBOX-A,700,120,82.1,1.1,4.9,1.3,0.075517661,10.5,0.1,0.04,0.01,1977.6,0.12,3.4,TEB,1440,10.0,7,150,0.05,0.05,25,0.0,5,Synthetic,Single,9380390742843942442,3,188.3246152,188.23425853333333,0.26930544569089404,187.931394,188.4467664,0.5153723999999897,0.584
PSB,700,120,86.6,1.6,3.7,1.7,0.062355658,6.3,0.2,0.03,0.02,93.9,0.04,3.8,CAR,1440,10.64,7,150,0.05,0.05,25,0.0,0,Synthetic,Single,6103338949465297208,3,21.58524593,21.598751993333334,0.08077896967915084,21.52557736,21.68543269,0.15985532999999919,9.561
PSB,700,120,86.6,1.6,3.7,1.7,0.062355658,6.3,0.2,0.03,0.02,93.9,0.04,3.8,CAR,1440,10.64,7,150,0.05,0.05,25,0.025,0,Synthetic,Single,1264357638971132335,3,22.28635166,22.335336333333334,0.20708345424668279,22.15713695,22.56252039,0.4053834399999978,9.526
PSB,700,120,86.6,1.6,3.7,1.7,0.062355658,6.3,0.2,0.03,0.02,93.9,0.04,3.8,CAR,1440,10.64,7,150,0.05,0.05,25,0.5,0,Synthetic,Single,745282393733214055,3,27.15357356,27.105193636666666,0.11401047663836207,26.97497101,27.18703634,0.21206532999999794,9.282
PSB,700,120,86.6,1.6,3.7,1.7,0.062355658,6.3,0.2,0.03,0.02,93.9,0.04,3.8,CAR,1440,10.64,7,150,0.05,0.05,25,0.75,0,Synthetic,Single,13330472071774241408,3,27.91354152,27.857837416666666,0.12545532231569947,27.71417592,27.94579481,0.23161889000000002,9.244
PSB,700,120,86.6,1.6,3.7,1.7,0.062355658,6.3,0.2,0.03,0.02,93.9,0.04,3.8,CAR,1440,10.64,7,150,0.05,0.05,25,0.1,0,Synthetic,Single,18165691725457514019,3,28.49793068,28.481333683333332,0.11489777938173248,28.35903999,28.58703038,0.2279903900000022,9.215
PSBOX-A,700,120,82.1,1.1,4.9,1.3,0.075517661,10.5,0.1,0.04,0.01,1977.6,0.12,3.4,CAR,1440,10.64,7,150,0.05,0.05,25,0.0,0,Synthetic,Single,16293706521929686415,3,207.5193715,207.5169525,0.03916317072404587,207.4766359,207.5548501,0.07821420000001922,0.264
PSBOX-A,700,120,82.1,1.1,4.9,1.3,0.075517661,10.5,0.1,0.04,0.01,1977.6,0.12,3.4,CAR,1440,10.64,7,150,0.05,0.05,25,0.025,0,Synthetic,Single,17430757838404585944,3,208.4690291,208.49442853333332,0.05369678152238365,208.4581436,208.5561129,0.09796929999998838,0.217
PSBOX-A,700,120,82.1,1.1,4.9,1.3,0.075517661,10.5,0.1,0.04,0.01,1977.6,0.12,3.4,CAR,1440,10.64,7,150,0.05,0.05,25,0.5,0,Synthetic,Single,2646228309901749104,3,209.6107953,209.604815,0.027603170991200042,209.5747119,209.6289378,0.0542258999999774,0.159
PSBOX-A,700,120,82.1,1.1,4.9,1.3,0.075517661,10.5,0.1,0.04,0.01,1977.6,0.12,3.4,CAR,1440,10.64,7,150,0.05,0.05,25,0.75,0,Synthetic,Single,6790189810633164919,3,209.946431,209.95133616666666,0.05429149595032823,209.8996637,210.0079138,0.10825010000002067,0.143
PSBOX-A,700,120,82.1,1.1,4.9,1.3,0.075517661,10.5,0.1,0.04,0.01,1977.6,0.12,3.4,CAR,1440,10.64,7,150,0.05,0.05,25,0.1,0,Synthetic,Single,17952086120339776076,3,210.1556742,210.1424369,0.04570838451498734,210.0915708,210.1800657,0.0884949000000006,0.132
PSB,700,120,86.6,1.6,3.7,1.7,0.062355658,6.3,0.2,0.03,0.02,93.9,0.04,3.8,PYR,1440,10.64,7,150,0.05,0.05,25,0.0,0,Synthetic,Single,1339196494779022373,3,17.17592698,17.102398296666667,0.14560077410624986,16.93469605,17.19657186,0.2618758099999994,9.781
PSB,700,120,86.6,1.6,3.7,1.7,0.062355658,6.3,0.2,0.03,0.02,93.9,0.04,3.8,PYR,1440,10.64,7,150,0.05,0.05,25,0.025,0,Synthetic,Single,9073084972282701478,3,18.63812304,18.665051143333333,0.24838692596392492,18.43122544,18.92580495,0.4945795100000012,9.708
PSB,700,120,86.6,1.6,3.7,1.7,0.062355658,6.3,0.2,0.03,0.02,93.9,0.04,3.8,PYR,1440,10.64,7,150,0.05,0.05,25,0.5,0,Synthetic,Single,191357271387646750,3,24.9350358,24.894718440000002,0.8302323373205975,24.04506195,25.70405757,1.658995619999999,9.393
PSB,700,120,86.6,1.6,3.7,1.7,0.062355658,6.3,0.2,0.03,0.02,93.9,0.04,3.8,PYR,1440,10.64,7,150,0.05,0.05,25,0.75,0,Synthetic,Single,15057238795158855309,3,26.62477433,26.590291396666668,0.09534326070318737,26.48250418,26.66359568,0.18109150000000085,9.309
PSB,700,120,86.6,1.6,3.7,1.7,0.062355658,6.3,0.2,0.03,0.02,93.9,0.04,3.8,PYR,1440,10.64,7,150,0.05,0.05,25,0.1,0,Synthetic,Single,17620546108433666946,3,26.82538871,26.832120736666667,0.48788232560380856,26.34763926,27.32333424,0.9756949800000001,9.299
PSBOX-A,700,120,82.1,1.1,4.9,1.3,0.075517661,10.5,0.1,0.04,0.01,1977.6,0.12,3.4,PYR,1440,10.64,7,150,0.05,0.05,25,0.0,0,Synthetic,Single,899458601566528766,3,194.1022108,194.10221083333332,0.13161115000000084,193.9705997,194.233822,0.26322229999999536,0.935
PSBOX-A,700,120,82.1,1.1,4.9,1.3,0.075517661,10.5,0.1,0.04,0.01,1977.6,0.12,3.4,PYR,1440,10.64,7,150,0.05,0.05,25,0.025,0,Synthetic,Single,1321739968319666973,3,195.2598949,195.25989493333336,0.09593135000000508,195.1639636,195.3558263,0.1918627000000015,0.877
PSBOX-A,700,120,82.1,1.1,4.9,1.3,0.075517661,10.5,0.1,0.04,0.01,1977.6,0.12,3.4,PYR,1440,10.64,7,150,0.05,0.05,25,0.5,0,Synthetic,Single,5455317057129671173,3,196.6287402,196.6287402,0.04678760000000182,196.5819526,196.6755278,0.09357520000000363,0.809
PSBOX-A,700,120,82.1,1.1,4.9,1.3,0.075517661,10.5,0.1,0.04,0.01,1977.6,0.12,3.4,PYR,1440,10.64,7,150,0.05,0.05,25,0.75,0,Synthetic,Single,15862192128811519798,3,196.7750496,196.77504956666667,0.04162635000001137,196.7334232,196.8166759,0.08325270000000273,0.801
PSBOX-A,700,120,82.1,1.1,4.9,1.3,0.075517661,10.5,0.1,0.04,0.01,1977.6,0.12,3.4,PYR,1440,10.64,7,150,0.05,0.05,25,0.1,0,Synthetic,Single,8241896323355349481,3,196.9445844,196.94458443333335,0.060812650000009426,196.8837718,197.0053971,0.12162530000000515,0.793
PSB,700,120,86.6,1.6,3.7,1.7,0.062355658,6.3,0.2,0.03,0.02,93.9,0.04,3.8,TEB,1440,10.64,7,150,0.05,0.05,25,0.0,0,Synthetic,Single,2069203419941843580,3,18.5704364,18.48460383666667,0.3328239315480068,18.11727062,18.76610449,0.6488338700000007,9.711
PSB,700,120,86.6,1.6,3.7,1.7,0.062355658,6.3,0.2,0.03,0.02,93.9,0.04,3.8,TEB,1440,10.64,7,150,0.05,0.05,25,0.025,0,Synthetic,Single,1309509411171930483,3,19.82286297,19.70988569666667,0.2629913876521399,19.40928321,19.89751091,0.4882276999999995,9.649
PSB,700,120,86.6,1.6,3.7,1.7,0.062355658,6.3,0.2,0.03,0.02,93.9,0.04,3.8,TEB,1440,10.64,7,150,0.05,0.05,25,0.5,0,Synthetic,Single,477985032669267579,3,27.30236045,27.349863683333336,0.1382176745991832,27.24166187,27.50556873,0.26390685999999874,9.275
PSB,700,120,86.6,1.6,3.7,1.7,0.062355658,6.3,0.2,0.03,0.02,93.9,0.04,3.8,TEB,1440,10.64,7,150,0.05,0.05,25,0.75,0,Synthetic,Single,17094379585449312116,3,28.7617654,28.72029432333333,0.20487283002628578,28.49785854,28.90125903,0.4034004899999992,9.202
PSB,700,120,86.6,1.6,3.7,1.7,0.062355658,6.3,0.2,0.03,0.02,93.9,0.04,3.8,TEB,1440,10.64,7,150,0.05,0.05,25,0.1,0,Synthetic,Single,14772966102207275455,3,29.57610657,29.55914113333333,0.1337056632545165,29.41776246,29.68355437,0.2657919100000008,9.161
PSBOX-A,700,120,82.1,1.1,4.9,1.3,0.075517661,10.5,0.1,0.04,0.01,1977.6,0.12,3.4,TEB,1440,10.64,7,150,0.05,0.05,25,0.0,0,Synthetic,Single,4200786981586363771,3,201.9329242,201.9104293,0.04496753005903974,201.8586533,201.9397104,0.08105710000000954,0.543
PSBOX-A,700,120,82.1,1.1,4.9,1.3,0.075517661,10.5,0.1,0.04,0.01,1977.6,0.12,3.4,TEB,1440,10.64,7,150,0.05,0.05,25,0.025,0,Synthetic,Single,16676324305660155556,3,202.7408562,202.6904625666667,0.10678256086601173,202.5678087,202.7627228,0.19491410000000542,0.503
PSBOX-A,700,120,82.1,1.1,4.9,1.3,0.075517661,10.5,0.1,0.04,0.01,1977.6,0.12,3.4,TEB,1440,10.64,7,150,0.05,0.05,25,0.5,0,Synthetic,Single,15664822722295538556,3,203.1717784,203.16511793333333,0.054032664133597655,203.1080638,203.2155116,0.10744780000001697,0.481
PSBOX-A,700,120,82.1,1.1,4.9,1.3,0.075517661,10.5,0.1,0.04,0.01,1977.6,0.12,3.4,TEB,1440,10.64,7,150,0.05,0.05,25,0.75,0,Synthetic,Single,18006454412294099555,3,203.7859274,203.77021866666666,0.10550099276899266,203.6577441,203.8669845,0.20924039999999877,0.451
PSBOX-A,700,120,82.1,1.1,4.9,1.3,0.075517661,10.5,0.1,0.04,0.01,1977.6,0.12,3.4,TEB,1440,10.64,7,150,0.05,0.05,25,0.1,0,Synthetic,Single,8208949164701929664,3,204.0890433,204.0573745,0.07110207669378177,203.9759404,204.1071398,0.13119939999998564,0.436
C-Biochar,600,240,79.42,2.09,5.93,2.88,0.110929237,9.68,0.026,0.075,0.036,1048.2,1.044,3.985,IBF,30,10.0,7,200,0.025,0.05,25,0.0,0,Synthetic,Single,7190918633054368776,5,93.33333333,96.0,47.51607915105042,26.66666667,146.6666667,120.00000003000001,5.333333333
C-Biochar,600,240,79.42,2.09,5.93,2.88,0.110929237,9.68,0.026,0.075,0.036,1048.2,1.044,3.985,IBF,30,20.0,7,200,0.025,0.05,25,0.0,0,Synthetic,Single,3471020195896376932,2,188.88888889999998,188.88888889999998,3.1426967738465628,186.6666667,191.1111111,4.4444443999999805,10.555555555
C-Biochar,600,240,79.42,2.09,5.93,2.88,0.110929237,9.68,0.026,0.075,0.036,1048.2,1.044,3.985,IBF,30,30.0,7,200,0.025,0.05,25,0.0,0,Synthetic,Single,4079174506986504862,2,180.0,180.0,9.428090462961096,173.3333333,186.6666667,13.333333400000015,21.0
C-Biochar,600,240,79.42,2.09,5.93,2.88,0.110929237,9.68,0.026,0.075,0.036,1048.2,1.044,3.985,IBF,30,50.0,7,200,0.025,0.05,25,0.0,0,Synthetic,Single,1448967503783819399,2,215.55555555,215.55555555,3.1426968445572565,213.3333333,217.7777778,4.444444500000003,39.222222220000006
C-Biochar,600,240,79.42,2.09,5.93,2.88,0.110929237,9.68,0.026,0.075,0.036,1048.2,1.044,3.985,IBF,30,80.0,7,200,0.025,0.05,25,0.0,0,Synthetic,Single,17800563843986699496,2,251.1111111,251.1111111,15.713484010654222,240.0,262.2222222,22.222222199999976,67.444444445
C-Biochar,600,240,79.42,2.09,5.93,2.88,0.110929237,9.68,0.026,0.075,0.036,1048.2,1.044,3.985,IBF,30,100.0,7,200,0.025,0.05,25,0.0,0,Synthetic,Single,15001488353541702053,2,277.77777779999997,277.77777779999997,3.142696773846583,275.5555556,280.0,4.444444400000009,86.11111111
C-Biochar,600,240,79.42,2.09,5.93,2.88,0.110929237,9.68,0.026,0.075,0.036,1048.2,1.044,3.985,ATE,30,10.0,7,200,0.025,0.05,25,0.0,0,Synthetic,Single,494444688020442545,4,59.40740741,51.25925926,20.474481423133227,20.88888889,65.33333333,44.44444444,7.0296296300000005
C-Biochar,600,240,79.42,2.09,5.93,2.88,0.110929237,9.68,0.026,0.075,0.036,1048.2,1.044,3.985,ATE,30,20.0,7,200,0.025,0.05,25,0.0,0,Synthetic,Single,14727653636978487653,2,89.037037035,89.037037035,4.190262409912202,86.07407407,92.0,5.925925930000005,15.54814815
C-Biochar,600,240,79.42,2.09,5.93,2.88,0.110929237,9.68,0.026,0.075,0.036,1048.2,1.044,3.985,ATE,30,30.0,7,200,0.025,0.05,25,0.0,0,Synthetic,Single,2667632035415158299,2,130.5185185,130.5185185,2.095131229704838,129.037037,132.0,2.962963000000002,23.474074074999997
C-Biochar,600,240,79.42,2.09,5.93,2.88,0.110929237,9.68,0.026,0.075,0.036,1048.2,1.044,3.985,ATE,30,50.0,7,200,0.025,0.05,25,0.0,0,Synthetic,Single,13196770594572783810,2,174.2222222,174.2222222,3.1426967738465827,172.0,176.4444444,4.444444400000009,41.288888889999996
C-Biochar,600,240,79.42,2.09,5.93,2.88,0.110929237,9.68,0.026,0.075,0.036,1048.2,1.044,3.985,ATE,30,80.0,7,200,0.025,0.05,25,0.0,0,Synthetic,Single,2927233624632432593,2,249.77777774999998,249.77777774999998,9.428090392250422,243.1111111,256.4444444,13.333333300000021,67.51111111
C-Biochar,600,240,79.42,2.09,5.93,2.88,0.110929237,9.68,0.026,0.075,0.036,1048.2,1.044,3.985,ATE,30,100.0,7,200,0.025,0.05,25,0.0,0,Synthetic,Single,13021351069936263588,2,287.55555555,287.55555555,6.28539361840382,283.1111111,292.0,8.888888899999984,85.62222222
C-Biochar,600,240,79.42,2.09,5.93,2.88,0.110929237,9.68,0.026,0.075,0.036,1048.2,1.044,3.985,CBZ,30,10.0,7,200,0.025,0.05,25,0.0,0,Synthetic,Single,10992409284873624159,7,116.0714286,115.78609221857143,13.34358650286017,96.62698413,133.531746,36.90476187,4.196428571
C-Biochar,600,240,79.42,2.09,5.93,2.88,0.110929237,9.68,0.026,0.075,0.036,1048.2,1.044,3.985,CBZ,30,20.0,7,200,0.025,0.05,25,0.0,0,Synthetic,Single,4845104700447170443,2,200.3968254,200.3968254,0.2805979312870523,200.1984127,200.5952381,0.3968253999999831,9.98015873
C-Biochar,600,240,79.42,2.09,5.93,2.88,0.110929237,9.68,0.026,0.075,0.036,1048.2,1.044,3.985,CBZ,30,30.0,7,200,0.025,0.05,25,0.0,0,Synthetic,Single,16091125448668008469,2,245.3042328,245.3042328,11.598047732251091,237.1031746,253.505291,16.40211640000001,17.73478836
C-Biochar,600,240,79.42,2.09,5.93,2.88,0.110929237,9.68,0.026,0.075,0.036,1048.2,1.044,3.985,CBZ,30,50.0,7,200,0.025,0.05,25,0.0,0,Synthetic,Single,11287251001192722112,2,271.6269841,271.6269841,2.8059793128706434,269.6428571,273.6111111,3.9682540000000017,36.41865079
C-Biochar,600,240,79.42,2.09,5.93,2.88,0.110929237,9.68,0.026,0.075,0.036,1048.2,1.044,3.985,CBZ,30,80.0,7,200,0.025,0.05,25,0.0,0,Synthetic,Single,3419474445918775103,2,338.95502645,338.95502645,2.6189140017757104,337.1031746,340.8068783,3.7037037000000055,63.052248675
C-Biochar,600,240,79.42,2.09,5.93,2.88,0.110929237,9.68,0.026,0.075,0.036,1048.2,1.044,3.985,CBZ,30,100.0,7,200,0.025,0.05,25,0.0,0,Synthetic,Single,9462464067946150286,2,350.3968254,350.3968254,5.892556557028359,346.2301587,354.5634921,8.333333400000015,82.48015873
C-Biochar,600,240,79.42,2.09,5.93,2.88,0.110929237,9.68,0.026,0.075,0.036,1048.2,1.044,3.985,IBF,30,10.0,3,200,0.025,0.05,25,0.0,0,Synthetic,Single,5256351471210846831,1,93.33333333,93.33333333,0.0,93.33333333,93.33333333,0.0,5.333333333
C-Biochar,600,240,79.42,2.09,5.93,2.88,0.110929237,9.68,0.026,0.075,0.036,1048.2,1.044,3.985,IBF,30,10.0,5,200,0.025,0.05,25,0.0,0,Synthetic,Single,16058766177640236849,1,53.33333333,53.33333333,0.0,53.33333333,53.33333333,0.0,7.333333333
C-Biochar,600,240,79.42,2.09,5.93,2.88,0.110929237,9.68,0.026,0.075,0.036,1048.2,1.044,3.985,IBF,30,10.0,9,200,0.025,0.05,25,0.0,0,Synthetic,Single,1577968485420020185,1,-13.33333333,-13.33333333,0.0,-13.33333333,-13.33333333,0.0,10.66666667
C-Biochar,600,240,79.42,2.09,5.93,2.88,0.110929237,9.68,0.026,0.075,0.036,1048.2,1.044,3.985,ATE,30,10.0,3,200,0.025,0.05,25,0.0,0,Synthetic,Single,4083583832134547610,1,29.77777778,29.77777778,0.0,29.77777778,29.77777778,0.0,8.511111111
C-Biochar,600,240,79.42,2.09,5.93,2.88,0.110929237,9.68,0.026,0.075,0.036,1048.2,1.044,3.985,ATE,30,10.0,5,200,0.025,0.05,25,0.0,0,Synthetic,Single,14456624691018402440,1,52.0,52.0,0.0,52.0,52.0,0.0,7.4
C-Biochar,600,240,79.42,2.09,5.93,2.88,0.110929237,9.68,0.026,0.075,0.036,1048.2,1.044,3.985,ATE,30,10.0,9,200,0.025,0.05,25,0.0,0,Synthetic,Single,2817257800432307936,1,74.22222222,74.22222222,0.0,74.22222222,74.22222222,0.0,6.288888889
C-Biochar,600,240,79.42,2.09,5.93,2.88,0.110929237,9.68,0.026,0.075,0.036,1048.2,1.044,3.985,CBZ,30,10.0,3,200,0.025,0.05,25,0.0,0,Synthetic,Single,17877692717919212344,1,99.00793651,99.00793651,0.0,99.00793651,99.00793651,0.0,5.049603175
C-Biochar,600,240,79.42,2.09,5.93,2.88,0.110929237,9.68,0.026,0.075,0.036,1048.2,1.044,3.985,CBZ,30,10.0,5,200,0.025,0.05,25,0.0,0,Synthetic,Single,5543347822095267594,1,111.7063492,111.7063492,0.0,111.7063492,111.7063492,0.0,4.41468254
C-Biochar,600,240,79.42,2.09,5.93,2.88,0.110929237,9.68,0.026,0.075,0.036,1048.2,1.044,3.985,CBZ,30,10.0,9,200,0.025,0.05,25,0.0,0,Synthetic,Single,15643040734785404258,2,107.5396825,107.5396825,0.28059793128706234,107.3412698,107.7380952,0.39682539999999733,4.623015873
C-Biochar,600,240,79.42,2.09,5.93,2.88,0.110929237,9.68,0.026,0.075,0.036,1048.2,1.044,3.985,IBF,30,10.0,7,200,0.025,0.05,15,0.0,0,Synthetic,Single,1981786639708089072,1,80.0,80.0,0.0,80.0,80.0,0.0,6.0
C-Biochar,600,240,79.42,2.09,5.93,2.88,0.110929237,9.68,0.026,0.075,0.036,1048.2,1.044,3.985,IBF,30,10.0,7,200,0.025,0.05,35,0.0,0,Synthetic,Single,2301213766101142728,1,80.0,80.0,0.0,80.0,80.0,0.0,6.0
C-Biochar,600,240,79.42,2.09,5.93,2.88,0.110929237,9.68,0.026,0.075,0.036,1048.2,1.044,3.985,IBF,30,10.0,7,200,0.025,0.05,45,0.0,0,Synthetic,Single,13432844105424177844,1,80.0,80.0,0.0,80.0,80.0,0.0,6.0
C-Biochar,600,240,79.42,2.09,5.93,2.88,0.110929237,9.68,0.026,0.075,0.036,1048.2,1.044,3.985,ATE,30,10.0,7,200,0.025,0.05,15,0.0,0,Synthetic,Single,8832988373718421113,1,52.0,52.0,0.0,52.0,52.0,0.0,7.4
C-Biochar,600,240,79.42,2.09,5.93,2.88,0.110929237,9.68,0.026,0.075,0.036,1048.2,1.044,3.985,ATE,30,10.0,7,200,0.025,0.05,35,0.0,0,Synthetic,Single,11995497615751760497,1,65.33333333,65.33333333,0.0,65.33333333,65.33333333,0.0,6.733333333
C-Biochar,600,240,79.42,2.09,5.93,2.88,0.110929237,9.68,0.026,0.075,0.036,1048.2,1.044,3.985,ATE,30,10.0,7,200,0.025,0.05,45,0.0,0,Synthetic,Single,4566891459070429949,1,69.77777778,69.77777778,0.0,69.77777778,69.77777778,0.0,6.511111111
C-Biochar,600,240,79.42,2.09,5.93,2.88,0.110929237,9.68,0.026,0.075,0.036,1048.2,1.044,3.985,CBZ,30,10.0,7,200,0.025,0.05,15,0.0,0,Synthetic,Single,7003531289417328151,1,75.1984127,75.1984127,0.0,75.1984127,75.1984127,0.0,6.240079365
C-Biochar,600,240,79.42,2.09,5.93,2.88,0.110929237,9.68,0.026,0.075,0.036,1048.2,1.044,3.985,CBZ,30,10.0,7,200,0.025,0.05,35,0.0,0,Synthetic,Single,5153969114014493471,2,106.34920635,106.34920635,0.2805978605763884,106.1507937,106.547619,0.39682530000000327,4.6825396825
C-Biochar,600,240,79.42,2.09,5.93,2.88,0.110929237,9.68,0.026,0.075,0.036,1048.2,1.044,3.985,CBZ,30,10.0,7,200,0.025,0.05,45,0.0,0,Synthetic,Single,9468869826129473579,1,111.7063492,111.7063492,0.0,111.7063492,111.7063492,0.0,4.41468254
C-Biochar,600,240,79.42,2.09,5.93,2.88,0.110929237,9.68,0.026,0.075,0.036,1048.2,1.044,3.985,IBF,30,10.0,7,200,0.025,0.05,25,0.1,0,Synthetic,Single,5694641682026370163,1,53.33333333,53.33333333,0.0,53.33333333,53.33333333,0.0,7.333333333
C-Biochar,600,240,79.42,2.09,5.93,2.88,0.110929237,9.68,0.026,0.075,0.036,1048.2,1.044,3.985,IBF,30,10.0,7,200,0.025,0.05,25,0.2,0,Synthetic,Single,1427241728245223834,1,93.33333333,93.33333333,0.0,93.33333333,93.33333333,0.0,5.333333333
C-Biochar,600,240,79.42,2.09,5.93,2.88,0.110929237,9.68,0.026,0.075,0.036,1048.2,1.044,3.985,IBF,30,10.0,7,200,0.025,0.05,25,0.3,0,Synthetic,Single,6190370585095405739,1,106.6666667,106.6666667,0.0,106.6666667,106.6666667,0.0,4.666666667
C-Biochar,600,240,79.42,2.09,5.93,2.88,0.110929237,9.68,0.026,0.075,0.036,1048.2,1.044,3.985,IBF,30,10.0,7,200,0.025,0.05,25,0.4,0,Synthetic,Single,18275886418431496465,2,86.66666666500001,86.66666666500001,9.428090413463613,80.0,93.33333333,13.333333330000002,5.666666666499999
C-Biochar,600,240,79.42,2.09,5.93,2.88,0.110929237,9.68,0.026,0.075,0.036,1048.2,1.044,3.985,IBF,30,10.0,7,200,0.025,0.05,25,0.5,0,Synthetic,Single,11883562998057694807,1,80.0,80.0,0.0,80.0,80.0,0.0,6.0
C-Biochar,600,240,79.42,2.09,5.93,2.88,0.110929237,9.68,0.026,0.075,0.036,1048.2,1.044,3.985,ATE,30,10.0,7,200,0.025,0.05,25,0.1,0,Synthetic,Single,2739195672437475990,1,25.33333333,25.33333333,0.0,25.33333333,25.33333333,0.0,8.733333333
C-Biochar,600,240,79.42,2.09,5.93,2.88,0.110929237,9.68,0.026,0.075,0.036,1048.2,1.044,3.985,ATE,30,10.0,7,200,0.025,0.05,25,0.2,0,Synthetic,Single,4889261279964453815,1,34.22222222,34.22222222,0.0,34.22222222,34.22222222,0.0,8.288888889
C-Biochar,600,240,79.42,2.09,5.93,2.88,0.110929237,9.68,0.026,0.075,0.036,1048.2,1.044,3.985,ATE,30,10.0,7,200,0.025,0.05,25,0.3,0,Synthetic,Single,15766900261523129982,1,29.77777778,29.77777778,0.0,29.77777778,29.77777778,0.0,8.511111111
C-Biochar,600,240,79.42,2.09,5.93,2.88,0.110929237,9.68,0.026,0.075,0.036,1048.2,1.044,3.985,ATE,30,10.0,7,200,0.025,0.05,25,0.4,0,Synthetic,Single,2251970015060094952,1,43.11111111,43.11111111,0.0,43.11111111,43.11111111,0.0,7.844444444
C-Biochar,600,240,79.42,2.09,5.93,2.88,0.110929237,9.68,0.026,0.075,0.036,1048.2,1.044,3.985,ATE,30,10.0,7,200,0.025,0.05,25,0.5,0,Synthetic,Single,3372112137638680762,1,25.33333333,25.33333333,0.0,25.33333333,25.33333333,0.0,8.733333333
C-Biochar,600,240,79.42,2.09,5.93,2.88,0.110929237,9.68,0.026,0.075,0.036,1048.2,1.044,3.985,CBZ,30,10.0,7,200,0.025,0.05,25,0.1,0,Synthetic,Single,13642797632329783324,2,104.29232805000001,104.29232805000001,4.667278886029141,100.9920635,107.5925926,6.600529100000003,4.7853835975
C-Biochar,600,240,79.42,2.09,5.93,2.88,0.110929237,9.68,0.026,0.075,0.036,1048.2,1.044,3.985,CBZ,30,10.0,7,200,0.025,0.05,25,0.2,0,Synthetic,Single,8312523554580501017,2,94.70238094999999,94.70238094999999,5.134942100126873,91.07142857,98.33333333,7.261904760000007,5.264880952
C-Biochar,600,240,79.42,2.09,5.93,2.88,0.110929237,9.68,0.026,0.075,0.036,1048.2,1.044,3.985,CBZ,30,10.0,7,200,0.025,0.05,25,0.3,0,Synthetic,Single,13741302519261384500,2,115.80026455000001,115.80026455000001,4.1060830234550165,112.8968254,118.7037037,5.806878300000008,4.209986772500001
C-Biochar,600,240,79.42,2.09,5.93,2.88,0.110929237,9.68,0.026,0.075,0.036,1048.2,1.044,3.985,CBZ,30,10.0,7,200,0.025,0.05,25,0.4,0,Synthetic,Single,14554286089832423346,2,120.0198413,120.0198413,3.9003112024637847,117.2619048,122.7777778,5.515872999999999,3.9990079365
C-Biochar,600,240,79.42,2.09,5.93,2.88,0.110929237,9.68,0.026,0.075,0.036,1048.2,1.044,3.985,CBZ,30,10.0,7,200,0.025,0.05,25,0.5,0,Synthetic,Single,5438282376099404640,2,106.97751325,106.97751325,4.53633317533376,103.7698413,110.1851852,6.4153439000000105,4.651124339
PAC,600,240,85.02,0.76,3.86,0.32,0.049164902,10.04,0.009,0.036,0.004,957.6,0.676,2.825,IBF,30,10.0,7,200,0.025,0.05,25,0.0,0,Synthetic,Single,2297815242621890584,4,86.66666666500001,77.77777776500001,53.88602511336792,13.33333333,124.4444444,111.11111106999999,5.666666666499999
PAC,600,240,85.02,0.76,3.86,0.32,0.049164902,10.04,0.009,0.036,0.004,957.6,0.676,2.825,IBF,30,20.0,7,200,0.025,0.05,25,0.0,0,Synthetic,Single,17976950169940105300,2,113.33333335,113.33333335,9.428090392250413,106.6666667,120.0,13.333333300000007,14.333333334999999
PAC,600,240,85.02,0.76,3.86,0.32,0.049164902,10.04,0.009,0.036,0.004,957.6,0.676,2.825,IBF,30,30.0,7,200,0.025,0.05,25,0.0,0,Synthetic,Single,8164814042597486158,2,153.33333335,153.33333335,47.1404521026734,120.0,186.6666667,66.66666670000001,22.333333335
PAC,600,240,85.02,0.76,3.86,0.32,0.049164902,10.04,0.009,0.036,0.004,957.6,0.676,2.825,IBF,30,50.0,7,200,0.025,0.05,25,0.0,0,Synthetic,Single,13880830126020097943,2,137.77777774999998,137.77777774999998,6.28539361840384,133.3333333,142.2222222,8.888888900000012,43.111111109999996
PAC,600,240,85.02,0.76,3.86,0.32,0.049164902,10.04,0.009,0.036,0.004,957.6,0.676,2.825,IBF,30,80.0,7,200,0.025,0.05,25,0.0,0,Synthetic,Single,1645622453866976568,2,193.33333335,193.33333335,9.428090392250402,186.6666667,200.0,13.333333299999993,70.33333333499999
PAC,600,240,85.02,0.76,3.86,0.32,0.049164902,10.04,0.009,0.036,0.004,957.6,0.676,2.825,IBF,30,100.0,7,200,0.025,0.05,25,0.0,0,Synthetic,Single,3084970582318850517,2,202.2222222,202.2222222,3.1426967738465827,200.0,204.4444444,4.444444400000009,89.88888889
PAC,600,240,85.02,0.76,3.86,0.32,0.049164902,10.04,0.009,0.036,0.004,957.6,0.676,2.825,ATE,30,10.0,7,200,0.025,0.05,25,0.0,0,Synthetic,Single,3871708175211330081,5,74.22222222,74.222222222,20.367003088510774,43.11111111,96.44444444,53.333333329999995,6.288888889
PAC,600,240,85.02,0.76,3.86,0.32,0.049164902,10.04,0.009,0.036,0.004,957.6,0.676,2.825,ATE,30,20.0,7,200,0.025,0.05,25,0.0,0,Synthetic,Single,9064788324070605109,2,149.03703704999998,149.03703704999998,1.0475656148524188,148.2962963,149.7777778,1.481481500000001,12.54814815
PAC,600,240,85.02,0.76,3.86,0.32,0.049164902,10.04,0.009,0.036,0.004,957.6,0.676,2.825,ATE,30,30.0,7,200,0.025,0.05,25,0.0,0,Synthetic,Single,7422585745775326891,2,186.81481485,186.81481485,4.190262388698981,183.8518519,189.7777778,5.9259258999999815,20.65925926
PAC,600,240,85.02,0.76,3.86,0.32,0.049164902,10.04,0.009,0.036,0.004,957.6,0.676,2.825,ATE,30,50.0,7,200,0.025,0.05,25,0.0,0,Synthetic,Single,13807297029344534322,2,252.0,252.0,12.570787236807659,243.1111111,260.8888889,17.777777799999996,37.4
PAC,600,240,85.02,0.76,3.86,0.32,0.049164902,10.04,0.009,0.036,0.004,957.6,0.676,2.825,ATE,30,80.0,7,200,0.025,0.05,25,0.0,0,Synthetic,Single,4524389091767680065,2,369.77777779999997,369.77777779999997,3.142696773846583,367.5555556,372.0,4.444444400000009,61.51111111
PAC,600,240,85.02,0.76,3.86,0.32,0.049164902,10.04,0.009,0.036,0.004,957.6,0.676,2.825,ATE,30,100.0,7,200,0.025,0.05,25,0.0,0,Synthetic,Single,8326948522611645300,1,385.3333333,385.3333333,0.0,385.3333333,385.3333333,0.0,80.73333333
PAC,600,240,85.02,0.76,3.86,0.32,0.049164902,10.04,0.009,0.036,0.004,957.6,0.676,2.825,CBZ,30,10.0,7,200,0.025,0.05,25,0.0,0,Synthetic,Single,8252210126259319087,5,97.81746032,97.57936508200001,3.5999741097652485,92.65873016,102.1825397,9.523809540000002,5.109126984
PAC,600,240,85.02,0.76,3.86,0.32,0.049164902,10.04,0.009,0.036,0.004,957.6,0.676,2.825,CBZ,30,20.0,7,200,0.025,0.05,25,0.0,0,Synthetic,Single,7621792564541492219,2,140.87301585,140.87301585,12.065710974633095,132.3412698,149.4047619,17.06349210000002,12.956349205
PAC,600,240,85.02,0.76,3.86,0.32,0.049164902,10.04,0.009,0.036,0.004,957.6,0.676,2.825,CBZ,30,30.0,7,200,0.025,0.05,25,0.0,0,Synthetic,Single,16483003438161415621,2,181.87830689999998,181.87830689999998,25.347346223895865,163.9550265,199.8015873,35.84656079999999,20.906084655
PAC,600,240,85.02,0.76,3.86,0.32,0.049164902,10.04,0.009,0.036,0.004,957.6,0.676,2.825,CBZ,30,50.0,7,200,0.025,0.05,25,0.0,0,Synthetic,Single,5529335227407568016,2,220.23809525000001,220.23809525000001,11.504515112058971,212.1031746,228.3730159,16.269841300000024,38.98809524
PAC,600,240,85.02,0.76,3.86,0.32,0.049164902,10.04,0.009,0.036,0.004,957.6,0.676,2.825,CBZ,30,80.0,7,200,0.025,0.05,25,0.0,0,Synthetic,Single,11766539236647436943,2,262.30158730000005,262.30158730000005,4.208968969305965,259.3253968,265.2777778,5.952381000000003,66.884920635
PAC,600,240,85.02,0.76,3.86,0.32,0.049164902,10.04,0.009,0.036,0.004,957.6,0.676,2.825,CBZ,30,100.0,7,200,0.025,0.05,25,0.0,0,Synthetic,Single,17960964911523957886,2,312.3015873,312.3015873,9.259731591051759,305.7539683,318.8492063,13.095237999999995,84.384920635
PAC,600,240,85.02,0.76,3.86,0.32,0.049164902,10.04,0.009,0.036,0.004,957.6,0.676,2.825,IBF,30,10.0,3,200,0.025,0.05,25,0.0,0,Synthetic,Single,3362966868846917119,1,93.33333333,93.33333333,0.0,93.33333333,93.33333333,0.0,5.333333333
PAC,600,240,85.02,0.76,3.86,0.32,0.049164902,10.04,0.009,0.036,0.004,957.6,0.676,2.825,IBF,30,10.0,5,200,0.025,0.05,25,0.0,0,Synthetic,Single,10214953978975615041,1,40.0,40.0,0.0,40.0,40.0,0.0,8.0
PAC,600,240,85.02,0.76,3.86,0.32,0.049164902,10.04,0.009,0.036,0.004,957.6,0.676,2.825,IBF,30,10.0,9,200,0.025,0.05,25,0.0,0,Synthetic,Single,4686674380554140105,1,0.0,0.0,0.0,0.0,0.0,0.0,10.0
PAC,600,240,85.02,0.76,3.86,0.32,0.049164902,10.04,0.009,0.036,0.004,957.6,0.676,2.825,ATE,30,10.0,3,200,0.025,0.05,25,0.0,0,Synthetic,Single,1995009559977092554,1,43.11111111,43.11111111,0.0,43.11111111,43.11111111,0.0,7.844444444
PAC,600,240,85.02,0.76,3.86,0.32,0.049164902,10.04,0.009,0.036,0.004,957.6,0.676,2.825,ATE,30,10.0,5,200,0.025,0.05,25,0.0,0,Synthetic,Single,11231203699119846904,1,65.33333333,65.33333333,0.0,65.33333333,65.33333333,0.0,6.733333333
PAC,600,240,85.02,0.76,3.86,0.32,0.049164902,10.04,0.009,0.036,0.004,957.6,0.676,2.825,ATE,30,10.0,9,200,0.025,0.05,25,0.0,0,Synthetic,Single,5188305640107864880,1,87.55555556,87.55555556,0.0,87.55555556,87.55555556,0.0,5.622222222
PAC,600,240,85.02,0.76,3.86,0.32,0.049164902,10.04,0.009,0.036,0.004,957.6,0.676,2.825,CBZ,30,10.0,3,200,0.025,0.05,25,0.0,0,Synthetic,Single,3952382003531286984,1,90.27777778,90.27777778,0.0,90.27777778,90.27777778,0.0,5.486111111
PAC,600,240,85.02,0.76,3.86,0.32,0.049164902,10.04,0.009,0.036,0.004,957.6,0.676,2.825,CBZ,30,10.0,5,200,0.025,0.05,25,0.0,0,Synthetic,Single,4896586367922840538,1,104.9603175,104.9603175,0.0,104.9603175,104.9603175,0.0,4.751984127
PAC,600,240,85.02,0.76,3.86,0.32,0.049164902,10.04,0.009,0.036,0.004,957.6,0.676,2.825,CBZ,30,10.0,9,200,0.025,0.05,25,0.0,0,Synthetic,Single,11384222668087131602,1,100.1984127,100.1984127,0.0,100.1984127,100.1984127,0.0,4.990079365
PAC,600,240,85.02,0.76,3.86,0.32,0.049164902,10.04,0.009,0.036,0.004,957.6,0.676,2.825,IBF,30,10.0,7,200,0.025,0.05,15,0.0,0,Synthetic,Single,3377592302538614016,1,53.33333333,53.33333333,0.0,53.33333333,53.33333333,0.0,7.333333333
PAC,600,240,85.02,0.76,3.86,0.32,0.049164902,10.04,0.009,0.036,0.004,957.6,0.676,2.825,IBF,30,10.0,7,200,0.025,0.05,35,0.0,0,Synthetic,Single,845630297325434456,1,53.33333333,53.33333333,0.0,53.33333333,53.33333333,0.0,7.333333333
PAC,600,240,85.02,0.76,3.86,0.32,0.049164902,10.04,0.009,0.036,0.004,957.6,0.676,2.825,IBF,30,10.0,7,200,0.025,0.05,45,0.0,0,Synthetic,Single,18390119854474175428,1,53.33333333,53.33333333,0.0,53.33333333,53.33333333,0.0,7.333333333
PAC,600,240,85.02,0.76,3.86,0.32,0.049164902,10.04,0.009,0.036,0.004,957.6,0.676,2.825,ATE,30,10.0,7,200,0.025,0.05,15,0.0,0,Synthetic,Single,14430101410480171177,1,56.44444444,56.44444444,0.0,56.44444444,56.44444444,0.0,7.177777778
PAC,600,240,85.02,0.76,3.86,0.32,0.049164902,10.04,0.009,0.036,0.004,957.6,0.676,2.825,ATE,30,10.0,7,200,0.025,0.05,35,0.0,0,Synthetic,Single,14133551556102765281,1,78.66666667,78.66666667,0.0,78.66666667,78.66666667,0.0,6.066666667
PAC,600,240,85.02,0.76,3.86,0.32,0.049164902,10.04,0.009,0.036,0.004,957.6,0.676,2.825,ATE,30,10.0,7,200,0.025,0.05,45,0.0,0,Synthetic,Single,17470192116320297069,1,87.55555556,87.55555556,0.0,87.55555556,87.55555556,0.0,5.622222222
PAC,600,240,85.02,0.76,3.86,0.32,0.049164902,10.04,0.009,0.036,0.004,957.6,0.676,2.825,CBZ,30,10.0,7,200,0.025,0.05,15,0.0,0,Synthetic,Single,8046438986524366503,1,85.51587302,85.51587302,0.0,85.51587302,85.51587302,0.0,5.724206349
PAC,600,240,85.02,0.76,3.86,0.32,0.049164902,10.04,0.009,0.036,0.004,957.6,0.676,2.825,CBZ,30,10.0,7,200,0.025,0.05,35,0.0,0,Synthetic,Single,12442700924080624495,1,105.7539683,105.7539683,0.0,105.7539683,105.7539683,0.0,4.712301587
PAC,600,240,85.02,0.76,3.86,0.32,0.049164902,10.04,0.009,0.036,0.004,957.6,0.676,2.825,CBZ,30,10.0,7,200,0.025,0.05,45,0.0,0,Synthetic,Single,18023022812445526267,1,115.2777778,115.2777778,0.0,115.2777778,115.2777778,0.0,4.236111111
PAC,600,240,85.02,0.76,3.86,0.32,0.049164902,10.04,0.009,0.036,0.004,957.6,0.676,2.825,IBF,30,10.0,7,200,0.025,0.05,25,0.1,0,Synthetic,Single,15692072845673287555,2,33.333333335,33.333333335,9.42809041346361,26.66666667,40.0,13.333333329999999,8.3333333335
PAC,600,240,85.02,0.76,3.86,0.32,0.049164902,10.04,0.009,0.036,0.004,957.6,0.676,2.825,IBF,30,10.0,7,200,0.025,0.05,25,0.2,0,Synthetic,Single,16526967940655265578,1,66.66666667,66.66666667,0.0,66.66666667,66.66666667,0.0,6.666666667
PAC,600,240,85.02,0.76,3.86,0.32,0.049164902,10.04,0.009,0.036,0.004,957.6,0.676,2.825,IBF,30,10.0,7,200,0.025,0.05,25,0.3,0,Synthetic,Single,4448723687589381179,1,80.0,80.0,0.0,80.0,80.0,0.0,6.0
PAC,600,240,85.02,0.76,3.86,0.32,0.049164902,10.04,0.009,0.036,0.004,957.6,0.676,2.825,IBF,30,10.0,7,200,0.025,0.05,25,0.4,0,Synthetic,Single,470412453618795009,2,60.0,60.0,9.428090420534676,53.33333333,66.66666667,13.333333339999996,7.0
PAC,600,240,85.02,0.76,3.86,0.32,0.049164902,10.04,0.009,0.036,0.004,957.6,0.676,2.825,IBF,30,10.0,7,200,0.025,0.05,25,0.5,0,Synthetic,Single,12604495413700129863,2,60.0,60.0,9.428090420534676,53.33333333,66.66666667,13.333333339999996,7.0
PAC,600,240,85.02,0.76,3.86,0.32,0.049164902,10.04,0.009,0.036,0.004,957.6,0.676,2.825,ATE,30,10.0,7,200,0.025,0.05,25,0.1,0,Synthetic,Single,13494683973241086598,1,29.77777778,29.77777778,0.0,29.77777778,29.77777778,0.0,8.511111111
PAC,600,240,85.02,0.76,3.86,0.32,0.049164902,10.04,0.009,0.036,0.004,957.6,0.676,2.825,ATE,30,10.0,7,200,0.025,0.05,25,0.2,0,Synthetic,Single,3711581686983402663,1,38.66666667,38.66666667,0.0,38.66666667,38.66666667,0.0,8.066666667
PAC,600,240,85.02,0.76,3.86,0.32,0.049164902,10.04,0.009,0.036,0.004,957.6,0.676,2.825,ATE,30,10.0,7,200,0.025,0.05,25,0.3,0,Synthetic,Single,6364795859048062958,1,56.44444444,56.44444444,0.0,56.44444444,56.44444444,0.0,7.177777778
PAC,600,240,85.02,0.76,3.86,0.32,0.049164902,10.04,0.009,0.036,0.004,957.6,0.676,2.825,ATE,30,10.0,7,200,0.025,0.05,25,0.4,0,Synthetic,Single,5612886107461592952,1,47.55555556,47.55555556,0.0,47.55555556,47.55555556,0.0,7.622222222
PAC,600,240,85.02,0.76,3.86,0.32,0.049164902,10.04,0.009,0.036,0.004,957.6,0.676,2.825,ATE,30,10.0,7,200,0.025,0.05,25,0.5,0,Synthetic,Single,11185095956123290698,1,56.44444444,56.44444444,0.0,56.44444444,56.44444444,0.0,7.177777778
PAC,600,240,85.02,0.76,3.86,0.32,0.049164902,10.04,0.009,0.036,0.004,957.6,0.676,2.825,CBZ,30,10.0,7,200,0.025,0.05,25,0.1,0,Synthetic,Single,10081020607862337644,1,92.65873016,92.65873016,0.0,92.65873016,92.65873016,0.0,5.367063492
PAC,600,240,85.02,0.76,3.86,0.32,0.049164902,10.04,0.009,0.036,0.004,957.6,0.676,2.825,CBZ,30,10.0,7,200,0.025,0.05,25,0.2,0,Synthetic,Single,5234732998463637097,1,82.34126984,82.34126984,0.0,82.34126984,82.34126984,0.0,5.882936508
PAC,600,240,85.02,0.76,3.86,0.32,0.049164902,10.04,0.009,0.036,0.004,957.6,0.676,2.825,CBZ,30,10.0,7,200,0.025,0.05,25,0.3,0,Synthetic,Single,4733785294277631876,1,99.4047619,99.4047619,0.0,99.4047619,99.4047619,0.0,5.029761905
PAC,600,240,85.02,0.76,3.86,0.32,0.049164902,10.04,0.009,0.036,0.004,957.6,0.676,2.825,CBZ,30,10.0,7,200,0.025,0.05,25,0.4,0,Synthetic,Single,7970877424709175138,1,109.3253968,109.3253968,0.0,109.3253968,109.3253968,0.0,4.533730159
PAC,600,240,85.02,0.76,3.86,0.32,0.049164902,10.04,0.009,0.036,0.004,957.6,0.676,2.825,CBZ,30,10.0,7,200,0.025,0.05,25,0.5,0,Synthetic,Single,4370339394921718160,1,102.9761905,102.9761905,0.0,102.9761905,102.9761905,0.0,4.851190476
Pristine SCG biochar,800,120,81.2,1.4,2.2,2.6,0.0591133,12.6,0.017,0.027,0.032,4.0,0.006,5.818,CBZ,1440,1.0,7,160,0.02,0.05,25,0.0,0,Synthetic,Single,14911318710194269813,11,1.701705289,1.5047512789090909,0.5048985281329104,0.250822963,2.141347199,1.890524236,0.914914736
Pristine SCG biochar,800,120,81.2,1.4,2.2,2.6,0.0591133,12.6,0.017,0.027,0.032,4.0,0.006,5.818,CBZ,1440,2.0,7,160,0.02,0.05,25,0.0,0,Synthetic,Single,15172950716898765317,3,2.986129606,2.843750774666667,0.39381819799208534,2.398544014,3.146578704,0.7480346899999999,1.85069352
Pristine SCG biochar,800,120,81.2,1.4,2.2,2.6,0.0591133,12.6,0.017,0.027,0.032,4.0,0.006,5.818,CBZ,1440,3.0,7,160,0.02,0.05,25,0.0,0,Synthetic,Single,8923281706793618176,3,4.550341014,4.432363802666667,0.6014276223055521,3.780689599,4.966060795,1.1853711959999997,2.772482949
Pristine SCG biochar,800,120,81.2,1.4,2.2,2.6,0.0591133,12.6,0.017,0.027,0.032,4.0,0.006,5.818,CBZ,1440,5.0,7,160,0.02,0.05,25,0.0,0,Synthetic,Single,12751024084289299502,3,6.269938692,5.965393862,0.6002307792913841,5.273940287,6.352302607,1.07836232,4.686503065
Pristine SCG biochar,800,120,81.2,1.4,2.2,2.6,0.0591133,12.6,0.017,0.027,0.032,4.0,0.006,5.818,CBZ,1440,7.0,7,160,0.02,0.05,25,0.0,0,Synthetic,Single,17356668411832435303,3,9.205189907,8.766098196666666,0.8378905928218928,7.799920238,9.293184445,1.4932642069999993,6.539740505
Pristine SCG biochar,800,120,81.2,1.4,2.2,2.6,0.0591133,12.6,0.017,0.027,0.032,4.0,0.006,5.818,CBZ,1440,10.0,7,160,0.02,0.05,25,0.0,0,Synthetic,Single,17022930429267591015,3,15.24912634,14.967748403333333,0.6901922639320293,14.18131552,15.47280335,1.2914878299999994,9.237543683
Pristine SCG biochar,800,120,81.2,1.4,2.2,2.6,0.0591133,12.6,0.017,0.027,0.032,4.0,0.006,5.818,IBF,1440,1.0,7,160,0.02,0.05,25,0.0,0,Synthetic,Single,9944425905992210418,11,1.354533944,1.3618299907272728,0.573727057163676,0.609891931,2.295010614,1.6851186830000002,0.932273303
Pristine SCG biochar,800,120,81.2,1.4,2.2,2.6,0.0591133,12.6,0.017,0.027,0.032,4.0,0.006,5.818,IBF,1440,2.0,7,160,0.02,0.05,25,0.0,0,Synthetic,Single,6817732348770230722,3,2.224219221,2.204146322666667,0.045734188547235155,2.151808277,2.23641147,0.08460319299999997,1.888789039
Pristine SCG biochar,800,120,81.2,1.4,2.2,2.6,0.0591133,12.6,0.017,0.027,0.032,4.0,0.006,5.818,IBF,1440,3.0,7,160,0.02,0.05,25,0.0,0,Synthetic,Single,12470637973073326627,3,4.747439987,4.7383377179999995,0.10480528519147099,4.629278166,4.838295001,0.2090168349999999,2.762628001
Pristine SCG biochar,800,120,81.2,1.4,2.2,2.6,0.0591133,12.6,0.017,0.027,0.032,4.0,0.006,5.818,IBF,1440,5.0,7,160,0.02,0.05,25,0.0,0,Synthetic,Single,273233521355252905,3,4.810588973,4.865434134333333,0.1064646778766161,4.797574325,4.988139105,0.19056477999999988,4.759470551
Pristine SCG biochar,800,120,81.2,1.4,2.2,2.6,0.0591133,12.6,0.017,0.027,0.032,4.0,0.006,5.818,IBF,1440,7.0,7,160,0.02,0.05,25,0.0,0,Synthetic,Single,13537361827154125388,3,9.639270701,9.651066389333332,0.23339345013851315,9.423794448,9.890134019,0.4663395709999989,6.518036465
Pristine SCG biochar,800,120,81.2,1.4,2.2,2.6,0.0591133,12.6,0.017,0.027,0.032,4.0,0.006,5.818,IBF,1440,10.0,7,160,0.02,0.05,25,0.0,0,Synthetic,Single,4733252306193672524,3,12.47772539,12.464439273333333,0.2750733764588113,12.18296359,12.73262884,0.5496652500000003,9.37611373
Pristine SCG biochar,800,120,81.2,1.4,2.2,2.6,0.0591133,12.6,0.017,0.027,0.032,4.0,0.006,5.818,EE2,1440,1.0,7,160,0.02,0.05,25,0.0,0,Synthetic,Single,16052808257232937034,12,3.1254963815,2.7816899006666667,0.9009350213319961,1.198269973,3.526127127,2.327857154,0.8437251809999999
Pristine SCG biochar,800,120,81.2,1.4,2.2,2.6,0.0591133,12.6,0.017,0.027,0.032,4.0,0.006,5.818,EE2,1440,2.0,7,160,0.02,0.05,25,0.0,0,Synthetic,Single,16913324282636799098,3,4.098432077,4.136549087,0.1950672181640629,3.96335375,4.347861434,0.38450768400000035,1.795078396
Pristine SCG biochar,800,120,81.2,1.4,2.2,2.6,0.0591133,12.6,0.017,0.027,0.032,4.0,0.006,5.818,EE2,1440,3.0,7,160,0.02,0.05,25,0.0,0,Synthetic,Single,3735963963119871307,3,5.971601588,5.815939566666667,0.4806262376092559,5.276775074,6.199442038,0.9226669640000003,2.701419921
Pristine SCG biochar,800,120,81.2,1.4,2.2,2.6,0.0591133,12.6,0.017,0.027,0.032,4.0,0.006,5.818,EE2,1440,5.0,7,160,0.02,0.05,25,0.0,0,Synthetic,Single,16049071684720273553,3,11.87269702,11.391973819999999,1.118799644968101,10.11315589,12.19006855,2.0769126599999996,4.406365149
Pristine SCG biochar,800,120,81.2,1.4,2.2,2.6,0.0591133,12.6,0.017,0.027,0.032,4.0,0.006,5.818,EE2,1440,7.0,7,160,0.02,0.05,25,0.0,0,Synthetic,Single,226352991503636996,3,15.33118162,14.71302225,1.3310717637286662,13.18527063,15.6226145,2.4373438699999994,6.233440919
Pristine SCG biochar,800,120,81.2,1.4,2.2,2.6,0.0591133,12.6,0.017,0.027,0.032,4.0,0.006,5.818,EE2,1440,10.0,7,160,0.02,0.05,25,0.0,0,Synthetic,Single,5943568599215469316,3,35.17442406,32.43620896,7.710749861719169,23.7300518,38.40415102,14.674099220000002,8.241278797
Pristine SCG biochar,800,120,81.2,1.4,2.2,2.6,0.0591133,12.6,0.017,0.027,0.032,4.0,0.006,5.818,CBZ,1440,1.0,7,160,0.02,0.05,25,0.0,0,Synthetic,Competative,6666141799625721275,12,1.836464532,1.9110385698333336,0.2962025895975249,1.503021529,2.329974509,0.82695298,0.908176773
Pristine SCG biochar,800,120,81.2,1.4,2.2,2.6,0.0591133,12.6,0.017,0.027,0.032,4.0,0.006,5.818,CBZ,1440,2.0,7,160,0.02,0.05,25,0.0,0,Synthetic,Competative,6622726109694478891,3,4.458676677,4.444854557333333,0.04603278471799057,4.393494324,4.482392671,0.08889834700000065,1.777066166
Pristine SCG biochar,800,120,81.2,1.4,2.2,2.6,0.0591133,12.6,0.017,0.027,0.032,4.0,0.006,5.818,CBZ,1440,3.0,7,160,0.02,0.05,25,0.0,0,Synthetic,Competative,3172057053019983738,3,8.136218698,6.195014455,3.451026158379474,2.21054835,8.238276317,6.027727967000001,2.593189065
Pristine SCG biochar,800,120,81.2,1.4,2.2,2.6,0.0591133,12.6,0.017,0.027,0.032,4.0,0.006,5.818,CBZ,1440,5.0,7,160,0.02,0.05,25,0.0,0,Synthetic,Competative,3607375108955822964,3,12.91099699,12.57180734,0.6535094651668342,11.81844252,12.98598251,1.1675399899999999,4.35445015
Pristine SCG biochar,800,120,81.2,1.4,2.2,2.6,0.0591133,12.6,0.017,0.027,0.032,4.0,0.006,5.818,CBZ,1440,7.0,7,160,0.02,0.05,25,0.0,0,Synthetic,Competative,6097695069554408769,3,16.55261964,15.848912579999999,1.436375848593131,14.19637736,16.79774074,2.6013633799999987,6.172369018
Pristine SCG biochar,800,120,81.2,1.4,2.2,2.6,0.0591133,12.6,0.017,0.027,0.032,4.0,0.006,5.818,CBZ,1440,10.0,7,160,0.02,0.05,25,0.0,0,Synthetic,Competative,5041461343230810689,3,18.07785321,19.736765723333335,3.161184162310147,17.75035759,23.38208637,5.6317287799999995,9.096107339
Pristine SCG biochar,800,120,81.2,1.4,2.2,2.6,0.0591133,12.6,0.017,0.027,0.032,4.0,0.006,5.818,IBF,1440,1.0,7,160,0.02,0.05,25,0.0,0,Synthetic,Competative,1464976994540711640,12,1.371876463,1.4477179485,0.2211037148333829,1.216063501,1.854752198,0.6386886969999999,0.9314061764999999
Pristine SCG biochar,800,120,81.2,1.4,2.2,2.6,0.0591133,12.6,0.017,0.027,0.032,4.0,0.006,5.818,IBF,1440,2.0,7,160,0.02,0.05,25,0.0,0,Synthetic,Competative,5695756172950845704,3,4.287896788,4.249811126000001,0.06912919779344837,4.170015042,4.291521548,0.12150650600000024,1.785605161
Pristine SCG biochar,800,120,81.2,1.4,2.2,2.6,0.0591133,12.6,0.017,0.027,0.032,4.0,0.006,5.818,IBF,1440,3.0,7,160,0.02,0.05,25,0.0,0,Synthetic,Competative,5243697189417312221,3,6.555091085,6.59863416,0.2650373668941513,6.358064686,6.882746709,0.5246820230000004,2.672245446
Pristine SCG biochar,800,120,81.2,1.4,2.2,2.6,0.0591133,12.6,0.017,0.027,0.032,4.0,0.006,5.818,IBF,1440,5.0,7,160,0.02,0.05,25,0.0,0,Synthetic,Competative,13872967388878897199,3,7.544942567,7.564258403666667,0.06539414368485469,7.510697908,7.637134736,0.1264368280000001,4.622752872
Pristine SCG biochar,800,120,81.2,1.4,2.2,2.6,0.0591133,12.6,0.017,0.027,0.032,4.0,0.006,5.818,IBF,1440,7.0,7,160,0.02,0.05,25,0.0,0,Synthetic,Competative,8788554188202958118,3,10.62496706,10.832678526666667,0.3979659426554098,10.58154292,11.2915256,0.7099826799999995,6.468751647
Pristine SCG biochar,800,120,81.2,1.4,2.2,2.6,0.0591133,12.6,0.017,0.027,0.032,4.0,0.006,5.818,IBF,1440,10.0,7,160,0.02,0.05,25,0.0,0,Synthetic,Competative,3170997665547060262,3,22.99723886,22.845426006666667,0.6017177226842491,22.18234085,23.35669831,1.1743574599999995,8.850138057
Pristine SCG biochar,800,120,81.2,1.4,2.2,2.6,0.0591133,12.6,0.017,0.027,0.032,4.0,0.006,5.818,EE2,1440,1.0,7,160,0.02,0.05,25,0.0,0,Synthetic,Competative,10743316533365414960,12,3.037106719,3.2512765905833336,0.8201427375964963,2.094068136,4.396287011,2.302218875,0.848144664
Pristine SCG biochar,800,120,81.2,1.4,2.2,2.6,0.0591133,12.6,0.017,0.027,0.032,4.0,0.006,5.818,EE2,1440,2.0,7,160,0.02,0.05,25,0.0,0,Synthetic,Competative,14171708123433314304,3,7.321453978,7.322243632666667,0.0047494347108565415,7.317938517,7.327338403,0.009399885999999746,1.633927301
Pristine SCG biochar,800,120,81.2,1.4,2.2,2.6,0.0591133,12.6,0.017,0.027,0.032,4.0,0.006,5.818,EE2,1440,3.0,7,160,0.02,0.05,25,0.0,0,Synthetic,Competative,1490316425837309541,3,10.6934781,10.574171153333333,0.2963154631998108,10.23679976,10.7922356,0.5554358399999995,2.465326095
Pristine SCG biochar,800,120,81.2,1.4,2.2,2.6,0.0591133,12.6,0.017,0.027,0.032,4.0,0.006,5.818,EE2,1440,5.0,7,160,0.02,0.05,25,0.0,0,Synthetic,Competative,14742928933519509783,3,9.840775197,9.723266270000002,0.30285250209316855,9.379269143,9.94975447,0.5704853270000001,4.50796124
Pristine SCG biochar,800,120,81.2,1.4,2.2,2.6,0.0591133,12.6,0.017,0.027,0.032,4.0,0.006,5.818,EE2,1440,7.0,7,160,0.02,0.05,25,0.0,0,Synthetic,Competative,8903882434599420702,3,14.60307758,9.001056708666667,9.882966565484775,-2.410183094,14.81027564,17.220458734,6.269846121
Pristine SCG biochar,800,120,81.2,1.4,2.2,2.6,0.0591133,12.6,0.017,0.027,0.032,4.0,0.006,5.818,EE2,1440,10.0,7,160,0.02,0.05,25,0.0,0,Synthetic,Competative,3328137634557139998,3,23.02853808,32.89480094,18.64030519188108,21.26129057,54.39457417,33.1332836,8.848573096
Pristine SCG biochar,800,120,81.2,1.4,2.2,2.6,0.0591133,12.6,0.017,0.027,0.032,4.0,0.006,5.818,CBZ,30,1.0,7,160,0.02,0.05,25,0.0,0,Synthetic,Single,756346644715971971,2,1.136038085,1.136038085,0.006372451968907427,1.131532081,1.140544089,0.009012008000000016,0.9431980959999999
Pristine SCG biochar,800,120,81.2,1.4,2.2,2.6,0.0591133,12.6,0.017,0.027,0.032,4.0,0.006,5.818,CBZ,60,1.0,7,160,0.02,0.05,25,0.0,0,Synthetic,Single,11332821892422755296,2,1.279360301,1.279360301,0.20906067362547354,1.131532081,1.427188521,0.2956564399999999,0.9360319850000001
Pristine SCG biochar,800,120,81.2,1.4,2.2,2.6,0.0591133,12.6,0.017,0.027,0.032,4.0,0.006,5.818,CBZ,180,1.0,7,160,0.02,0.05,25,0.0,0,Synthetic,Single,4926417256999546223,2,1.3857911035,1.3857911035,0.16966699470578117,1.265818421,1.505763786,0.23994536499999986,0.930710445
Pristine SCG biochar,800,120,81.2,1.4,2.2,2.6,0.0591133,12.6,0.017,0.027,0.032,4.0,0.006,5.818,CBZ,360,1.0,7,160,0.02,0.05,25,0.0,0,Synthetic,Single,15961279181779596814,2,1.4825667515,1.4825667515,0.00850097843767414,1.476555652,1.488577851,0.012022199000000011,0.925871662
Pristine SCG biochar,800,120,81.2,1.4,2.2,2.6,0.0591133,12.6,0.017,0.027,0.032,4.0,0.006,5.818,CBZ,540,1.0,7,160,0.02,0.05,25,0.0,0,Synthetic,Single,6444973719997526114,2,1.685762593,1.685762593,0.01875353673987965,1.67250184,1.699023346,0.026521505999999917,0.9157118705
Pristine SCG biochar,800,120,81.2,1.4,2.2,2.6,0.0591133,12.6,0.017,0.027,0.032,4.0,0.006,5.818,CBZ,720,1.0,7,160,0.02,0.05,25,0.0,0,Synthetic,Single,14117925423551221353,2,1.70572533,1.70572533,0.08222675633577438,1.647582233,1.763868427,0.11628619399999995,0.9147137335
Pristine SCG biochar,800,120,81.2,1.4,2.2,2.6,0.0591133,12.6,0.017,0.027,0.032,4.0,0.006,5.818,CBZ,960,1.0,7,160,0.02,0.05,25,0.0,0,Synthetic,Single,11263204037931154853,2,1.723144655,1.723144655,0.014879055441025945,1.712623574,1.733665736,0.021042162000000086,0.913842767
Pristine SCG biochar,800,120,81.2,1.4,2.2,2.6,0.0591133,12.6,0.017,0.027,0.032,4.0,0.006,5.818,IBF,30,1.0,7,160,0.02,0.05,25,0.0,0,Synthetic,Single,14818519241606028332,2,1.8789777195,1.8789777195,0.46325558206403444,1.551406556,2.206548883,0.6551423269999999,0.906051114
Pristine SCG biochar,800,120,81.2,1.4,2.2,2.6,0.0591133,12.6,0.017,0.027,0.032,4.0,0.006,5.818,IBF,60,1.0,7,160,0.02,0.05,25,0.0,0,Synthetic,Single,4024643699089491103,2,1.9913584165000002,1.9913584165000002,0.171742310682157,1.869918264,2.112798569,0.24288030500000013,0.9004320795
Pristine SCG biochar,800,120,81.2,1.4,2.2,2.6,0.0591133,12.6,0.017,0.027,0.032,4.0,0.006,5.818,IBF,180,1.0,7,160,0.02,0.05,25,0.0,0,Synthetic,Single,16281823845909795408,2,2.1007705555,2.1007705555,0.1882371744146588,1.967666773,2.233874338,0.2662075650000002,0.8949614720000001
Pristine SCG biochar,800,120,81.2,1.4,2.2,2.6,0.0591133,12.6,0.017,0.027,0.032,4.0,0.006,5.818,IBF,360,1.0,7,160,0.02,0.05,25,0.0,0,Synthetic,Single,929678609892177337,2,2.1016965585,2.1016965585,0.17322680075908514,1.979206713,2.224186404,0.24497969100000017,0.894915172
Pristine SCG biochar,800,120,81.2,1.4,2.2,2.6,0.0591133,12.6,0.017,0.027,0.032,4.0,0.006,5.818,IBF,540,1.0,7,160,0.02,0.05,25,0.0,0,Synthetic,Single,8555258989136366725,2,2.1480034100000003,2.1480034100000003,0.3570388698243798,1.895538804,2.400468016,0.504929212,0.8925998294999999
Pristine SCG biochar,800,120,81.2,1.4,2.2,2.6,0.0591133,12.6,0.017,0.027,0.032,4.0,0.006,5.818,IBF,720,1.0,7,160,0.02,0.05,25,0.0,0,Synthetic,Single,17163293974637512094,2,2.171664967,2.171664967,0.16196547543755727,2.057138081,2.286191853,0.22905377199999988,0.8914167515
Pristine SCG biochar,800,120,81.2,1.4,2.2,2.6,0.0591133,12.6,0.017,0.027,0.032,4.0,0.006,5.818,IBF,960,1.0,7,160,0.02,0.05,25,0.0,0,Synthetic,Single,1719341260972599938,2,2.263175489,2.263175489,0.04309277298807429,2.232704297,2.293646681,0.06094238399999963,0.8868412255
Pristine SCG biochar,800,120,81.2,1.4,2.2,2.6,0.0591133,12.6,0.017,0.027,0.032,4.0,0.006,5.818,EE2,30,1.0,7,160,0.02,0.05,25,0.0,0,Synthetic,Single,5490575014487290340,3,0.762551484,0.7389505423333333,0.1699540750318216,0.558429491,0.895870652,0.3374411610000001,0.961872426
Pristine SCG biochar,800,120,81.2,1.4,2.2,2.6,0.0591133,12.6,0.017,0.027,0.032,4.0,0.006,5.818,EE2,60,1.0,7,160,0.02,0.05,25,0.0,0,Synthetic,Single,8376366651586821495,3,0.807416155,0.7783290293333334,0.14651679995621952,0.619450346,0.908120587,0.28867024099999994,0.959629192
Pristine SCG biochar,800,120,81.2,1.4,2.2,2.6,0.0591133,12.6,0.017,0.027,0.032,4.0,0.006,5.818,EE2,180,1.0,7,160,0.02,0.05,25,0.0,0,Synthetic,Single,17776044586851409288,3,0.980075673,0.9442547613333333,0.19057302964728873,0.738313121,1.11437549,0.376062369,0.950996216
Pristine SCG biochar,800,120,81.2,1.4,2.2,2.6,0.0591133,12.6,0.017,0.027,0.032,4.0,0.006,5.818,EE2,360,1.0,7,160,0.02,0.05,25,0.0,0,Synthetic,Single,171073794159675185,3,0.897562271,0.8834817926666666,0.09911609925353547,0.778078419,0.974804688,0.196726269,0.955121886
Pristine SCG biochar,800,120,81.2,1.4,2.2,2.6,0.0591133,12.6,0.017,0.027,0.032,4.0,0.006,5.818,EE2,540,1.0,7,160,0.02,0.05,25,0.0,0,Synthetic,Single,2108073335184034877,3,0.834514742,0.9612635656666666,0.25296703874217996,0.796727086,1.252548869,0.455821783,0.958274263
Pristine SCG biochar,800,120,81.2,1.4,2.2,2.6,0.0591133,12.6,0.017,0.027,0.032,4.0,0.006,5.818,EE2,720,1.0,7,160,0.02,0.05,25,0.0,0,Synthetic,Single,17248244078605365750,3,1.315947797,1.2442950773333334,0.17093473905872864,1.049195051,1.367742384,0.31854733299999993,0.93420261
Pristine SCG biochar,800,120,81.2,1.4,2.2,2.6,0.0591133,12.6,0.017,0.027,0.032,4.0,0.006,5.818,EE2,960,1.0,7,160,0.02,0.05,25,0.0,0,Synthetic,Single,4080628655074361530,3,1.443660924,1.302662733,0.2771666098034208,0.983344502,1.480982773,0.497638271,0.927816954
Pristine SCG biochar,800,120,81.2,1.4,2.2,2.6,0.0591133,12.6,0.017,0.027,0.032,4.0,0.006,5.818,CBZ,30,1.0,7,160,0.02,0.05,25,0.0,0,Synthetic,Competative,218479712443237629,3,1.26494183,1.2699184853333332,0.08768192952807081,1.184830872,1.359982754,0.17515188199999998,0.936752909
Pristine SCG biochar,800,120,81.2,1.4,2.2,2.6,0.0591133,12.6,0.017,0.027,0.032,4.0,0.006,5.818,CBZ,60,1.0,7,160,0.02,0.05,25,0.0,0,Synthetic,Competative,16410578991526358170,3,1.271343873,1.1630460276666668,0.34170061015574776,0.780319885,1.437474325,0.6571544399999999,0.936432806
Pristine SCG biochar,800,120,81.2,1.4,2.2,2.6,0.0591133,12.6,0.017,0.027,0.032,4.0,0.006,5.818,CBZ,180,1.0,7,160,0.02,0.05,25,0.0,0,Synthetic,Competative,12151806082136265193,3,1.447547849,1.4202603026666667,0.07303875518945828,1.337506457,1.475726602,0.13822014500000002,0.927622608
Pristine SCG biochar,800,120,81.2,1.4,2.2,2.6,0.0591133,12.6,0.017,0.027,0.032,4.0,0.006,5.818,CBZ,360,1.0,7,160,0.02,0.05,25,0.0,0,Synthetic,Competative,6120790585774403988,3,1.436929297,1.4319725263333334,0.05777807683724273,1.37187575,1.487112532,0.11523678199999998,0.928153535
Pristine SCG biochar,800,120,81.2,1.4,2.2,2.6,0.0591133,12.6,0.017,0.027,0.032,4.0,0.006,5.818,CBZ,540,1.0,7,160,0.02,0.05,25,0.0,0,Synthetic,Competative,1220702087704620008,3,1.636501681,1.7315353743333333,0.17288259493221306,1.627016569,1.931087873,0.30407130400000004,0.918174916
Pristine SCG biochar,800,120,81.2,1.4,2.2,2.6,0.0591133,12.6,0.017,0.027,0.032,4.0,0.006,5.818,CBZ,720,1.0,7,160,0.02,0.05,25,0.0,0,Synthetic,Competative,11004071310869450479,3,1.505220472,1.5735920906666667,0.16563036182455418,1.453093033,1.762462767,0.3093697339999999,0.924738976
Pristine SCG biochar,800,120,81.2,1.4,2.2,2.6,0.0591133,12.6,0.017,0.027,0.032,4.0,0.006,5.818,CBZ,960,1.0,7,160,0.02,0.05,25,0.0,0,Synthetic,Competative,2803428163462501515,3,1.842985885,1.7589684423333332,0.18235976069657475,1.549744637,1.884174805,0.3344301679999999,0.907850706
Pristine SCG biochar,800,120,81.2,1.4,2.2,2.6,0.0591133,12.6,0.017,0.027,0.032,4.0,0.006,5.818,EE2,30,1.0,7,160,0.02,0.05,25,0.0,0,Synthetic,Competative,13006279155902419390,3,1.276378086,0.24064926633333336,1.878007014063995,-1.927172629,1.372742342,3.2999149709999998,0.936181096
Pristine SCG biochar,800,120,81.2,1.4,2.2,2.6,0.0591133,12.6,0.017,0.027,0.032,4.0,0.006,5.818,EE2,60,1.0,7,160,0.02,0.05,25,0.0,0,Synthetic,Competative,8151556881255310897,3,1.526185364,1.3821650363333333,0.3100912075181183,1.026253189,1.594056556,0.567803367,0.923690732
Pristine SCG biochar,800,120,81.2,1.4,2.2,2.6,0.0591133,12.6,0.017,0.027,0.032,4.0,0.006,5.818,EE2,180,1.0,7,160,0.02,0.05,25,0.0,0,Synthetic,Competative,3844729615975385922,3,2.476812165,2.2198981636666666,0.5257069700987955,1.615138512,2.567743814,0.952605302,0.876159392
Pristine SCG biochar,800,120,81.2,1.4,2.2,2.6,0.0591133,12.6,0.017,0.027,0.032,4.0,0.006,5.818,EE2,360,1.0,7,160,0.02,0.05,25,0.0,0,Synthetic,Competative,7095824398396669559,3,2.104814243,2.0680961723333335,0.2466612466032582,1.805134177,2.294340097,0.48920592000000007,0.894759288
Pristine SCG biochar,800,120,81.2,1.4,2.2,2.6,0.0591133,12.6,0.017,0.027,0.032,4.0,0.006,5.818,EE2,540,1.0,7,160,0.02,0.05,25,0.0,0,Synthetic,Competative,18303282617219983299,3,2.463478787,2.412209800333333,0.3738695447488244,2.015351581,2.757799033,0.742447452,0.876826061
Pristine SCG biochar,800,120,81.2,1.4,2.2,2.6,0.0591133,12.6,0.017,0.027,0.032,4.0,0.006,5.818,EE2,720,1.0,7,160,0.02,0.05,25,0.0,0,Synthetic,Competative,18123424210867096956,3,2.415591119,2.4588909586666667,0.12153939272482712,2.364930901,2.596150856,0.2312199549999998,0.879220444
Pristine SCG biochar,800,120,81.2,1.4,2.2,2.6,0.0591133,12.6,0.017,0.027,0.032,4.0,0.006,5.818,EE2,960,1.0,7,160,0.02,0.05,25,0.0,0,Synthetic,Competative,11124837022988165440,3,2.219448203,2.3339718796666666,0.3766935487123559,2.027831358,2.754636078,0.7268047200000001,0.88902759
Pristine SCG biochar,800,120,81.2,1.4,2.2,2.6,0.0591133,12.6,0.017,0.027,0.032,4.0,0.006,5.818,IBF,30,1.0,7,160,0.02,0.05,25,0.0,0,Synthetic,Competative,12237954017561421126,3,0.705589659,0.6318854583333334,0.3162795241527355,0.285261659,0.904805057,0.619543398,0.964720517
Pristine SCG biochar,800,120,81.2,1.4,2.2,2.6,0.0591133,12.6,0.017,0.027,0.032,4.0,0.006,5.818,IBF,60,1.0,7,160,0.02,0.05,25,0.0,0,Synthetic,Competative,15992473889545316537,3,0.731734702,0.716395277,0.07094032539170272,0.639040155,0.778410974,0.13937081900000003,0.963413265
Pristine SCG biochar,800,120,81.2,1.4,2.2,2.6,0.0591133,12.6,0.017,0.027,0.032,4.0,0.006,5.818,IBF,180,1.0,7,160,0.02,0.05,25,0.0,0,Synthetic,Competative,18438421662723363370,3,0.809070389,0.8036176053333334,0.07969957858660486,0.721331656,0.880450771,0.15911911499999998,0.959546481
Pristine SCG biochar,800,120,81.2,1.4,2.2,2.6,0.0591133,12.6,0.017,0.027,0.032,4.0,0.006,5.818,IBF,360,1.0,7,160,0.02,0.05,25,0.0,0,Synthetic,Competative,8630554630461256095,3,0.819939864,0.8391245559999999,0.044165104977791816,0.807796037,0.889637767,0.08184172999999995,0.959003007
Pristine SCG biochar,800,120,81.2,1.4,2.2,2.6,0.0591133,12.6,0.017,0.027,0.032,4.0,0.006,5.818,IBF,540,1.0,7,160,0.02,0.05,25,0.0,0,Synthetic,Competative,8298542245752811947,3,1.210041562,1.1490781073333334,0.14192672178182045,0.986855015,1.250337745,0.26348273,0.939497922
Pristine SCG biochar,800,120,81.2,1.4,2.2,2.6,0.0591133,12.6,0.017,0.027,0.032,4.0,0.006,5.818,IBF,720,1.0,7,160,0.02,0.05,25,0.0,0,Synthetic,Competative,7866667715872317828,3,1.218395649,1.1952601873333333,0.0627818353471807,1.124193535,1.243191378,0.11899784299999983,0.939080218
Pristine SCG biochar,800,120,81.2,1.4,2.2,2.6,0.0591133,12.6,0.017,0.027,0.032,4.0,0.006,5.818,IBF,960,1.0,7,160,0.02,0.05,25,0.0,0,Synthetic,Competative,11951154590216446408,3,1.243916009,1.2677844316666667,0.062201101655019776,1.221052632,1.338384654,0.11733202200000004,0.9378042
Pristine SCG biochar,800,120,81.2,1.4,2.2,2.6,0.0591133,12.6,0.017,0.027,0.032,4.0,0.006,5.818,CBZ,1440,1.0,3,160,0.02,0.05,25,0.0,0,Synthetic,Single,8412694732156882734,3,2.210378515,2.1357390623333337,0.18552298152698307,1.924521404,2.272317268,0.34779586400000007,0.889481074
Pristine SCG biochar,800,120,81.2,1.4,2.2,2.6,0.0591133,12.6,0.017,0.027,0.032,4.0,0.006,5.818,CBZ,1440,1.0,11,160,0.02,0.05,25,0.0,0,Synthetic,Single,4146691656961448715,3,2.441242652,2.387371307,0.10120040745519888,2.270630673,2.450240596,0.17960992300000012,0.877937867
Pristine SCG biochar,800,120,81.2,1.4,2.2,2.6,0.0591133,12.6,0.017,0.027,0.032,4.0,0.006,5.818,EE2,1440,1.0,3,160,0.02,0.05,25,0.0,0,Synthetic,Single,16426178679819484241,3,3.811016307,3.777495049,0.16869028745516895,3.594560845,3.926907995,0.3323471499999999,0.809449185
Pristine SCG biochar,800,120,81.2,1.4,2.2,2.6,0.0591133,12.6,0.017,0.027,0.032,4.0,0.006,5.818,EE2,1440,1.0,11,160,0.02,0.05,25,0.0,0,Synthetic,Single,11683797466154951360,3,0.397691052,0.37724710100000003,0.04317391611517598,0.327648474,0.406401777,0.078753303,0.980115447
Pristine SCG biochar,800,120,81.2,1.4,2.2,2.6,0.0591133,12.6,0.017,0.027,0.032,4.0,0.006,5.818,IBF,1440,1.0,3,160,0.02,0.05,25,0.0,0,Synthetic,Single,10273969113473806313,3,4.019974347,3.888676171333333,0.36976953644911237,3.471174697,4.17487947,0.7037047729999997,0.799001283
Pristine SCG biochar,800,120,81.2,1.4,2.2,2.6,0.0591133,12.6,0.017,0.027,0.032,4.0,0.006,5.818,IBF,1440,1.0,11,160,0.02,0.05,25,0.0,0,Synthetic,Single,3777436004150854088,3,1.311147312,1.3255682809999998,0.1312626497878166,1.202111593,1.463445938,0.2613343450000001,0.934442634
Pristine SCG biochar,800,120,81.2,1.4,2.2,2.6,0.0591133,12.6,0.017,0.027,0.032,4.0,0.006,5.818,CBZ,1440,1.0,3,160,0.02,0.05,25,0.0,0,Synthetic,Competative,3871291834956015220,3,2.466631976,2.5206401483333334,0.10478028971888963,2.453882584,2.641405885,0.18752330100000014,0.876668401
Pristine SCG biochar,800,120,81.2,1.4,2.2,2.6,0.0591133,12.6,0.017,0.027,0.032,4.0,0.006,5.818,CBZ,1440,1.0,11,160,0.02,0.05,25,0.0,0,Synthetic,Competative,7683251488601931557,3,2.51517399,2.503431059,0.020788175680513065,2.479428793,2.515690394,0.03626160100000009,0.8742413
Pristine SCG biochar,800,120,81.2,1.4,2.2,2.6,0.0591133,12.6,0.017,0.027,0.032,4.0,0.006,5.818,EE2,1440,1.0,3,160,0.02,0.05,25,0.0,0,Synthetic,Competative,6368835899477449943,3,3.825815849,3.6515441606666665,0.32203601175915925,3.27992769,3.848888943,0.5689612529999999,0.808709208
Pristine SCG biochar,800,120,81.2,1.4,2.2,2.6,0.0591133,12.6,0.017,0.027,0.032,4.0,0.006,5.818,EE2,1440,1.0,11,160,0.02,0.05,25,0.0,0,Synthetic,Competative,13367766883870558010,3,2.098521746,2.0759860876666667,0.3114514876788015,1.753878851,2.375557666,0.6216788150000001,0.895073913
Pristine SCG biochar,800,120,81.2,1.4,2.2,2.6,0.0591133,12.6,0.017,0.027,0.032,4.0,0.006,5.818,IBF,1440,1.0,3,160,0.02,0.05,25,0.0,0,Synthetic,Competative,17743971709699853167,3,4.435812795,4.3599901973333335,0.16826352053692092,4.167156942,4.477000855,0.3098439129999999,0.77820936
Pristine SCG biochar,800,120,81.2,1.4,2.2,2.6,0.0591133,12.6,0.017,0.027,0.032,4.0,0.006,5.818,IBF,1440,1.0,11,160,0.02,0.05,25,0.0,0,Synthetic,Competative,8084509985462848130,3,1.139628019,1.0300355073333334,0.2756163271266093,0.716479767,1.233998736,0.5175189689999999,0.943018599
Pristine SCG biochar,800,120,81.2,1.4,2.2,2.6,0.0591133,12.6,0.017,0.027,0.032,4.0,0.006,5.818,CBZ,1440,1.0,7,160,0.02,0.05,25,0.025,0,Synthetic,Single,481849111985806454,3,1.836921822,1.8565876676666668,0.03858484991213999,1.831797888,1.901043293,0.06924540499999998,0.908153909
Pristine SCG biochar,800,120,81.2,1.4,2.2,2.6,0.0591133,12.6,0.017,0.027,0.032,4.0,0.006,5.818,CBZ,1440,1.0,7,160,0.02,0.05,25,0.05,0,Synthetic,Single,16050492626156019165,3,1.907728698,1.829309175,0.15598421247550148,1.649675561,1.930523266,0.280847705,0.904613565
Pristine SCG biochar,800,120,81.2,1.4,2.2,2.6,0.0591133,12.6,0.017,0.027,0.032,4.0,0.006,5.818,CBZ,1440,1.0,7,160,0.02,0.05,25,0.075,0,Synthetic,Single,8357402017867544718,3,2.018807037,1.922088437,0.23580261181341233,1.653304533,2.094153741,0.44084920799999994,0.899059648
Pristine SCG biochar,800,120,81.2,1.4,2.2,2.6,0.0591133,12.6,0.017,0.027,0.032,4.0,0.006,5.818,CBZ,1440,1.0,7,160,0.02,0.05,25,0.1,0,Synthetic,Single,7305893485603059794,3,2.107992991,1.8570638199999998,0.4887227139503838,1.293848387,2.169350082,0.8755016949999999,0.89460035
Pristine SCG biochar,800,120,81.2,1.4,2.2,2.6,0.0591133,12.6,0.017,0.027,0.032,4.0,0.006,5.818,CBZ,1440,1.0,7,160,0.02,0.05,25,0.125,0,Synthetic,Single,9224422275890222124,3,2.10120638,2.182408596333333,0.1416492280480381,2.100049736,2.345969673,0.24591993700000003,0.894939681
Pristine SCG biochar,800,120,81.2,1.4,2.2,2.6,0.0591133,12.6,0.017,0.027,0.032,4.0,0.006,5.818,EE2,1440,1.0,7,160,0.02,0.05,25,0.025,0,Synthetic,Single,11497660485619926441,3,3.466415946,3.521390664666667,0.15182841410568845,3.404707283,3.693048765,0.28834148199999987,0.826679203
Pristine SCG biochar,800,120,81.2,1.4,2.2,2.6,0.0591133,12.6,0.017,0.027,0.032,4.0,0.006,5.818,EE2,1440,1.0,7,160,0.02,0.05,25,0.05,0,Synthetic,Single,13257390274117832786,3,3.516127617,3.4853307426666666,0.05968755128160213,3.416535038,3.523329573,0.10679453499999969,0.824193619
Pristine SCG biochar,800,120,81.2,1.4,2.2,2.6,0.0591133,12.6,0.017,0.027,0.032,4.0,0.006,5.818,EE2,1440,1.0,7,160,0.02,0.05,25,0.075,0,Synthetic,Single,9668824926012497761,3,3.50500188,3.4600142073333333,0.16379592360191006,3.278425473,3.596615269,0.31818979599999997,0.824749906
Pristine SCG biochar,800,120,81.2,1.4,2.2,2.6,0.0591133,12.6,0.017,0.027,0.032,4.0,0.006,5.818,EE2,1440,1.0,7,160,0.02,0.05,25,0.1,0,Synthetic,Single,11566620391226430941,3,3.538354018,3.510981572,0.11457940879140814,3.385194935,3.609395763,0.2242008280000003,0.823082299
Pristine SCG biochar,800,120,81.2,1.4,2.2,2.6,0.0591133,12.6,0.017,0.027,0.032,4.0,0.006,5.818,EE2,1440,1.0,7,160,0.02,0.05,25,0.125,0,Synthetic,Single,15224233587441362775,3,3.672019556,3.6724666750000003,0.08134729208814132,3.591343864,3.754036605,0.16269274099999986,0.816399022
Pristine SCG biochar,800,120,81.2,1.4,2.2,2.6,0.0591133,12.6,0.017,0.027,0.032,4.0,0.006,5.818,IBF,1440,1.0,7,160,0.02,0.05,25,0.025,0,Synthetic,Single,4700898519002577649,3,1.737827826,1.7778310833333333,0.08221331992321033,1.72327512,1.872390304,0.149115184,0.913108609
Pristine SCG biochar,800,120,81.2,1.4,2.2,2.6,0.0591133,12.6,0.017,0.027,0.032,4.0,0.006,5.818,IBF,1440,1.0,7,160,0.02,0.05,25,0.05,0,Synthetic,Single,2580999763399047658,3,1.690389367,1.6742241426666666,0.12853931738162505,1.538366845,1.793916216,0.25554937099999986,0.915480532
Pristine SCG biochar,800,120,81.2,1.4,2.2,2.6,0.0591133,12.6,0.017,0.027,0.032,4.0,0.006,5.818,IBF,1440,1.0,7,160,0.02,0.05,25,0.075,0,Synthetic,Single,5798363041341444377,3,1.740238594,1.7155756139999998,0.0903652579252685,1.615439324,1.791048924,0.17560960000000003,0.91298807
Pristine SCG biochar,800,120,81.2,1.4,2.2,2.6,0.0591133,12.6,0.017,0.027,0.032,4.0,0.006,5.818,IBF,1440,1.0,7,160,0.02,0.05,25,0.1,0,Synthetic,Single,16640142614009434005,3,1.844734555,1.8190277103333334,0.14873640422182913,1.659113462,1.953235114,0.29412165199999984,0.907763272
Pristine SCG biochar,800,120,81.2,1.4,2.2,2.6,0.0591133,12.6,0.017,0.027,0.032,4.0,0.006,5.818,IBF,1440,1.0,7,160,0.02,0.05,25,0.125,0,Synthetic,Single,8006265885768032399,3,1.76433826,1.7705026703333333,0.18317200466582031,1.590490683,1.956679068,0.36618838499999984,0.911783087
Pristine SCG biochar,800,120,81.2,1.4,2.2,2.6,0.0591133,12.6,0.017,0.027,0.032,4.0,0.006,5.818,CBZ,1440,1.0,7,160,0.02,0.05,25,0.025,0,Synthetic,Competative,11072481646475640060,3,1.750160734,1.7473807133333334,0.08704330636103123,1.658980699,1.833000707,0.17402000800000006,0.912491963
Pristine SCG biochar,800,120,81.2,1.4,2.2,2.6,0.0591133,12.6,0.017,0.027,0.032,4.0,0.006,5.818,CBZ,1440,1.0,7,160,0.02,0.05,25,0.05,0,Synthetic,Competative,1268458492521082915,3,2.117915654,2.084558193,0.11533163287932206,1.956224434,2.179534491,0.22331005700000017,0.894104217
Pristine SCG biochar,800,120,81.2,1.4,2.2,2.6,0.0591133,12.6,0.017,0.027,0.032,4.0,0.006,5.818,CBZ,1440,1.0,7,160,0.02,0.05,25,0.075,0,Synthetic,Competative,11303549779879360788,3,2.077442641,2.101378713666667,0.09345500915243334,2.022219712,2.204473788,0.182254076,0.896127868
Pristine SCG biochar,800,120,81.2,1.4,2.2,2.6,0.0591133,12.6,0.017,0.027,0.032,4.0,0.006,5.818,CBZ,1440,1.0,7,160,0.02,0.05,25,0.1,0,Synthetic,Competative,18034623346368764024,3,1.944088109,1.921426755,0.10311066106917229,1.808870312,2.011321844,0.20245153199999977,0.902795595
Pristine SCG biochar,800,120,81.2,1.4,2.2,2.6,0.0591133,12.6,0.017,0.027,0.032,4.0,0.006,5.818,CBZ,1440,1.0,7,160,0.02,0.05,25,0.125,0,Synthetic,Competative,14024147433647365446,3,1.936604367,1.944586467,0.1617260552900583,1.786999265,2.110155769,0.32315650399999996,0.903169782
Pristine SCG biochar,800,120,81.2,1.4,2.2,2.6,0.0591133,12.6,0.017,0.027,0.032,4.0,0.006,5.818,EE2,1440,1.0,7,160,0.02,0.05,25,0.025,0,Synthetic,Competative,12580475818902798639,3,2.946698373,2.8819405526666664,0.29684330846879886,2.558064184,3.141059101,0.5829949170000002,0.852665081
Pristine SCG biochar,800,120,81.2,1.4,2.2,2.6,0.0591133,12.6,0.017,0.027,0.032,4.0,0.006,5.818,EE2,1440,1.0,7,160,0.02,0.05,25,0.05,0,Synthetic,Competative,5167056066190340216,3,3.126435764,3.0528682036666663,0.15393732298274238,2.875950345,3.156218502,0.2802681570000001,0.843678212
Pristine SCG biochar,800,120,81.2,1.4,2.2,2.6,0.0591133,12.6,0.017,0.027,0.032,4.0,0.006,5.818,EE2,1440,1.0,7,160,0.02,0.05,25,0.075,0,Synthetic,Competative,358042751749756487,3,3.001925468,3.055047783333334,0.13018309774166045,2.959825717,3.203392165,0.2435664479999997,0.849903727
Pristine SCG biochar,800,120,81.2,1.4,2.2,2.6,0.0591133,12.6,0.017,0.027,0.032,4.0,0.006,5.818,EE2,1440,1.0,7,160,0.02,0.05,25,0.1,0,Synthetic,Competative,6689010159124441123,3,3.020195289,2.626472644666667,0.8332565605500859,1.669313121,3.189909524,1.5205964029999999,0.848990236
Pristine SCG biochar,800,120,81.2,1.4,2.2,2.6,0.0591133,12.6,0.017,0.027,0.032,4.0,0.006,5.818,EE2,1440,1.0,7,160,0.02,0.05,25,0.125,0,Synthetic,Competative,10378666519608773585,3,3.085682407,2.8092311113333337,0.5027120199128486,2.228964305,3.113046622,0.8840823170000003,0.84571588
Pristine SCG biochar,800,120,81.2,1.4,2.2,2.6,0.0591133,12.6,0.017,0.027,0.032,4.0,0.006,5.818,IBF,1440,1.0,7,160,0.02,0.05,25,0.025,0,Synthetic,Competative,15094630872516047415,3,1.603517309,1.634150882,0.07008305569455976,1.584599935,1.714335402,0.12973546699999994,0.919824135
Pristine SCG biochar,800,120,81.2,1.4,2.2,2.6,0.0591133,12.6,0.017,0.027,0.032,4.0,0.006,5.818,IBF,1440,1.0,7,160,0.02,0.05,25,0.05,0,Synthetic,Competative,9111157463278467600,3,1.71436806,1.733984868,0.04166762180295914,1.705746244,1.7818403,0.07609405600000008,0.914281597
Pristine SCG biochar,800,120,81.2,1.4,2.2,2.6,0.0591133,12.6,0.017,0.027,0.032,4.0,0.006,5.818,IBF,1440,1.0,7,160,0.02,0.05,25,0.075,0,Synthetic,Competative,10497405928076219967,3,1.647459177,1.6350326586666668,0.13341156783081684,1.495842587,1.761796212,0.26595362499999986,0.917627041
Pristine SCG biochar,800,120,81.2,1.4,2.2,2.6,0.0591133,12.6,0.017,0.027,0.032,4.0,0.006,5.818,IBF,1440,1.0,7,160,0.02,0.05,25,0.1,0,Synthetic,Competative,16723935950174777371,3,1.683930438,1.6655301546666668,0.04201488536043422,1.617454278,1.695205748,0.07775146999999993,0.915803478
Pristine SCG biochar,800,120,81.2,1.4,2.2,2.6,0.0591133,12.6,0.017,0.027,0.032,4.0,0.006,5.818,IBF,1440,1.0,7,160,0.02,0.05,25,0.125,0,Synthetic,Competative,11524248769740049993,3,1.717731875,1.7548971260000001,0.07888479577387468,1.70145983,1.845499673,0.14403984300000006,0.914113406
Alkali-modified SCG biochars,800,120,79.7,1.0,1.8,2.1,0.048933501,15.4,0.013,0.023,0.026,427.5,0.331,3.113,CBZ,1440,1.0,7,160,0.02,0.05,25,0.0,0,Synthetic,Single,8874093562518707494,11,19.56382081,19.165664415454543,0.8923408031663939,17.15964368,19.9911617,2.8315180200000007,0.02180896
Alkali-modified SCG biochars,800,120,79.7,1.0,1.8,2.1,0.048933501,15.4,0.013,0.023,0.026,427.5,0.331,3.113,CBZ,1440,2.0,7,160,0.02,0.05,25,0.0,0,Synthetic,Single,13519162570024896310,3,36.18776233,35.89240002666667,0.565289905452,35.24061223,36.24882552,1.0082132899999934,0.190611883
Alkali-modified SCG biochars,800,120,79.7,1.0,1.8,2.1,0.048933501,15.4,0.013,0.023,0.026,427.5,0.331,3.113,CBZ,1440,3.0,7,160,0.02,0.05,25,0.0,0,Synthetic,Single,3567363772643946095,3,51.33385079,51.33610624666667,0.06314356365197181,51.27412063,51.40034732,0.12622669000000286,0.43330746
Alkali-modified SCG biochars,800,120,79.7,1.0,1.8,2.1,0.048933501,15.4,0.013,0.023,0.026,427.5,0.331,3.113,CBZ,1440,5.0,7,160,0.02,0.05,25,0.0,0,Synthetic,Single,13180783479481409373,3,66.12512427,65.99649308000001,1.1675364351130684,64.76996759,67.09438738,2.3244197900000074,1.693743787
Alkali-modified SCG biochars,800,120,79.7,1.0,1.8,2.1,0.048933501,15.4,0.013,0.023,0.026,427.5,0.331,3.113,CBZ,1440,7.0,7,160,0.02,0.05,25,0.0,0,Synthetic,Single,1466547227564275352,3,77.26876041,76.76481829,2.51696667557886,74.03400617,78.99168829,4.957682120000001,3.136561979
Alkali-modified SCG biochars,800,120,79.7,1.0,1.8,2.1,0.048933501,15.4,0.013,0.023,0.026,427.5,0.331,3.113,CBZ,1440,10.0,7,160,0.02,0.05,25,0.0,0,Synthetic,Single,10482184503991161240,3,88.23101812,87.75729027,1.1589739467216644,86.43649505,88.60435764,2.1678625899999986,5.588449094
Alkali-modified SCG biochars,800,120,79.7,1.0,1.8,2.1,0.048933501,15.4,0.013,0.023,0.026,427.5,0.331,3.113,IBF,1440,1.0,7,160,0.02,0.05,25,0.0,0,Synthetic,Single,9097176519545948481,12,19.269505154999997,18.819615590833333,1.1768370243587774,16.17991533,19.96206222,3.78214689,0.036524742
Alkali-modified SCG biochars,800,120,79.7,1.0,1.8,2.1,0.048933501,15.4,0.013,0.023,0.026,427.5,0.331,3.113,IBF,1440,2.0,7,160,0.02,0.05,25,0.0,0,Synthetic,Single,1489291946431679761,3,39.79444576,39.80643159666667,0.028721267385892448,39.78564456,39.83920447,0.053559909999997046,0.010277712
Alkali-modified SCG biochars,800,120,79.7,1.0,1.8,2.1,0.048933501,15.4,0.013,0.023,0.026,427.5,0.331,3.113,IBF,1440,3.0,7,160,0.02,0.05,25,0.0,0,Synthetic,Single,11565670498454589908,3,57.52148546,57.37533450666667,0.3075020664271871,57.0220137,57.58250436,0.5604906599999993,0.123925727
Alkali-modified SCG biochars,800,120,79.7,1.0,1.8,2.1,0.048933501,15.4,0.013,0.023,0.026,427.5,0.331,3.113,IBF,1440,5.0,7,160,0.02,0.05,25,0.0,0,Synthetic,Single,11705504930960712186,3,69.99697489,70.54916803666667,2.2634621137333606,68.61289647,73.03763275,4.424736280000005,1.500151255
Alkali-modified SCG biochars,800,120,79.7,1.0,1.8,2.1,0.048933501,15.4,0.013,0.023,0.026,427.5,0.331,3.113,IBF,1440,7.0,7,160,0.02,0.05,25,0.0,0,Synthetic,Single,2563352624076585179,3,81.57340321,78.19234515333333,5.980343773539658,71.28733183,81.71630042,10.428968589999997,2.92132984
Alkali-modified SCG biochars,800,120,79.7,1.0,1.8,2.1,0.048933501,15.4,0.013,0.023,0.026,427.5,0.331,3.113,IBF,1440,10.0,7,160,0.02,0.05,25,0.0,0,Synthetic,Single,15286308235396931035,3,93.99339589,93.15269330333332,1.523651643254187,91.39389937,94.07078465,2.6768852799999934,5.300330205
Alkali-modified SCG biochars,800,120,79.7,1.0,1.8,2.1,0.048933501,15.4,0.013,0.023,0.026,427.5,0.331,3.113,EE2,1440,1.0,7,160,0.02,0.05,25,0.0,0,Synthetic,Single,14137992850604888425,9,18.69852819,18.18962778777778,1.4446235369207885,15.46614064,19.78624114,4.320100500000001,0.065073591
Alkali-modified SCG biochars,800,120,79.7,1.0,1.8,2.1,0.048933501,15.4,0.013,0.023,0.026,427.5,0.331,3.113,EE2,1440,2.0,7,160,0.02,0.05,25,0.0,0,Synthetic,Single,3099453566957061241,3,30.74200187,30.881804746666663,2.2513077242086985,28.7036564,33.19975597,4.496099569999998,0.462899906
Alkali-modified SCG biochars,800,120,79.7,1.0,1.8,2.1,0.048933501,15.4,0.013,0.023,0.026,427.5,0.331,3.113,EE2,1440,3.0,7,160,0.02,0.05,25,0.0,0,Synthetic,Single,7247950363722653228,3,40.3225119,40.991068453333334,2.4499287119496858,38.94481637,43.70587709,4.761060720000003,0.983874405
Alkali-modified SCG biochars,800,120,79.7,1.0,1.8,2.1,0.048933501,15.4,0.013,0.023,0.026,427.5,0.331,3.113,EE2,1440,5.0,7,160,0.02,0.05,25,0.0,0,Synthetic,Single,2578680852540600114,3,55.64188392,54.81403451666667,2.0831113173840325,52.44425916,56.35596047,3.911701309999998,2.217905804
Alkali-modified SCG biochars,800,120,79.7,1.0,1.8,2.1,0.048933501,15.4,0.013,0.023,0.026,427.5,0.331,3.113,EE2,1440,7.0,7,160,0.02,0.05,25,0.0,0,Synthetic,Single,13069340977486022339,3,63.90069549,63.775420613333324,2.6224996741785476,61.09252857,66.33303778,5.240509209999999,3.804965226
Alkali-modified SCG biochars,800,120,79.7,1.0,1.8,2.1,0.048933501,15.4,0.013,0.023,0.026,427.5,0.331,3.113,EE2,1440,10.0,7,160,0.02,0.05,25,0.0,0,Synthetic,Single,3625776065687735235,3,77.21534957,76.92621303666667,0.8061766213120433,76.01534144,77.5479481,1.532606659999999,6.139232521
Alkali-modified SCG biochars,800,120,79.7,1.0,1.8,2.1,0.048933501,15.4,0.013,0.023,0.026,427.5,0.331,3.113,CBZ,1440,1.0,7,160,0.02,0.05,25,0.0,0,Synthetic,Competative,10691418364509233740,12,17.35354809,16.671387663333334,2.020159898986999,13.24724723,18.50172859,5.25448136,0.1323225955
Alkali-modified SCG biochars,800,120,79.7,1.0,1.8,2.1,0.048933501,15.4,0.013,0.023,0.026,427.5,0.331,3.113,CBZ,1440,2.0,7,160,0.02,0.05,25,0.0,0,Synthetic,Competative,8241638206402773692,3,19.3298461,19.343992973333332,1.288382462854473,18.0627422,20.63939062,2.5766484200000015,1.033507695
Alkali-modified SCG biochars,800,120,79.7,1.0,1.8,2.1,0.048933501,15.4,0.013,0.023,0.026,427.5,0.331,3.113,CBZ,1440,3.0,7,160,0.02,0.05,25,0.0,0,Synthetic,Competative,1184333014513324777,3,19.28257097,19.335617073333335,0.7036075183713146,18.66003392,20.06424633,1.4042124099999995,2.035871451
Alkali-modified SCG biochars,800,120,79.7,1.0,1.8,2.1,0.048933501,15.4,0.013,0.023,0.026,427.5,0.331,3.113,CBZ,1440,5.0,7,160,0.02,0.05,25,0.0,0,Synthetic,Competative,2710841480198608547,3,22.92217306,22.323474309999998,1.0961095858958974,21.05839926,22.98985061,1.9314513499999997,3.853891347
Alkali-modified SCG biochars,800,120,79.7,1.0,1.8,2.1,0.048933501,15.4,0.013,0.023,0.026,427.5,0.331,3.113,CBZ,1440,7.0,7,160,0.02,0.05,25,0.0,0,Synthetic,Competative,11657933435705302962,3,25.61556679,25.98296437333333,0.7818123994885989,25.4525239,26.88080243,1.42827853,5.719221661
Alkali-modified SCG biochars,800,120,79.7,1.0,1.8,2.1,0.048933501,15.4,0.013,0.023,0.026,427.5,0.331,3.113,CBZ,1440,10.0,7,160,0.02,0.05,25,0.0,0,Synthetic,Competative,7842270102361143986,3,30.17379589,29.874093586666664,0.56189067694111,29.22589012,30.22259475,0.99670463,8.491310206
Alkali-modified SCG biochars,800,120,79.7,1.0,1.8,2.1,0.048933501,15.4,0.013,0.023,0.026,427.5,0.331,3.113,IBF,1440,1.0,7,160,0.02,0.05,25,0.0,0,Synthetic,Competative,6181113834059337319,12,12.364358755000001,13.8943865975,3.7658857949938715,10.33315012,19.88889575,9.555745629999999,0.381782062
Alkali-modified SCG biochars,800,120,79.7,1.0,1.8,2.1,0.048933501,15.4,0.013,0.023,0.026,427.5,0.331,3.113,IBF,1440,2.0,7,160,0.02,0.05,25,0.0,0,Synthetic,Competative,12535940876125186199,3,35.7147007,35.261014276666664,1.6180390354159588,33.46456067,36.60378146,3.139220790000003,0.214264965
Alkali-modified SCG biochars,800,120,79.7,1.0,1.8,2.1,0.048933501,15.4,0.013,0.023,0.026,427.5,0.331,3.113,IBF,1440,3.0,7,160,0.02,0.05,25,0.0,0,Synthetic,Competative,13774846184107381070,3,35.33466497,38.732290406666664,7.244611845795056,33.810944,47.05126225,13.240318250000001,1.233266752
Alkali-modified SCG biochars,800,120,79.7,1.0,1.8,2.1,0.048933501,15.4,0.013,0.023,0.026,427.5,0.331,3.113,IBF,1440,5.0,7,160,0.02,0.05,25,0.0,0,Synthetic,Competative,16465382337475592832,3,48.78032765,46.34509422333333,8.04508774633208,37.36373708,52.89121794,15.527480859999997,2.560983618
Alkali-modified SCG biochars,800,120,79.7,1.0,1.8,2.1,0.048933501,15.4,0.013,0.023,0.026,427.5,0.331,3.113,IBF,1440,7.0,7,160,0.02,0.05,25,0.0,0,Synthetic,Competative,3333735626161020245,3,57.14505841,57.37788147333333,3.1673883974167905,54.33332886,60.65525715,6.321928289999995,4.142747079
Alkali-modified SCG biochars,800,120,79.7,1.0,1.8,2.1,0.048933501,15.4,0.013,0.023,0.026,427.5,0.331,3.113,IBF,1440,10.0,7,160,0.02,0.05,25,0.0,0,Synthetic,Competative,7750022648225972821,3,60.63724319,61.78605702666667,2.862036822537006,59.67691688,65.04401101,5.367094130000005,6.968137841
Alkali-modified SCG biochars,800,120,79.7,1.0,1.8,2.1,0.048933501,15.4,0.013,0.023,0.026,427.5,0.331,3.113,EE2,1440,1.0,7,160,0.02,0.05,25,0.0,0,Synthetic,Competative,6954273839202685423,12,18.11747838,17.2416796025,2.8738391385049695,12.65633048,19.90051617,7.24418569,0.094126081
Alkali-modified SCG biochars,800,120,79.7,1.0,1.8,2.1,0.048933501,15.4,0.013,0.023,0.026,427.5,0.331,3.113,EE2,1440,2.0,7,160,0.02,0.05,25,0.0,0,Synthetic,Competative,4518868808205230175,3,14.35222797,14.32947146,0.42015562213095786,13.89840004,14.73778637,0.83938633,1.282388601
Alkali-modified SCG biochars,800,120,79.7,1.0,1.8,2.1,0.048933501,15.4,0.013,0.023,0.026,427.5,0.331,3.113,EE2,1440,3.0,7,160,0.02,0.05,25,0.0,0,Synthetic,Competative,3442321568192161606,3,17.78139487,17.483824783333333,0.8169556234029597,16.55979428,18.1102852,1.5504909200000014,2.110930257
Alkali-modified SCG biochars,800,120,79.7,1.0,1.8,2.1,0.048933501,15.4,0.013,0.023,0.026,427.5,0.331,3.113,EE2,1440,5.0,7,160,0.02,0.05,25,0.0,0,Synthetic,Competative,10848301345973111576,3,24.53484004,24.81820415,0.9804590204730245,24.01063467,25.90913774,1.8985030699999967,3.773257998
Alkali-modified SCG biochars,800,120,79.7,1.0,1.8,2.1,0.048933501,15.4,0.013,0.023,0.026,427.5,0.331,3.113,EE2,1440,7.0,7,160,0.02,0.05,25,0.0,0,Synthetic,Competative,17279278994493197117,3,25.66064933,25.60964728,0.17993922707350998,25.40971226,25.75858025,0.34886799000000224,5.716967533
Alkali-modified SCG biochars,800,120,79.7,1.0,1.8,2.1,0.048933501,15.4,0.013,0.023,0.026,427.5,0.331,3.113,EE2,1440,10.0,7,160,0.02,0.05,25,0.0,0,Synthetic,Competative,13369693133813731389,3,33.61852272,33.83198749,1.5028589755556119,32.44727437,35.43016538,2.982891009999996,8.319073864
Alkali-modified SCG biochars,800,120,79.7,1.0,1.8,2.1,0.048933501,15.4,0.013,0.023,0.026,427.5,0.331,3.113,CBZ,30,1.0,7,160,0.02,0.05,25,0.0,0,Synthetic,Single,7275707346924174984,3,17.52877656,17.579261843333335,0.15180642822212428,17.45913042,17.74987855,0.2907481299999972,0.123561172
Alkali-modified SCG biochars,800,120,79.7,1.0,1.8,2.1,0.048933501,15.4,0.013,0.023,0.026,427.5,0.331,3.113,CBZ,60,1.0,7,160,0.02,0.05,25,0.0,0,Synthetic,Single,10156592379599036619,3,18.55441995,18.597027766666667,0.09639760790891376,18.52927591,18.70738744,0.17811153000000246,0.072279002
Alkali-modified SCG biochars,800,120,79.7,1.0,1.8,2.1,0.048933501,15.4,0.013,0.023,0.026,427.5,0.331,3.113,CBZ,180,1.0,7,160,0.02,0.05,25,0.0,0,Synthetic,Single,11625030945848269028,3,18.97275,18.996223193333332,0.08878457093993453,18.92153377,19.09438581,0.17285203999999865,0.0513625
Alkali-modified SCG biochars,800,120,79.7,1.0,1.8,2.1,0.048933501,15.4,0.013,0.023,0.026,427.5,0.331,3.113,CBZ,360,1.0,7,160,0.02,0.05,25,0.0,0,Synthetic,Single,5308418285433619053,3,19.36971914,19.339936186666666,0.10825441862415468,19.21990789,19.43018153,0.21027363999999693,0.031514043
Alkali-modified SCG biochars,800,120,79.7,1.0,1.8,2.1,0.048933501,15.4,0.013,0.023,0.026,427.5,0.331,3.113,CBZ,540,1.0,7,160,0.02,0.05,25,0.0,0,Synthetic,Single,4377742985042091809,3,19.33049281,19.29765313333333,0.22276208811998496,19.06029413,19.50217246,0.44187833000000154,0.033475359
Alkali-modified SCG biochars,800,120,79.7,1.0,1.8,2.1,0.048933501,15.4,0.013,0.023,0.026,427.5,0.331,3.113,CBZ,720,1.0,7,160,0.02,0.05,25,0.0,0,Synthetic,Single,17165261834418585786,3,19.39279792,19.360942473333335,0.10716771984431576,19.24145876,19.44857074,0.20711198000000053,0.030360104
Alkali-modified SCG biochars,800,120,79.7,1.0,1.8,2.1,0.048933501,15.4,0.013,0.023,0.026,427.5,0.331,3.113,CBZ,960,1.0,7,160,0.02,0.05,25,0.0,0,Synthetic,Single,1883178398849806838,3,19.35389454,19.310134233333333,0.21714516184955973,19.07444155,19.50206661,0.42762506000000045,0.032305273
Alkali-modified SCG biochars,800,120,79.7,1.0,1.8,2.1,0.048933501,15.4,0.013,0.023,0.026,427.5,0.331,3.113,EE2,30,1.0,7,160,0.02,0.05,25,0.0,0,Synthetic,Single,11056750420768487743,3,14.95357834,14.366311416666667,1.7833627298700514,12.36337377,15.78198214,3.4186083699999994,0.252321083
Alkali-modified SCG biochars,800,120,79.7,1.0,1.8,2.1,0.048933501,15.4,0.013,0.023,0.026,427.5,0.331,3.113,EE2,60,1.0,7,160,0.02,0.05,25,0.0,0,Synthetic,Single,717800057698209228,3,16.56530288,16.526906376666663,1.9507458547791532,14.5572457,18.45817055,3.900924849999999,0.171734856
Alkali-modified SCG biochars,800,120,79.7,1.0,1.8,2.1,0.048933501,15.4,0.013,0.023,0.026,427.5,0.331,3.113,EE2,360,1.0,7,160,0.02,0.05,25,0.0,0,Synthetic,Single,16393338596613869922,2,18.561392775,18.561392775,0.0014990451629113182,18.56033279,18.56245276,0.002119969999998972,0.071930361
Alkali-modified SCG biochars,800,120,79.7,1.0,1.8,2.1,0.048933501,15.4,0.013,0.023,0.026,427.5,0.331,3.113,EE2,720,1.0,7,160,0.02,0.05,25,0.0,0,Synthetic,Single,12527200656577218421,3,18.79031473,18.767605603333333,0.1282572810054557,18.62951055,18.88299153,0.25348098000000263,0.060484264
Alkali-modified SCG biochars,800,120,79.7,1.0,1.8,2.1,0.048933501,15.4,0.013,0.023,0.026,427.5,0.331,3.113,EE2,960,1.0,7,160,0.02,0.05,25,0.0,0,Synthetic,Single,2732671838928315417,3,18.75965517,18.754524959999998,0.07006492117964846,18.68203594,18.82188377,0.13984783000000078,0.062017242
Alkali-modified SCG biochars,800,120,79.7,1.0,1.8,2.1,0.048933501,15.4,0.013,0.023,0.026,427.5,0.331,3.113,EE2,180,1.0,7,160,0.02,0.05,25,0.0,0,Synthetic,Single,15746350423731596595,2,18.218120329999998,18.218120329999998,0.33934639913557246,17.97816619,18.45807447,0.4799082800000001,0.089093983
Alkali-modified SCG biochars,800,120,79.7,1.0,1.8,2.1,0.048933501,15.4,0.013,0.023,0.026,427.5,0.331,3.113,EE2,540,1.0,7,160,0.02,0.05,25,0.0,0,Synthetic,Single,9555868836137843982,2,18.62151101,18.62151101,0.005624822312303989,18.61753366,18.62548836,0.007954699999999093,0.0689244495
Alkali-modified SCG biochars,800,120,79.7,1.0,1.8,2.1,0.048933501,15.4,0.013,0.023,0.026,427.5,0.331,3.113,IBF,30,1.0,7,160,0.02,0.05,25,0.0,0,Synthetic,Single,3899225761780662487,3,15.57340312,15.465198280000001,0.26241912935887396,15.16597837,15.65621335,0.4902349800000003,0.221329844
Alkali-modified SCG biochars,800,120,79.7,1.0,1.8,2.1,0.048933501,15.4,0.013,0.023,0.026,427.5,0.331,3.113,IBF,60,1.0,7,160,0.02,0.05,25,0.0,0,Synthetic,Single,16272450137362706756,3,16.32731349,16.247402473333334,0.1512389433730993,16.07297061,16.34192332,0.26895271000000065,0.183634326
Alkali-modified SCG biochars,800,120,79.7,1.0,1.8,2.1,0.048933501,15.4,0.013,0.023,0.026,427.5,0.331,3.113,IBF,180,1.0,7,160,0.02,0.05,25,0.0,0,Synthetic,Single,13220836485745179883,3,18.07649412,18.070021136666664,0.03449916215476599,18.03274397,18.10082532,0.06808134999999993,0.096175294
Alkali-modified SCG biochars,800,120,79.7,1.0,1.8,2.1,0.048933501,15.4,0.013,0.023,0.026,427.5,0.331,3.113,IBF,360,1.0,7,160,0.02,0.05,25,0.0,0,Synthetic,Single,2953754821836637274,3,18.81215211,18.871924673333332,0.15312913251266697,18.75769655,19.04592536,0.28822880999999967,0.059392394
Alkali-modified SCG biochars,800,120,79.7,1.0,1.8,2.1,0.048933501,15.4,0.013,0.023,0.026,427.5,0.331,3.113,IBF,540,1.0,7,160,0.02,0.05,25,0.0,0,Synthetic,Single,8876425884102751494,3,19.06068597,19.12687066666667,0.3388146005013683,18.82603185,19.49389418,0.667862330000002,0.046965701
Alkali-modified SCG biochars,800,120,79.7,1.0,1.8,2.1,0.048933501,15.4,0.013,0.023,0.026,427.5,0.331,3.113,IBF,720,1.0,7,160,0.02,0.05,25,0.0,0,Synthetic,Single,1574452326010875085,3,19.00355604,18.944939463333334,0.11218511546386353,18.81558832,19.01567403,0.20008570999999975,0.049822198
Alkali-modified SCG biochars,800,120,79.7,1.0,1.8,2.1,0.048933501,15.4,0.013,0.023,0.026,427.5,0.331,3.113,IBF,960,1.0,7,160,0.02,0.05,25,0.0,0,Synthetic,Single,17180338783319267793,3,19.00381792,18.970738796666666,0.07289495251589569,18.88716937,19.0212291,0.1340597300000006,0.049809104
Alkali-modified SCG biochars,800,120,79.7,1.0,1.8,2.1,0.048933501,15.4,0.013,0.023,0.026,427.5,0.331,3.113,CBZ,30,1.0,7,160,0.02,0.05,25,0.0,0,Synthetic,Competative,3245412152268164162,3,9.675951542,9.463863575666666,0.6488782901322997,8.735479608,9.980159577,1.2446799689999999,0.516202423
Alkali-modified SCG biochars,800,120,79.7,1.0,1.8,2.1,0.048933501,15.4,0.013,0.023,0.026,427.5,0.331,3.113,CBZ,60,1.0,7,160,0.02,0.05,25,0.0,0,Synthetic,Competative,6713191676710569189,3,10.11803379,10.550788117666666,1.7074839934092518,9.101318843,12.43301172,3.331692877,0.49409831
Alkali-modified SCG biochars,800,120,79.7,1.0,1.8,2.1,0.048933501,15.4,0.013,0.023,0.026,427.5,0.331,3.113,CBZ,180,1.0,7,160,0.02,0.05,25,0.0,0,Synthetic,Competative,12894457720673491134,3,15.68556043,14.930743413333332,1.39946670025176,13.31592006,15.79074975,2.47482969,0.215721978
Alkali-modified SCG biochars,800,120,79.7,1.0,1.8,2.1,0.048933501,15.4,0.013,0.023,0.026,427.5,0.331,3.113,CBZ,360,1.0,7,160,0.02,0.05,25,0.0,0,Synthetic,Competative,8931620375977256851,3,16.38463557,16.51568242,1.0847709473632778,15.50238795,17.66002374,2.1576357900000005,0.180768222
Alkali-modified SCG biochars,800,120,79.7,1.0,1.8,2.1,0.048933501,15.4,0.013,0.023,0.026,427.5,0.331,3.113,CBZ,540,1.0,7,160,0.02,0.05,25,0.0,0,Synthetic,Competative,16282885341195580935,3,15.72247879,15.216022790000002,1.3001901778941485,13.73881716,16.18677242,2.4479552600000005,0.213876061
Alkali-modified SCG biochars,800,120,79.7,1.0,1.8,2.1,0.048933501,15.4,0.013,0.023,0.026,427.5,0.331,3.113,CBZ,720,1.0,7,160,0.02,0.05,25,0.0,0,Synthetic,Competative,16707520374413369664,3,16.75125243,16.666767269999998,0.9692946991417244,15.65799538,17.591054,1.9330586200000006,0.162437378
Alkali-modified SCG biochars,800,120,79.7,1.0,1.8,2.1,0.048933501,15.4,0.013,0.023,0.026,427.5,0.331,3.113,CBZ,960,1.0,7,160,0.02,0.05,25,0.0,0,Synthetic,Competative,12272487954109681020,3,18.10330234,18.144715176666665,0.16580145121628917,18.00354555,18.32729764,0.3237520900000028,0.094834883
Alkali-modified SCG biochars,800,120,79.7,1.0,1.8,2.1,0.048933501,15.4,0.013,0.023,0.026,427.5,0.331,3.113,EE2,30,1.0,7,160,0.02,0.05,25,0.0,0,Synthetic,Competative,5495061956169528345,3,13.94498036,13.461618743333334,1.6100806754504833,11.66522544,14.77465043,3.109424989999999,0.302750982
Alkali-modified SCG biochars,800,120,79.7,1.0,1.8,2.1,0.048933501,15.4,0.013,0.023,0.026,427.5,0.331,3.113,EE2,60,1.0,7,160,0.02,0.05,25,0.0,0,Synthetic,Competative,6511593190447705510,3,13.07534622,14.028228200000001,2.19595131639198,12.46967186,16.53966652,4.069994660000001,0.346232689
Alkali-modified SCG biochars,800,120,79.7,1.0,1.8,2.1,0.048933501,15.4,0.013,0.023,0.026,427.5,0.331,3.113,EE2,180,1.0,7,160,0.02,0.05,25,0.0,0,Synthetic,Competative,6984963297195200845,3,18.72637648,18.340470443333334,1.4796476677043542,16.70610679,19.58892806,2.882821270000001,0.063681176
Alkali-modified SCG biochars,800,120,79.7,1.0,1.8,2.1,0.048933501,15.4,0.013,0.023,0.026,427.5,0.331,3.113,EE2,360,1.0,7,160,0.02,0.05,25,0.0,0,Synthetic,Competative,7769201706190826728,3,17.07616442,17.513112226666667,1.0265771596255955,16.7772968,18.68587546,1.9085786599999999,0.146191779
Alkali-modified SCG biochars,800,120,79.7,1.0,1.8,2.1,0.048933501,15.4,0.013,0.023,0.026,427.5,0.331,3.113,EE2,540,1.0,7,160,0.02,0.05,25,0.0,0,Synthetic,Competative,17574322416017258644,3,19.29876023,18.982275689999998,0.9881827491381261,17.87462134,19.7734455,1.8988241600000002,0.035061988
Alkali-modified SCG biochars,800,120,79.7,1.0,1.8,2.1,0.048933501,15.4,0.013,0.023,0.026,427.5,0.331,3.113,EE2,720,1.0,7,160,0.02,0.05,25,0.0,0,Synthetic,Competative,2449213475515588283,3,19.5165555,19.195771133333334,0.8458009208295856,18.23650334,19.83425456,1.5977512200000028,0.024172225
Alkali-modified SCG biochars,800,120,79.7,1.0,1.8,2.1,0.048933501,15.4,0.013,0.023,0.026,427.5,0.331,3.113,EE2,960,1.0,7,160,0.02,0.05,25,0.0,0,Synthetic,Competative,1901889965020219711,3,19.88353208,19.717558433333334,0.2896919327352681,19.38305426,19.88608896,0.5030346999999971,0.005823396
Alkali-modified SCG biochars,800,120,79.7,1.0,1.8,2.1,0.048933501,15.4,0.013,0.023,0.026,427.5,0.331,3.113,IBF,30,1.0,7,160,0.02,0.05,25,0.0,0,Synthetic,Competative,1770146112707379281,3,6.946323551,6.837586472333332,0.2197709068390372,6.584644427,6.981791439,0.39714701200000047,0.652683822
Alkali-modified SCG biochars,800,120,79.7,1.0,1.8,2.1,0.048933501,15.4,0.013,0.023,0.026,427.5,0.331,3.113,IBF,60,1.0,7,160,0.02,0.05,25,0.0,0,Synthetic,Competative,10186754778024999518,3,7.330076769,7.5203329519999995,0.9209852215671229,6.709334277,8.52158781,1.8122535329999998,0.633496162
Alkali-modified SCG biochars,800,120,79.7,1.0,1.8,2.1,0.048933501,15.4,0.013,0.023,0.026,427.5,0.331,3.113,IBF,180,1.0,7,160,0.02,0.05,25,0.0,0,Synthetic,Competative,11132021803117001925,3,9.987181625,9.761242361,0.4253315749174336,9.270621388,10.02592407,0.755302682,0.500640919
Alkali-modified SCG biochars,800,120,79.7,1.0,1.8,2.1,0.048933501,15.4,0.013,0.023,0.026,427.5,0.331,3.113,IBF,360,1.0,7,160,0.02,0.05,25,0.0,0,Synthetic,Competative,17568784049951808416,3,10.90080643,10.828436896666666,0.7511666239375031,10.04370468,11.54079958,1.4970949000000005,0.454959679
Alkali-modified SCG biochars,800,120,79.7,1.0,1.8,2.1,0.048933501,15.4,0.013,0.023,0.026,427.5,0.331,3.113,IBF,540,1.0,7,160,0.02,0.05,25,0.0,0,Synthetic,Competative,15248855058584105196,3,11.22961553,11.151210236666666,0.13621305262996802,10.99392519,11.23008999,0.23616479999999918,0.438519223
Alkali-modified SCG biochars,800,120,79.7,1.0,1.8,2.1,0.048933501,15.4,0.013,0.023,0.026,427.5,0.331,3.113,IBF,720,1.0,7,160,0.02,0.05,25,0.0,0,Synthetic,Competative,7946539527667164083,3,10.89022051,10.91128864,0.4746249421757204,10.44754859,11.39609682,0.9485482300000001,0.455488975
Alkali-modified SCG biochars,800,120,79.7,1.0,1.8,2.1,0.048933501,15.4,0.013,0.023,0.026,427.5,0.331,3.113,IBF,960,1.0,7,160,0.02,0.05,25,0.0,0,Synthetic,Competative,10258904995407672663,3,12.05335724,12.081469686666665,0.4308027494092138,11.66541165,12.52564017,0.8602285200000015,0.397332138
Alkali-modified SCG biochars,800,120,79.7,1.0,1.8,2.1,0.048933501,15.4,0.013,0.023,0.026,427.5,0.331,3.113,EE2,1440,1.0,3,160,0.02,0.05,25,0.0,0,Synthetic,Single,15058951190663844978,3,19.91034894,19.729398886666665,0.3223145139138552,19.35726901,19.92057871,0.5633097000000014,0.004482553
Alkali-modified SCG biochars,800,120,79.7,1.0,1.8,2.1,0.048933501,15.4,0.013,0.023,0.026,427.5,0.331,3.113,EE2,1440,1.0,11,160,0.02,0.05,25,0.0,0,Synthetic,Single,5908909458331431679,3,18.60059582,18.935687076666667,0.6073009381582468,18.56975373,19.63671168,1.0669579500000026,0.069970209
Alkali-modified SCG biochars,800,120,79.7,1.0,1.8,2.1,0.048933501,15.4,0.013,0.023,0.026,427.5,0.331,3.113,IBF,1440,1.0,11,160,0.02,0.05,25,0.0,0,Synthetic,Single,8846697663071374487,3,13.73595444,13.915017653333335,0.3254662731293985,13.71840145,14.29069707,0.5722956200000002,0.313202278
Alkali-modified SCG biochars,800,120,79.7,1.0,1.8,2.1,0.048933501,15.4,0.013,0.023,0.026,427.5,0.331,3.113,IBF,1440,1.0,3,160,0.02,0.05,25,0.0,0,Synthetic,Single,12461525289863837754,2,19.95801487,19.95801487,0.010430631124233068,19.9506393,19.96539044,0.014751140000001328,0.0020992565
Alkali-modified SCG biochars,800,120,79.7,1.0,1.8,2.1,0.048933501,15.4,0.013,0.023,0.026,427.5,0.331,3.113,CBZ,1440,1.0,3,160,0.02,0.05,25,0.0,0,Synthetic,Competative,12318706164831193379,3,17.20360703,16.04425299,2.4746941546060905,13.20271063,17.72644131,4.523730679999998,0.139819649
Alkali-modified SCG biochars,800,120,79.7,1.0,1.8,2.1,0.048933501,15.4,0.013,0.023,0.026,427.5,0.331,3.113,CBZ,1440,1.0,11,160,0.02,0.05,25,0.0,0,Synthetic,Competative,10033279995600285430,3,18.06662219,17.56837776,1.712557300486363,15.66194843,18.97656266,3.3146142299999983,0.09666889
Alkali-modified SCG biochars,800,120,79.7,1.0,1.8,2.1,0.048933501,15.4,0.013,0.023,0.026,427.5,0.331,3.113,EE2,1440,1.0,3,160,0.02,0.05,25,0.0,0,Synthetic,Competative,5915602667216130136,3,19.56020561,18.407529706666665,1.9969053329352342,16.10170206,19.56068145,3.4589793899999997,0.021989719
Alkali-modified SCG biochars,800,120,79.7,1.0,1.8,2.1,0.048933501,15.4,0.013,0.023,0.026,427.5,0.331,3.113,EE2,1440,1.0,11,160,0.02,0.05,25,0.0,0,Synthetic,Competative,5520675060689407449,3,17.36105523,18.03737638666667,1.2867013450702456,17.22987444,19.52119949,2.291325050000001,0.131947238
Alkali-modified SCG biochars,800,120,79.7,1.0,1.8,2.1,0.048933501,15.4,0.013,0.023,0.026,427.5,0.331,3.113,IBF,1440,1.0,3,160,0.02,0.05,25,0.0,0,Synthetic,Competative,10046490394613748672,3,18.81411438,17.817291696666665,2.160548130405228,15.33829291,19.2994678,3.961174889999999,0.059294281
Alkali-modified SCG biochars,800,120,79.7,1.0,1.8,2.1,0.048933501,15.4,0.013,0.023,0.026,427.5,0.331,3.113,IBF,1440,1.0,11,160,0.02,0.05,25,0.0,0,Synthetic,Competative,2959221655209890065,3,5.87018892,6.220003114000001,0.6865923772902908,5.778767683,7.011052739,1.2322850560000003,0.706490554
Alkali-modified SCG biochars,800,120,79.7,1.0,1.8,2.1,0.048933501,15.4,0.013,0.023,0.026,427.5,0.331,3.113,CBZ,1440,1.0,7,160,0.02,0.05,25,0.025,0,Synthetic,Single,17377139096905289125,3,19.84133305,19.872840733333334,0.06378949684371443,19.83093567,19.94625348,0.11531781000000052,0.007933348
Alkali-modified SCG biochars,800,120,79.7,1.0,1.8,2.1,0.048933501,15.4,0.013,0.023,0.026,427.5,0.331,3.113,CBZ,1440,1.0,7,160,0.02,0.05,25,0.075,0,Synthetic,Single,5272687121662048829,2,19.60225223,19.60225223,0.45399318538752387,19.28123057,19.92327389,0.6420433199999991,0.0198873885
Alkali-modified SCG biochars,800,120,79.7,1.0,1.8,2.1,0.048933501,15.4,0.013,0.023,0.026,427.5,0.331,3.113,CBZ,1440,1.0,7,160,0.02,0.05,25,0.05,0,Synthetic,Single,4110917234554053486,2,19.76538781,19.76538781,0.08549032707416909,19.70493702,19.8258386,0.12090158000000173,0.0117306095
Alkali-modified SCG biochars,800,120,79.7,1.0,1.8,2.1,0.048933501,15.4,0.013,0.023,0.026,427.5,0.331,3.113,CBZ,1440,1.0,7,160,0.02,0.05,25,0.125,0,Synthetic,Single,8983482310911285779,2,19.845748190000002,19.845748190000002,0.011735299704063996,19.83745008,19.8540463,0.016596220000000272,0.0077125905
Alkali-modified SCG biochars,800,120,79.7,1.0,1.8,2.1,0.048933501,15.4,0.013,0.023,0.026,427.5,0.331,3.113,CBZ,1440,1.0,7,160,0.02,0.05,25,0.1,0,Synthetic,Single,4698714479479078593,1,19.87734947,19.87734947,0.0,19.87734947,19.87734947,0.0,0.006132526
Alkali-modified SCG biochars,800,120,79.7,1.0,1.8,2.1,0.048933501,15.4,0.013,0.023,0.026,427.5,0.331,3.113,IBF,1440,1.0,7,160,0.02,0.05,25,0.025,0,Synthetic,Single,2752320980736777346,3,17.65439878,17.532534546666668,0.2839915389828953,17.2079492,17.73525566,0.5273064599999984,0.117280061
Alkali-modified SCG biochars,800,120,79.7,1.0,1.8,2.1,0.048933501,15.4,0.013,0.023,0.026,427.5,0.331,3.113,IBF,1440,1.0,7,160,0.02,0.05,25,0.05,0,Synthetic,Single,1581374153419788761,3,17.96242808,18.118679439999998,1.431800183472123,16.77141363,19.62219661,2.850782979999998,0.101878596
Alkali-modified SCG biochars,800,120,79.7,1.0,1.8,2.1,0.048933501,15.4,0.013,0.023,0.026,427.5,0.331,3.113,IBF,1440,1.0,7,160,0.02,0.05,25,0.075,0,Synthetic,Single,2940048913095698858,3,18.20251406,18.10321041,0.20808119538084763,17.86408069,18.24303648,0.3789557899999991,0.089874297
Alkali-modified SCG biochars,800,120,79.7,1.0,1.8,2.1,0.048933501,15.4,0.013,0.023,0.026,427.5,0.331,3.113,IBF,1440,1.0,7,160,0.02,0.05,25,0.1,0,Synthetic,Single,11925369157470555558,3,18.06375866,17.855248246666665,0.6908117080330588,17.08419969,18.41778639,1.3335867000000015,0.096812067
Alkali-modified SCG biochars,800,120,79.7,1.0,1.8,2.1,0.048933501,15.4,0.013,0.023,0.026,427.5,0.331,3.113,IBF,1440,1.0,7,160,0.02,0.05,25,0.125,0,Synthetic,Single,7996446782005424040,3,18.01026546,17.978594546666667,0.8425129014936175,17.12069276,18.80482542,1.6841326599999995,0.099486727
Alkali-modified SCG biochars,800,120,79.7,1.0,1.8,2.1,0.048933501,15.4,0.013,0.023,0.026,427.5,0.331,3.113,CBZ,1440,1.0,7,160,0.02,0.05,25,0.025,0,Synthetic,Competative,17080829495524148363,3,13.93382478,14.004128706666668,0.6289163259465582,13.4133184,14.66524294,1.251924540000001,0.303308761
Alkali-modified SCG biochars,800,120,79.7,1.0,1.8,2.1,0.048933501,15.4,0.013,0.023,0.026,427.5,0.331,3.113,CBZ,1440,1.0,7,160,0.02,0.05,25,0.05,0,Synthetic,Competative,7131974856841213364,3,15.37039967,15.3947286,0.8855118492590278,14.52163191,16.29215422,1.7705223100000005,0.231480017
Alkali-modified SCG biochars,800,120,79.7,1.0,1.8,2.1,0.048933501,15.4,0.013,0.023,0.026,427.5,0.331,3.113,CBZ,1440,1.0,7,160,0.02,0.05,25,0.075,0,Synthetic,Competative,9447403498116937155,3,15.62383731,15.392030693333334,1.0356486371927216,14.26012179,16.29213298,2.032011190000002,0.218808135
Alkali-modified SCG biochars,800,120,79.7,1.0,1.8,2.1,0.048933501,15.4,0.013,0.023,0.026,427.5,0.331,3.113,CBZ,1440,1.0,7,160,0.02,0.05,25,0.1,0,Synthetic,Competative,2544031260383911655,3,16.04353724,16.21497678,0.3638185325760072,15.96855157,16.63284153,0.6642899599999996,0.197823138
Alkali-modified SCG biochars,800,120,79.7,1.0,1.8,2.1,0.048933501,15.4,0.013,0.023,0.026,427.5,0.331,3.113,CBZ,1440,1.0,7,160,0.02,0.05,25,0.125,0,Synthetic,Competative,6019283830254017005,3,15.89673809,15.503626113333334,1.2732071382683072,14.08022309,16.53391716,2.453694070000001,0.205163095
Alkali-modified SCG biochars,800,120,79.7,1.0,1.8,2.1,0.048933501,15.4,0.013,0.023,0.026,427.5,0.331,3.113,EE2,1440,1.0,7,160,0.02,0.05,25,0.025,0,Synthetic,Competative,1619834012639716208,3,16.22216097,16.511035359999997,0.8539686209802734,15.8389702,17.47197491,1.6330047099999998,0.188891952
Alkali-modified SCG biochars,800,120,79.7,1.0,1.8,2.1,0.048933501,15.4,0.013,0.023,0.026,427.5,0.331,3.113,EE2,1440,1.0,7,160,0.02,0.05,25,0.05,0,Synthetic,Competative,776204904542655447,3,18.36028801,18.393748856666665,1.047061056415307,17.36381929,19.45713927,2.0933199800000004,0.081985599
Alkali-modified SCG biochars,800,120,79.7,1.0,1.8,2.1,0.048933501,15.4,0.013,0.023,0.026,427.5,0.331,3.113,EE2,1440,1.0,7,160,0.02,0.05,25,0.075,0,Synthetic,Competative,16231430173642195752,3,18.1323937,17.71516631,0.8300544306232,16.75926998,18.25383525,1.4945652700000025,0.093380315
Alkali-modified SCG biochars,800,120,79.7,1.0,1.8,2.1,0.048933501,15.4,0.013,0.023,0.026,427.5,0.331,3.113,EE2,1440,1.0,7,160,0.02,0.05,25,0.1,0,Synthetic,Competative,5389311718729204388,3,18.53316427,18.13615876,1.0225699311770649,16.97461954,18.90069247,1.9260729300000001,0.073341786
Alkali-modified SCG biochars,800,120,79.7,1.0,1.8,2.1,0.048933501,15.4,0.013,0.023,0.026,427.5,0.331,3.113,EE2,1440,1.0,7,160,0.02,0.05,25,0.125,0,Synthetic,Competative,2686686752959241466,3,18.7079639,18.449165060000002,0.5786590726959445,17.78627366,18.85325762,1.0669839600000017,0.064601805
Alkali-modified SCG biochars,800,120,79.7,1.0,1.8,2.1,0.048933501,15.4,0.013,0.023,0.026,427.5,0.331,3.113,IBF,1440,1.0,7,160,0.02,0.05,25,0.025,0,Synthetic,Competative,15697118301370405832,3,11.5025546,11.377832493333335,0.23868669866967485,11.10262258,11.5283203,0.4256977200000005,0.42487227
Alkali-modified SCG biochars,800,120,79.7,1.0,1.8,2.1,0.048933501,15.4,0.013,0.023,0.026,427.5,0.331,3.113,IBF,1440,1.0,7,160,0.02,0.05,25,0.05,0,Synthetic,Competative,11806551746278233855,3,12.53035552,12.42021021,0.7576402055594025,11.61352616,13.11674895,1.5032227900000006,0.373482224
Alkali-modified SCG biochars,800,120,79.7,1.0,1.8,2.1,0.048933501,15.4,0.013,0.023,0.026,427.5,0.331,3.113,IBF,1440,1.0,7,160,0.02,0.05,25,0.075,0,Synthetic,Competative,12974101598079160016,3,13.51571931,13.39173226,0.5974725445041039,12.74199402,13.91748345,1.1754894300000007,0.324214034
Alkali-modified SCG biochars,800,120,79.7,1.0,1.8,2.1,0.048933501,15.4,0.013,0.023,0.026,427.5,0.331,3.113,IBF,1440,1.0,7,160,0.02,0.05,25,0.1,0,Synthetic,Competative,2933139064934329804,3,13.15310942,13.21429051,0.8844449371262344,12.36202461,14.1277375,1.7657128899999996,0.342344529
Alkali-modified SCG biochars,800,120,79.7,1.0,1.8,2.1,0.048933501,15.4,0.013,0.023,0.026,427.5,0.331,3.113,IBF,1440,1.0,7,160,0.02,0.05,25,0.125,0,Synthetic,Competative,16318967756588543778,3,13.84370966,13.530989716666667,0.5809426744207914,12.8606754,13.88858409,1.0279086900000003,0.307814517
Pristine SCW Biochar,800,120,86.9,0.8,1.9,2.2,0.047180667,7.9,0.11,0.027,0.032,62.0,0.032,7.8,NXP,0,30.0,7,160,0.05,0.15,25,0.0,0,Lake water,Single,8181753403025536020,1,0.0,0.0,0.0,0.0,0.0,0.0,30.0
Pristine SCW Biochar,800,120,86.9,0.8,1.9,2.2,0.047180667,7.9,0.11,0.027,0.032,62.0,0.032,7.8,NXP,30,30.0,7,160,0.05,0.15,25,0.0,0,Lake water,Single,7236922260448317948,3,14.17120229,14.01834743,0.6716445252299992,13.28344987,14.60039013,1.316940259999999,27.87431966
Pristine SCW Biochar,800,120,86.9,0.8,1.9,2.2,0.047180667,7.9,0.11,0.027,0.032,62.0,0.032,7.8,NXP,60,30.0,7,160,0.05,0.15,25,0.0,0,Lake water,Single,10541473202442348931,3,16.32788388,16.40537605,1.2502751686271982,15.19564938,17.69259489,2.496945509999998,27.55081742
Pristine SCW Biochar,800,120,86.9,0.8,1.9,2.2,0.047180667,7.9,0.11,0.027,0.032,62.0,0.032,7.8,NXP,120,30.0,7,160,0.05,0.15,25,0.0,0,Lake water,Single,14139316452646737785,3,17.22177881,16.848227573333332,0.9781072829180306,15.73839266,17.58451125,1.846118589999998,27.41673318
Pristine SCW Biochar,800,120,86.9,0.8,1.9,2.2,0.047180667,7.9,0.11,0.027,0.032,62.0,0.032,7.8,NXP,240,30.0,7,160,0.05,0.15,25,0.0,0,Lake water,Single,9763024518987940014,3,16.51826825,15.77644383,1.3914839198679787,14.17123024,16.639833,2.4686027599999996,27.52225976
Pristine SCW Biochar,800,120,86.9,0.8,1.9,2.2,0.047180667,7.9,0.11,0.027,0.032,62.0,0.032,7.8,NXP,480,30.0,7,160,0.05,0.15,25,0.0,0,Lake water,Single,15887886292177259301,3,16.7887568,14.77496083,3.8552938535543846,10.3297842,17.20634149,6.876557289999999,27.48168648
Pristine SCW Biochar,800,120,86.9,0.8,1.9,2.2,0.047180667,7.9,0.11,0.027,0.032,62.0,0.032,7.8,NXP,720,30.0,7,160,0.05,0.15,25,0.0,0,Lake water,Single,17949875270163903850,3,17.23071592,16.41498572,1.448057184474923,14.7430764,17.27116484,2.528088440000001,27.41539261
Pristine SCW Biochar,800,120,86.9,0.8,1.9,2.2,0.047180667,7.9,0.11,0.027,0.032,62.0,0.032,7.8,NXP,960,30.0,7,160,0.05,0.15,25,0.0,0,Lake water,Single,4187943329359161438,3,17.23813835,15.224172846666667,3.615335731888597,11.05039208,17.38398811,6.333596030000001,27.41427925
Pristine SCW Biochar,800,120,86.9,0.8,1.9,2.2,0.047180667,7.9,0.11,0.027,0.032,62.0,0.032,7.8,NXP,1440,30.0,7,160,0.05,0.15,25,0.0,0,Lake water,Single,9458265099261401006,3,17.23813835,15.224172846666667,3.615335731888597,11.05039208,17.38398811,6.333596030000001,27.41427925
Pristine SCW Biochar,800,120,86.9,0.8,1.9,2.2,0.047180667,7.9,0.11,0.027,0.032,62.0,0.032,7.8,DCF,0,30.0,7,160,0.05,0.15,25,0.0,0,Lake water,Single,7977060853338463678,1,0.0,0.0,0.0,0.0,0.0,0.0,30.0
Pristine SCW Biochar,800,120,86.9,0.8,1.9,2.2,0.047180667,7.9,0.11,0.027,0.032,62.0,0.032,7.8,DCF,30,30.0,7,160,0.05,0.15,25,0.0,0,Lake water,Single,2198341659602545558,3,13.91868839,13.6159303,0.6224382424862823,12.90003153,14.02907098,1.1290394500000005,27.91219674
Pristine SCW Biochar,800,120,86.9,0.8,1.9,2.2,0.047180667,7.9,0.11,0.027,0.032,62.0,0.032,7.8,DCF,60,30.0,7,160,0.05,0.15,25,0.0,0,Lake water,Single,16807819990896503937,3,14.78917427,15.430647503333333,1.2526453684129395,14.62866221,16.87410603,2.24544382,27.78162386
Pristine SCW Biochar,800,120,86.9,0.8,1.9,2.2,0.047180667,7.9,0.11,0.027,0.032,62.0,0.032,7.8,DCF,120,30.0,7,160,0.05,0.15,25,0.0,0,Lake water,Single,13812801542056912939,3,15.72133017,15.763575843333333,0.8549058168007461,14.93057607,16.63882129,1.7082452199999985,27.64180047
Pristine SCW Biochar,800,120,86.9,0.8,1.9,2.2,0.047180667,7.9,0.11,0.027,0.032,62.0,0.032,7.8,DCF,240,30.0,7,160,0.05,0.15,25,0.0,0,Lake water,Single,13242703023455998404,3,15.38987776,14.446356063333333,1.6521965260034381,12.53860132,15.41058911,2.8719877900000004,27.69151834
Pristine SCW Biochar,800,120,86.9,0.8,1.9,2.2,0.047180667,7.9,0.11,0.027,0.032,62.0,0.032,7.8,DCF,480,30.0,7,160,0.05,0.15,25,0.0,0,Lake water,Single,10135693571581433359,3,15.42913262,13.503305482000002,3.8676566296098365,9.050813116,16.02997071,6.979157594,27.68563011
Pristine SCW Biochar,800,120,86.9,0.8,1.9,2.2,0.047180667,7.9,0.11,0.027,0.032,62.0,0.032,7.8,DCF,720,30.0,7,160,0.05,0.15,25,0.0,0,Lake water,Single,6008478156415646104,3,15.57221697,14.924619243333334,1.5557625236368735,13.14966225,16.05197851,2.902316260000001,27.66416745
Pristine SCW Biochar,800,120,86.9,0.8,1.9,2.2,0.047180667,7.9,0.11,0.027,0.032,62.0,0.032,7.8,DCF,960,30.0,7,160,0.05,0.15,25,0.0,0,Lake water,Single,9471353462145092340,3,15.90465766,13.588595001000002,4.024036134090432,8.942045773,15.91908157,6.977035796999999,27.61430135
Pristine SCW Biochar,800,120,86.9,0.8,1.9,2.2,0.047180667,7.9,0.11,0.027,0.032,62.0,0.032,7.8,DCF,1440,30.0,7,160,0.05,0.15,25,0.0,0,Lake water,Single,5638615342311838916,9,14.99661152,14.379857997,2.1181394928939237,8.942045773,15.91908157,6.977035796999999,27.75050827
Pristine SCW Biochar,800,120,86.9,0.8,1.9,2.2,0.047180667,7.9,0.11,0.027,0.032,62.0,0.032,7.8,IBU,0,30.0,7,160,0.05,0.15,25,0.0,0,Lake water,Single,7005060955217620126,1,0.0,0.0,0.0,0.0,0.0,0.0,30.0
Pristine SCW Biochar,800,120,86.9,0.8,1.9,2.2,0.047180667,7.9,0.11,0.027,0.032,62.0,0.032,7.8,IBU,30,30.0,7,160,0.05,0.15,25,0.0,0,Lake water,Single,2505532420871944950,3,14.87129357,14.713263023333333,1.202847563694383,13.43921134,15.82928416,2.3900728200000003,27.76930596
Pristine SCW Biochar,800,120,86.9,0.8,1.9,2.2,0.047180667,7.9,0.11,0.027,0.032,62.0,0.032,7.8,IBU,60,30.0,7,160,0.05,0.15,25,0.0,0,Lake water,Single,17702078877809221217,3,15.68799021,16.41330936,1.5391978779817623,15.37077706,18.18116081,2.8103837500000015,27.64680147
Pristine SCW Biochar,800,120,86.9,0.8,1.9,2.2,0.047180667,7.9,0.11,0.027,0.032,62.0,0.032,7.8,IBU,120,30.0,7,160,0.05,0.15,25,0.0,0,Lake water,Single,14944427793197308491,3,16.10270243,16.763800146666664,1.1859873349861854,16.05570647,18.13299154,2.0772850699999985,27.58459464
Pristine SCW Biochar,800,120,86.9,0.8,1.9,2.2,0.047180667,7.9,0.11,0.027,0.032,62.0,0.032,7.8,IBU,240,30.0,7,160,0.05,0.15,25,0.0,0,Lake water,Single,10951857324102232612,3,16.33182844,15.2864309,1.8464597755582532,13.15445537,16.37300889,3.2185535200000004,27.55022573
Pristine SCW Biochar,800,120,86.9,0.8,1.9,2.2,0.047180667,7.9,0.11,0.027,0.032,62.0,0.032,7.8,IBU,480,30.0,7,160,0.05,0.15,25,0.0,0,Lake water,Single,8883391426004463471,3,16.56544362,14.280594134333334,3.961982492978508,9.705691803,16.57064698,6.864955176999999,27.51518346
Pristine SCW Biochar,800,120,86.9,0.8,1.9,2.2,0.047180667,7.9,0.11,0.027,0.032,62.0,0.032,7.8,IBU,720,30.0,7,160,0.05,0.15,25,0.0,0,Lake water,Single,13016132821430166328,3,16.37114691,15.808151916666667,1.8837269995442183,13.70712017,17.34618867,3.6390685000000005,27.54432796
Pristine SCW Biochar,800,120,86.9,0.8,1.9,2.2,0.047180667,7.9,0.11,0.027,0.032,62.0,0.032,7.8,IBU,960,30.0,7,160,0.05,0.15,25,0.0,0,Lake water,Single,10446930094873696724,3,16.63389065,14.41134109366667,4.331746388460078,9.419443701,17.18068893,7.761245228999998,27.5049164
Pristine SCW Biochar,800,120,86.9,0.8,1.9,2.2,0.047180667,7.9,0.11,0.027,0.032,62.0,0.032,7.8,IBU,1440,30.0,7,160,0.05,0.15,25,0.0,0,Lake water,Single,2828512855804384036,9,15.1857729,14.87392839011111,2.219982470253417,9.419443701,17.18068893,7.761245228999998,27.72213406
Pristine SCW Biochar,800,120,86.9,0.8,1.9,2.2,0.047180667,7.9,0.11,0.027,0.032,62.0,0.032,7.8,NXP,0,30.0,7,160,0.05,0.15,25,0.0,0,Secondary effluent,Single,17053035532018455372,1,0.0,0.0,0.0,0.0,0.0,0.0,30.0
Pristine SCW Biochar,800,120,86.9,0.8,1.9,2.2,0.047180667,7.9,0.11,0.027,0.032,62.0,0.032,7.8,NXP,30,30.0,7,160,0.05,0.15,25,0.0,0,Secondary effluent,Single,17098923533429936836,3,14.44646584,14.467987966666668,0.08786279052749504,14.39288595,14.56461211,0.1717261600000004,27.83303012
Pristine SCW Biochar,800,120,86.9,0.8,1.9,2.2,0.047180667,7.9,0.11,0.027,0.032,62.0,0.032,7.8,NXP,60,30.0,7,160,0.05,0.15,25,0.0,0,Secondary effluent,Single,13215046423171528219,3,15.62173129,15.65448749,0.11367205274187188,15.56079012,15.78094106,0.2201509399999999,27.65674031
Pristine SCW Biochar,800,120,86.9,0.8,1.9,2.2,0.047180667,7.9,0.11,0.027,0.032,62.0,0.032,7.8,NXP,120,30.0,7,160,0.05,0.15,25,0.0,0,Secondary effluent,Single,16825237191054845665,3,16.88164032,16.966549983333334,0.17683670217609213,16.84818199,17.16982764,0.32164565000000067,27.46775395
Pristine SCW Biochar,800,120,86.9,0.8,1.9,2.2,0.047180667,7.9,0.11,0.027,0.032,62.0,0.032,7.8,NXP,240,30.0,7,160,0.05,0.15,25,0.0,0,Secondary effluent,Single,6982030516250217062,3,17.00858908,17.02595755333333,0.05237181713622697,16.98447647,17.08480711,0.10033063999999925,27.44871164
Pristine SCW Biochar,800,120,86.9,0.8,1.9,2.2,0.047180667,7.9,0.11,0.027,0.032,62.0,0.032,7.8,NXP,480,30.0,7,160,0.05,0.15,25,0.0,0,Secondary effluent,Single,2755595898843553677,3,17.4625326,17.497639086666666,0.06566522646528536,17.45698947,17.57339519,0.11640571999999949,27.38062011
Pristine SCW Biochar,800,120,86.9,0.8,1.9,2.2,0.047180667,7.9,0.11,0.027,0.032,62.0,0.032,7.8,NXP,720,30.0,7,160,0.05,0.15,25,0.0,0,Secondary effluent,Single,12146535126227506594,3,17.54960963,17.552580746666667,0.0294855290482844,17.52469326,17.58343935,0.05874608999999964,27.36755856
Pristine SCW Biochar,800,120,86.9,0.8,1.9,2.2,0.047180667,7.9,0.11,0.027,0.032,62.0,0.032,7.8,NXP,960,30.0,7,160,0.05,0.15,25,0.0,0,Secondary effluent,Single,2569984335539275158,3,17.71590352,17.990487990000002,0.5586744388442485,17.62224125,18.6333192,1.0110779500000007,27.34261447
Pristine SCW Biochar,800,120,86.9,0.8,1.9,2.2,0.047180667,7.9,0.11,0.027,0.032,62.0,0.032,7.8,NXP,1440,30.0,7,160,0.05,0.15,25,0.0,0,Secondary effluent,Single,6648755328613141350,3,16.30019973,16.47798738666667,0.5008810086928075,16.09025196,17.04351047,0.9532585100000013,27.55497004
Pristine SCW Biochar,800,120,86.9,0.8,1.9,2.2,0.047180667,7.9,0.11,0.027,0.032,62.0,0.032,7.8,DCF,0,30.0,7,160,0.05,0.15,25,0.0,0,Secondary effluent,Single,1214539223634647286,1,0.0,0.0,0.0,0.0,0.0,0.0,30.0
Pristine SCW Biochar,800,120,86.9,0.8,1.9,2.2,0.047180667,7.9,0.11,0.027,0.032,62.0,0.032,7.8,DCF,30,30.0,7,160,0.05,0.15,25,0.0,0,Secondary effluent,Single,335119549853506142,3,16.15534017,16.214229553333332,0.29204313991078623,15.95611864,16.53122985,0.5751112099999993,27.57669897
Pristine SCW Biochar,800,120,86.9,0.8,1.9,2.2,0.047180667,7.9,0.11,0.027,0.032,62.0,0.032,7.8,DCF,60,30.0,7,160,0.05,0.15,25,0.0,0,Secondary effluent,Single,13581708233989788697,3,17.94998036,17.94430192,0.6584718436157586,17.28300922,18.59991618,1.3169069600000007,27.30750295
Pristine SCW Biochar,800,120,86.9,0.8,1.9,2.2,0.047180667,7.9,0.11,0.027,0.032,62.0,0.032,7.8,DCF,120,30.0,7,160,0.05,0.15,25,0.0,0,Secondary effluent,Single,4071952786420779155,3,18.6868745,18.863471230000002,0.34022766414067657,18.64785339,19.2556858,0.6078324099999968,27.19696883
Pristine SCW Biochar,800,120,86.9,0.8,1.9,2.2,0.047180667,7.9,0.11,0.027,0.032,62.0,0.032,7.8,DCF,240,30.0,7,160,0.05,0.15,25,0.0,0,Secondary effluent,Single,16575937784576867068,3,19.22913671,19.05080713,0.6895844725473974,18.28957414,19.63371054,1.3441364,27.11562949
Pristine SCW Biochar,800,120,86.9,0.8,1.9,2.2,0.047180667,7.9,0.11,0.027,0.032,62.0,0.032,7.8,DCF,480,30.0,7,160,0.05,0.15,25,0.0,0,Secondary effluent,Single,16662543744214429559,3,19.16432581,19.07454330666667,0.3786071221117088,18.65911504,19.40018907,0.74107403,27.12535113
Pristine SCW Biochar,800,120,86.9,0.8,1.9,2.2,0.047180667,7.9,0.11,0.027,0.032,62.0,0.032,7.8,DCF,720,30.0,7,160,0.05,0.15,25,0.0,0,Secondary effluent,Single,1002991668870794336,3,19.8012145,19.760803853333332,0.4219203626743883,19.32013209,20.16106497,0.8409328800000004,27.02981783
Pristine SCW Biochar,800,120,86.9,0.8,1.9,2.2,0.047180667,7.9,0.11,0.027,0.032,62.0,0.032,7.8,DCF,960,30.0,7,160,0.05,0.15,25,0.0,0,Secondary effluent,Single,3713179060534583340,3,20.25228212,19.96127835333333,0.5228069938236378,19.35772106,20.27383188,0.9161108200000001,26.96215768
Pristine SCW Biochar,800,120,86.9,0.8,1.9,2.2,0.047180667,7.9,0.11,0.027,0.032,62.0,0.032,7.8,DCF,1440,30.0,7,160,0.05,0.15,25,0.0,0,Secondary effluent,Single,329814341262190588,14,19.121072145,19.01508540714286,0.6493511634271116,17.95777678,19.81225409,1.85447731,27.13183918
Pristine SCW Biochar,800,120,86.9,0.8,1.9,2.2,0.047180667,7.9,0.11,0.027,0.032,62.0,0.032,7.8,IBU,0,30.0,7,160,0.05,0.15,25,0.0,0,Secondary effluent,Single,2051404940871207638,1,0.0,0.0,0.0,0.0,0.0,0.0,30.0
Pristine SCW Biochar,800,120,86.9,0.8,1.9,2.2,0.047180667,7.9,0.11,0.027,0.032,62.0,0.032,7.8,IBU,30,30.0,7,160,0.05,0.15,25,0.0,0,Secondary effluent,Single,10658327680642255806,3,16.89988512,16.86546043,0.24924378060011237,16.60079371,17.09570246,0.4949087499999969,27.46501723
Pristine SCW Biochar,800,120,86.9,0.8,1.9,2.2,0.047180667,7.9,0.11,0.027,0.032,62.0,0.032,7.8,IBU,60,30.0,7,160,0.05,0.15,25,0.0,0,Secondary effluent,Single,3790332834202311929,3,18.17632699,18.406521153333333,0.5072648070515556,18.05516827,18.9880682,0.9328999300000014,27.27355095
Pristine SCW Biochar,800,120,86.9,0.8,1.9,2.2,0.047180667,7.9,0.11,0.027,0.032,62.0,0.032,7.8,IBU,120,30.0,7,160,0.05,0.15,25,0.0,0,Secondary effluent,Single,10796766321469813683,3,19.26992768,19.135274973333335,0.5565307331971229,18.52377223,19.61212501,1.088352780000001,27.10951085
Pristine SCW Biochar,800,120,86.9,0.8,1.9,2.2,0.047180667,7.9,0.11,0.027,0.032,62.0,0.032,7.8,IBU,240,30.0,7,160,0.05,0.15,25,0.0,0,Secondary effluent,Single,17200286515181460444,3,19.78484896,19.589040323333332,0.7941954140633273,18.71525548,20.26701653,1.5517610499999996,27.03227266
Pristine SCW Biochar,800,120,86.9,0.8,1.9,2.2,0.047180667,7.9,0.11,0.027,0.032,62.0,0.032,7.8,IBU,480,30.0,7,160,0.05,0.15,25,0.0,0,Secondary effluent,Single,11008431144893168087,3,19.78377849,19.90235242,0.8561648219835515,19.11165505,20.81162372,1.6999686700000005,27.03243323
Pristine SCW Biochar,800,120,86.9,0.8,1.9,2.2,0.047180667,7.9,0.11,0.027,0.032,62.0,0.032,7.8,IBU,720,30.0,7,160,0.05,0.15,25,0.0,0,Secondary effluent,Single,18432371715842126336,3,20.67835043,20.50829395,0.46517059011799156,19.98202397,20.86450745,0.8824834800000012,26.89824743
Pristine SCW Biochar,800,120,86.9,0.8,1.9,2.2,0.047180667,7.9,0.11,0.027,0.032,62.0,0.032,7.8,IBU,960,30.0,7,160,0.05,0.15,25,0.0,0,Secondary effluent,Single,8910712751277851660,3,20.66529595,20.531500483333332,0.4427499960918926,20.03728362,20.89192188,0.8546382600000015,26.90020561
Pristine SCW Biochar,800,120,86.9,0.8,1.9,2.2,0.047180667,7.9,0.11,0.027,0.032,62.0,0.032,7.8,IBU,1440,30.0,7,160,0.05,0.15,25,0.0,0,Secondary effluent,Single,16737703975485143772,14,20.025033185,20.09902592714286,0.847477039835171,18.98707833,21.22517196,2.2380936300000016,26.99624502
Pristine SCW Biochar,800,120,86.9,0.8,1.9,2.2,0.047180667,7.9,0.11,0.027,0.032,62.0,0.032,7.8,NXP,1440,10.0,7,160,0.05,0.15,25,0.0,0,Secondary effluent,Single,5976292064867976036,3,8.513560872,8.500553224,0.03639936652150281,8.459437051,8.528661749,0.06922469799999931,8.722965869
Pristine SCW Biochar,800,120,86.9,0.8,1.9,2.2,0.047180667,7.9,0.11,0.027,0.032,62.0,0.032,7.8,NXP,1440,20.0,7,160,0.05,0.15,25,0.0,0,Secondary effluent,Single,16638446263550319536,3,10.18427058,10.361712533,0.4935649970638183,9.981400279,10.91946674,0.938066461,18.47235941
Pristine SCW Biochar,800,120,86.9,0.8,1.9,2.2,0.047180667,7.9,0.11,0.027,0.032,62.0,0.032,7.8,NXP,1440,40.0,7,160,0.05,0.15,25,0.0,0,Secondary effluent,Single,14247326399820608681,3,23.66355817,23.03559153333333,1.279958322737932,21.56292934,23.88028709,2.3173577499999993,36.45046628
Pristine SCW Biochar,800,120,86.9,0.8,1.9,2.2,0.047180667,7.9,0.11,0.027,0.032,62.0,0.032,7.8,NXP,1440,50.0,7,160,0.05,0.15,25,0.0,0,Secondary effluent,Single,3626679836655073239,3,32.83624096,32.047435746666665,1.6030898109455574,30.20277913,33.10328715,2.90050802,45.07456386
Pristine SCW Biochar,800,120,86.9,0.8,1.9,2.2,0.047180667,7.9,0.11,0.027,0.032,62.0,0.032,7.8,DCF,1440,10.0,7,160,0.05,0.15,25,0.0,0,Secondary effluent,Single,1938230782418544334,2,6.9108491149999995,6.9108491149999995,0.028823906858592242,6.890467535,6.931230695,0.04076316000000002,8.963372633
Pristine SCW Biochar,800,120,86.9,0.8,1.9,2.2,0.047180667,7.9,0.11,0.027,0.032,62.0,0.032,7.8,DCF,1440,20.0,7,160,0.05,0.15,25,0.0,0,Secondary effluent,Single,17509084134776967386,3,11.94615928,11.898166213333333,0.47192386795059854,11.40407965,12.34425971,0.9401800599999994,18.20807611
Pristine SCW Biochar,800,120,86.9,0.8,1.9,2.2,0.047180667,7.9,0.11,0.027,0.032,62.0,0.032,7.8,DCF,1440,40.0,7,160,0.05,0.15,25,0.0,0,Secondary effluent,Single,9214597997492623055,3,21.51003422,22.02615883333333,0.9609447580485042,21.43355883,23.13488345,1.7013246200000012,36.77349487
Pristine SCW Biochar,800,120,86.9,0.8,1.9,2.2,0.047180667,7.9,0.11,0.027,0.032,62.0,0.032,7.8,DCF,1440,50.0,7,160,0.05,0.15,25,0.0,0,Secondary effluent,Single,15613626881432330545,3,32.55652461,32.78807294666667,1.175071383865543,31.74601216,34.06168207,2.315669910000004,45.11652131
Pristine SCW Biochar,800,120,86.9,0.8,1.9,2.2,0.047180667,7.9,0.11,0.027,0.032,62.0,0.032,7.8,IBU,1440,10.0,7,160,0.05,0.15,25,0.0,0,Secondary effluent,Single,1249904749956654510,2,10.935518415,10.935518415,0.03584893494793421,10.91016939,10.96086744,0.050698049999999384,8.359672237
Pristine SCW Biochar,800,120,86.9,0.8,1.9,2.2,0.047180667,7.9,0.11,0.027,0.032,62.0,0.032,7.8,IBU,1440,20.0,7,160,0.05,0.15,25,0.0,0,Secondary effluent,Single,9750239826985509562,3,13.35058334,13.53568192,0.5195278862601166,13.13405198,14.12241044,0.9883584599999988,17.9974125
Pristine SCW Biochar,800,120,86.9,0.8,1.9,2.2,0.047180667,7.9,0.11,0.027,0.032,62.0,0.032,7.8,IBU,1440,40.0,7,160,0.05,0.15,25,0.0,0,Secondary effluent,Single,12415649059408947823,3,23.23297655,23.639211560000003,1.7103818026472697,22.16852031,25.51613782,3.347617509999999,36.51505352
Pristine SCW Biochar,800,120,86.9,0.8,1.9,2.2,0.047180667,7.9,0.11,0.027,0.032,62.0,0.032,7.8,IBU,1440,50.0,7,160,0.05,0.15,25,0.0,0,Secondary effluent,Single,493397566369541585,3,33.23850263,33.59555209,0.9899904206751241,32.83361534,34.7145383,1.8809229599999995,45.01422461
Pristine SCW Biochar,800,120,86.9,0.8,1.9,2.2,0.047180667,7.9,0.11,0.027,0.032,62.0,0.032,7.8,NPX,1440,30.0,5,160,0.05,0.15,25,0.0,0,Lake water,Single,13460432265287287620,3,16.12273579,16.936621936666665,1.476663190519253,16.04598026,18.64114976,2.595169500000001,27.58158963
Pristine SCW Biochar,800,120,86.9,0.8,1.9,2.2,0.047180667,7.9,0.11,0.027,0.032,62.0,0.032,7.8,NPX,1440,30.0,7,160,0.05,0.15,25,0.0,0,Lake water,Single,1047462354771481853,6,15.137365115,15.170224001666666,0.42216132978270043,14.60245983,15.86299447,1.2605346399999995,27.72939523
Pristine SCW Biochar,800,120,86.9,0.8,1.9,2.2,0.047180667,7.9,0.11,0.027,0.032,62.0,0.032,7.8,NPX,1440,30.0,9,160,0.05,0.15,25,0.0,0,Lake water,Single,11643009746185956924,3,13.19496083,13.183285410000002,0.05434620830669526,13.12405038,13.23084502,0.10679464000000038,28.02075588
Pristine SCW Biochar,800,120,86.9,0.8,1.9,2.2,0.047180667,7.9,0.11,0.027,0.032,62.0,0.032,7.8,NPX,1440,30.0,11,160,0.05,0.15,25,0.0,0,Lake water,Single,10005146382352975235,3,13.69478026,13.81373087,0.4449438670037317,13.44035157,14.30606078,0.8657092099999986,27.94578296
Pristine SCW Biochar,800,120,86.9,0.8,1.9,2.2,0.047180667,7.9,0.11,0.027,0.032,62.0,0.032,7.8,DCF,1440,30.0,5,160,0.05,0.15,25,0.0,0,Lake water,Single,12111026322542349949,3,17.83137844,18.45739571,1.3554278352093168,17.52812362,20.01268507,2.484561450000001,27.32529323
Pristine SCW Biochar,800,120,86.9,0.8,1.9,2.2,0.047180667,7.9,0.11,0.027,0.032,62.0,0.032,7.8,DCF,1440,30.0,9,160,0.05,0.15,25,0.0,0,Lake water,Single,515999279121281285,3,14.63109228,14.679371453333333,0.8924488648824095,13.81204213,15.59497995,1.7829378200000008,27.80533616
Pristine SCW Biochar,800,120,86.9,0.8,1.9,2.2,0.047180667,7.9,0.11,0.027,0.032,62.0,0.032,7.8,DCF,1440,30.0,11,160,0.05,0.15,25,0.0,0,Lake water,Single,2236800564703252766,3,14.07863103,14.064761599999999,0.02527197043296658,14.03559174,14.08006203,0.044470290000001356,27.88820535
Pristine SCW Biochar,800,120,86.9,0.8,1.9,2.2,0.047180667,7.9,0.11,0.027,0.032,62.0,0.032,7.8,IBU,1440,30.0,5,160,0.05,0.15,25,0.0,0,Lake water,Single,14145455791997218909,3,20.34218255,20.518290956666668,0.33911442682260085,20.3034624,20.90922792,0.6057655199999985,26.94867262
Pristine SCW Biochar,800,120,86.9,0.8,1.9,2.2,0.047180667,7.9,0.11,0.027,0.032,62.0,0.032,7.8,IBU,1440,30.0,9,160,0.05,0.15,25,0.0,0,Lake water,Single,15368989010209991013,3,14.57192725,14.455565,0.20524877746605044,14.21857691,14.57619084,0.3576139300000012,27.81421091
Pristine SCW Biochar,800,120,86.9,0.8,1.9,2.2,0.047180667,7.9,0.11,0.027,0.032,62.0,0.032,7.8,IBU,1440,30.0,11,160,0.05,0.15,25,0.0,0,Lake water,Single,3656096480025640062,3,13.04317162,13.194844063333333,0.31862980596623547,12.98038465,13.56097592,0.5805912700000011,28.04352426
Pristine SCW Biochar,800,120,86.9,0.8,1.9,2.2,0.047180667,7.9,0.11,0.027,0.032,62.0,0.032,7.8,NPX,1440,30.0,5,160,0.05,0.15,25,0.0,0,Secondary effluent,Single,2431818629244494460,3,21.49577512,20.918093443333337,1.1847717132015994,19.55528942,21.70321579,2.1479263700000004,26.77563373
Pristine SCW Biochar,800,120,86.9,0.8,1.9,2.2,0.047180667,7.9,0.11,0.027,0.032,62.0,0.032,7.8,NPX,1440,30.0,7,160,0.05,0.15,25,0.0,0,Secondary effluent,Single,14632511503543224213,9,18.26438455,18.715130643333335,0.9369419079495462,17.82823797,20.66333153,2.8350935600000007,27.26034232
Pristine SCW Biochar,800,120,86.9,0.8,1.9,2.2,0.047180667,7.9,0.11,0.027,0.032,62.0,0.032,7.8,NPX,1440,30.0,9,160,0.05,0.15,25,0.0,0,Secondary effluent,Single,10158343563720824836,3,17.26357285,17.22389665,0.09304306999208228,17.11759259,17.29052451,0.1729319199999999,27.41046407
Pristine SCW Biochar,800,120,86.9,0.8,1.9,2.2,0.047180667,7.9,0.11,0.027,0.032,62.0,0.032,7.8,NPX,1440,30.0,11,160,0.05,0.15,25,0.0,0,Secondary effluent,Single,8860467251718062619,3,16.13579508,15.994429660000002,0.3165028531349215,15.63188068,16.21561322,0.5837325400000015,27.57963074
Pristine SCW Biochar,800,120,86.9,0.8,1.9,2.2,0.047180667,7.9,0.11,0.027,0.032,62.0,0.032,7.8,DCF,1440,30.0,5,160,0.05,0.15,25,0.0,0,Secondary effluent,Single,7708639079549094677,3,21.75317842,21.724804423333335,0.5089387188493394,21.20227226,22.21896259,1.0166903299999994,26.73702324
Pristine SCW Biochar,800,120,86.9,0.8,1.9,2.2,0.047180667,7.9,0.11,0.027,0.032,62.0,0.032,7.8,DCF,1440,30.0,9,160,0.05,0.15,25,0.0,0,Secondary effluent,Single,15693684484887973741,3,19.16141715,18.942807456666667,0.37971272327030736,18.50435355,19.16265167,0.6582981199999978,27.12578743
Pristine SCW Biochar,800,120,86.9,0.8,1.9,2.2,0.047180667,7.9,0.11,0.027,0.032,62.0,0.032,7.8,DCF,1440,30.0,11,160,0.05,0.15,25,0.0,0,Secondary effluent,Single,12068268132093545302,3,17.98311701,17.94666751666667,0.0823859634203891,17.852344,18.00454154,0.15219754000000307,27.30253245
Pristine SCW Biochar,800,120,86.9,0.8,1.9,2.2,0.047180667,7.9,0.11,0.027,0.032,62.0,0.032,7.8,IBU,1440,30.0,5,160,0.05,0.15,25,0.0,0,Secondary effluent,Single,3805779553248948725,3,22.89928752,22.506153389999998,1.6938392942546747,20.65031669,23.96885596,3.3185392699999987,26.56510687
Pristine SCW Biochar,800,120,86.9,0.8,1.9,2.2,0.047180667,7.9,0.11,0.027,0.032,62.0,0.032,7.8,IBU,1440,30.0,9,160,0.05,0.15,25,0.0,0,Secondary effluent,Single,8203542750957706445,3,18.5045802,18.617327173333333,0.21582257673911492,18.48122865,18.86617267,0.3849440200000025,27.22431297
Pristine SCW Biochar,800,120,86.9,0.8,1.9,2.2,0.047180667,7.9,0.11,0.027,0.032,62.0,0.032,7.8,IBU,1440,30.0,11,160,0.05,0.15,25,0.0,0,Secondary effluent,Single,8619013912121469110,3,17.26124304,17.092154993333335,0.4852017821057891,16.54503374,17.4701882,0.9251544599999981,27.41081354
Pristine SCW Biochar,800,120,86.9,0.8,1.9,2.2,0.047180667,7.9,0.11,0.027,0.032,62.0,0.032,7.8,NPX,1440,30.0,7,160,0.05,0.15,25,0.025,0,Lake water,Single,13834514112846599910,3,15.16815241,15.160609543333335,0.08671958934328207,15.0703649,15.24331132,0.1729464200000006,27.72477714
Pristine SCW Biochar,800,120,86.9,0.8,1.9,2.2,0.047180667,7.9,0.11,0.027,0.032,62.0,0.032,7.8,NPX,1440,30.0,7,160,0.05,0.15,25,0.05,0,Lake water,Single,7541925338719544901,3,15.04282343,14.89340367,0.7885469181171932,14.04083677,15.59655081,1.5557140399999998,27.74357649
Pristine SCW Biochar,800,120,86.9,0.8,1.9,2.2,0.047180667,7.9,0.11,0.027,0.032,62.0,0.032,7.8,NPX,1440,30.0,7,160,0.05,0.15,25,0.075,0,Lake water,Single,17921206181751419838,3,15.71492368,15.766421966666668,0.5849750872797939,15.20889862,16.3754436,1.1665449800000012,27.64276145
Pristine SCW Biochar,800,120,86.9,0.8,1.9,2.2,0.047180667,7.9,0.11,0.027,0.032,62.0,0.032,7.8,NPX,1440,30.0,7,160,0.05,0.15,25,0.1,0,Lake water,Single,11187653991861819706,3,16.73687875,16.770112276666666,0.19417950539594034,16.59469433,16.97876375,0.38406941999999944,27.48946819
Pristine SCW Biochar,800,120,86.9,0.8,1.9,2.2,0.047180667,7.9,0.11,0.027,0.032,62.0,0.032,7.8,NPX,1440,30.0,7,160,0.05,0.15,25,0.125,0,Lake water,Single,11759389152912073140,3,17.86636216,18.117335206666667,0.5779747226306557,17.70727138,18.77837208,1.0711006999999988,27.32004568
Pristine SCW Biochar,800,120,86.9,0.8,1.9,2.2,0.047180667,7.9,0.11,0.027,0.032,62.0,0.032,7.8,DCF,1440,30.0,7,160,0.05,0.15,25,0.0,1,Lake water,Single,13037060468136575704,1,14.22476591,14.22476591,0.0,14.22476591,14.22476591,0.0,27.86628511
Pristine SCW Biochar,800,120,86.9,0.8,1.9,2.2,0.047180667,7.9,0.11,0.027,0.032,62.0,0.032,7.8,DCF,1440,30.0,7,160,0.05,0.15,25,0.025,2,Lake water,Single,6835349482723548687,1,15.65756507,15.65756507,0.0,15.65756507,15.65756507,0.0,27.65136524
Pristine SCW Biochar,800,120,86.9,0.8,1.9,2.2,0.047180667,7.9,0.11,0.027,0.032,62.0,0.032,7.8,DCF,1440,30.0,7,160,0.05,0.15,25,0.05,3,Lake water,Single,86144657109185607,1,16.3763204,16.3763204,0.0,16.3763204,16.3763204,0.0,27.54355194
Pristine SCW Biochar,800,120,86.9,0.8,1.9,2.2,0.047180667,7.9,0.11,0.027,0.032,62.0,0.032,7.8,DCF,1440,30.0,7,160,0.05,0.15,25,0.075,4,Lake water,Single,3844158192553614737,1,16.54598831,16.54598831,0.0,16.54598831,16.54598831,0.0,27.51810175
Pristine SCW Biochar,800,120,86.9,0.8,1.9,2.2,0.047180667,7.9,0.11,0.027,0.032,62.0,0.032,7.8,DCF,1440,30.0,7,160,0.05,0.15,25,0.1,5,Lake water,Single,17044198096516743746,1,18.1455107,18.1455107,0.0,18.1455107,18.1455107,0.0,27.2781734
Pristine SCW Biochar,800,120,86.9,0.8,1.9,2.2,0.047180667,7.9,0.11,0.027,0.032,62.0,0.032,7.8,DCF,1440,30.0,7,160,0.05,0.15,25,0.125,6,Lake water,Single,5878389526016249720,1,17.8554984,17.8554984,0.0,17.8554984,17.8554984,0.0,27.32167524
Pristine SCW Biochar,800,120,86.9,0.8,1.9,2.2,0.047180667,7.9,0.11,0.027,0.032,62.0,0.032,7.8,DCF,1440,30.0,7,160,0.05,0.15,25,0.0,7,Lake water,Single,5591679018687253782,1,15.10557605,15.10557605,0.0,15.10557605,15.10557605,0.0,27.73416359
Pristine SCW Biochar,800,120,86.9,0.8,1.9,2.2,0.047180667,7.9,0.11,0.027,0.032,62.0,0.032,7.8,DCF,1440,30.0,7,160,0.05,0.15,25,0.025,8,Lake water,Single,6095630501031745419,1,15.81989281,15.81989281,0.0,15.81989281,15.81989281,0.0,27.62701608
Pristine SCW Biochar,800,120,86.9,0.8,1.9,2.2,0.047180667,7.9,0.11,0.027,0.032,62.0,0.032,7.8,DCF,1440,30.0,7,160,0.05,0.15,25,0.05,9,Lake water,Single,15394119192140264801,1,15.98398736,15.98398736,0.0,15.98398736,15.98398736,0.0,27.6024019
Pristine SCW Biochar,800,120,86.9,0.8,1.9,2.2,0.047180667,7.9,0.11,0.027,0.032,62.0,0.032,7.8,DCF,1440,30.0,7,160,0.05,0.15,25,0.075,10,Lake water,Single,12971290572608913593,1,17.49805274,17.49805274,0.0,17.49805274,17.49805274,0.0,27.37529209
Pristine SCW Biochar,800,120,86.9,0.8,1.9,2.2,0.047180667,7.9,0.11,0.027,0.032,62.0,0.032,7.8,DCF,1440,30.0,7,160,0.05,0.15,25,0.1,11,Lake water,Single,17963337656926381207,1,16.46441326,16.46441326,0.0,16.46441326,16.46441326,0.0,27.53033801
Pristine SCW Biochar,800,120,86.9,0.8,1.9,2.2,0.047180667,7.9,0.11,0.027,0.032,62.0,0.032,7.8,DCF,1440,30.0,7,160,0.05,0.15,25,0.125,12,Lake water,Single,12210244203044246562,1,17.94721467,17.94721467,0.0,17.94721467,17.94721467,0.0,27.3079178
Pristine SCW Biochar,800,120,86.9,0.8,1.9,2.2,0.047180667,7.9,0.11,0.027,0.032,62.0,0.032,7.8,DCF,1440,30.0,7,160,0.05,0.15,25,0.0,13,Lake water,Single,5081100663667087079,1,14.86529667,14.86529667,0.0,14.86529667,14.86529667,0.0,27.7702055
Pristine SCW Biochar,800,120,86.9,0.8,1.9,2.2,0.047180667,7.9,0.11,0.027,0.032,62.0,0.032,7.8,DCF,1440,30.0,7,160,0.05,0.15,25,0.025,14,Lake water,Single,14693150122658306750,1,15.79265803,15.79265803,0.0,15.79265803,15.79265803,0.0,27.6311013
Pristine SCW Biochar,800,120,86.9,0.8,1.9,2.2,0.047180667,7.9,0.11,0.027,0.032,62.0,0.032,7.8,DCF,1440,30.0,7,160,0.05,0.15,25,0.05,15,Lake water,Single,4884650902774039844,1,14.89924318,14.89924318,0.0,14.89924318,14.89924318,0.0,27.76511352
Pristine SCW Biochar,800,120,86.9,0.8,1.9,2.2,0.047180667,7.9,0.11,0.027,0.032,62.0,0.032,7.8,DCF,1440,30.0,7,160,0.05,0.15,25,0.075,16,Lake water,Single,10810312005825110651,1,16.85198093,16.85198093,0.0,16.85198093,16.85198093,0.0,27.47220286
Pristine SCW Biochar,800,120,86.9,0.8,1.9,2.2,0.047180667,7.9,0.11,0.027,0.032,62.0,0.032,7.8,DCF,1440,30.0,7,160,0.05,0.15,25,0.1,17,Lake water,Single,4167504767039083720,1,16.92112006,16.92112006,0.0,16.92112006,16.92112006,0.0,27.46183199
Pristine SCW Biochar,800,120,86.9,0.8,1.9,2.2,0.047180667,7.9,0.11,0.027,0.032,62.0,0.032,7.8,DCF,1440,30.0,7,160,0.05,0.15,25,0.125,18,Lake water,Single,6278694175271680070,1,18.44515428,18.44515428,0.0,18.44515428,18.44515428,0.0,27.23322686
Pristine SCW Biochar,800,120,86.9,0.8,1.9,2.2,0.047180667,7.9,0.11,0.027,0.032,62.0,0.032,7.8,IBU,1440,30.0,7,160,0.05,0.15,25,0.0,19,Lake water,Single,8005611472313024958,1,15.19106237,15.19106237,0.0,15.19106237,15.19106237,0.0,27.72134065
Pristine SCW Biochar,800,120,86.9,0.8,1.9,2.2,0.047180667,7.9,0.11,0.027,0.032,62.0,0.032,7.8,IBU,1440,30.0,7,160,0.05,0.15,25,0.025,20,Lake water,Single,15462049524683714789,1,15.91745587,15.91745587,0.0,15.91745587,15.91745587,0.0,27.61238162
Pristine SCW Biochar,800,120,86.9,0.8,1.9,2.2,0.047180667,7.9,0.11,0.027,0.032,62.0,0.032,7.8,IBU,1440,30.0,7,160,0.05,0.15,25,0.05,21,Lake water,Single,14098218421021899461,1,16.82199275,16.82199275,0.0,16.82199275,16.82199275,0.0,27.47670109
Pristine SCW Biochar,800,120,86.9,0.8,1.9,2.2,0.047180667,7.9,0.11,0.027,0.032,62.0,0.032,7.8,IBU,1440,30.0,7,160,0.05,0.15,25,0.075,22,Lake water,Single,8802075076774159687,1,17.59547284,17.59547284,0.0,17.59547284,17.59547284,0.0,27.36067907
Pristine SCW Biochar,800,120,86.9,0.8,1.9,2.2,0.047180667,7.9,0.11,0.027,0.032,62.0,0.032,7.8,IBU,1440,30.0,7,160,0.05,0.15,25,0.1,23,Lake water,Single,10035148974128667207,1,18.62695681,18.62695681,0.0,18.62695681,18.62695681,0.0,27.20595648
Pristine SCW Biochar,800,120,86.9,0.8,1.9,2.2,0.047180667,7.9,0.11,0.027,0.032,62.0,0.032,7.8,IBU,1440,30.0,7,160,0.05,0.15,25,0.125,24,Lake water,Single,1434047947901245121,1,19.44918292,19.44918292,0.0,19.44918292,19.44918292,0.0,27.08262256
Pristine SCW Biochar,800,120,86.9,0.8,1.9,2.2,0.047180667,7.9,0.11,0.027,0.032,62.0,0.032,7.8,IBU,1440,30.0,7,160,0.05,0.15,25,0.0,25,Lake water,Single,17685554107923277188,1,14.32155521,14.32155521,0.0,14.32155521,14.32155521,0.0,27.85176672
Pristine SCW Biochar,800,120,86.9,0.8,1.9,2.2,0.047180667,7.9,0.11,0.027,0.032,62.0,0.032,7.8,IBU,1440,30.0,7,160,0.05,0.15,25,0.025,26,Lake water,Single,10318845259088274007,1,16.2806267,16.2806267,0.0,16.2806267,16.2806267,0.0,27.557906
Pristine SCW Biochar,800,120,86.9,0.8,1.9,2.2,0.047180667,7.9,0.11,0.027,0.032,62.0,0.032,7.8,IBU,1440,30.0,7,160,0.05,0.15,25,0.05,27,Lake water,Single,16909384172031674935,1,17.4829162,17.4829162,0.0,17.4829162,17.4829162,0.0,27.37756257
Pristine SCW Biochar,800,120,86.9,0.8,1.9,2.2,0.047180667,7.9,0.11,0.027,0.032,62.0,0.032,7.8,IBU,1440,30.0,7,160,0.05,0.15,25,0.075,28,Lake water,Single,8277735782492451337,1,17.37899384,17.37899384,0.0,17.37899384,17.37899384,0.0,27.39315092
Pristine SCW Biochar,800,120,86.9,0.8,1.9,2.2,0.047180667,7.9,0.11,0.027,0.032,62.0,0.032,7.8,IBU,1440,30.0,7,160,0.05,0.15,25,0.1,29,Lake water,Single,6104056546037753352,1,18.17547271,18.17547271,0.0,18.17547271,18.17547271,0.0,27.27367909
Pristine SCW Biochar,800,120,86.9,0.8,1.9,2.2,0.047180667,7.9,0.11,0.027,0.032,62.0,0.032,7.8,IBU,1440,30.0,7,160,0.05,0.15,25,0.125,30,Lake water,Single,11301538891675795269,1,19.4925228,19.4925228,0.0,19.4925228,19.4925228,0.0,27.07612158
Pristine SCW Biochar,800,120,86.9,0.8,1.9,2.2,0.047180667,7.9,0.11,0.027,0.032,62.0,0.032,7.8,IBU,1440,30.0,7,160,0.05,0.15,25,0.0,31,Lake water,Single,4706177355981326037,1,15.1857729,15.1857729,0.0,15.1857729,15.1857729,0.0,27.72213406
Pristine SCW Biochar,800,120,86.9,0.8,1.9,2.2,0.047180667,7.9,0.11,0.027,0.032,62.0,0.032,7.8,IBU,1440,30.0,7,160,0.05,0.15,25,0.025,32,Lake water,Single,7141086523461716140,1,16.34091101,16.34091101,0.0,16.34091101,16.34091101,0.0,27.54886335
Pristine SCW Biochar,800,120,86.9,0.8,1.9,2.2,0.047180667,7.9,0.11,0.027,0.032,62.0,0.032,7.8,IBU,1440,30.0,7,160,0.05,0.15,25,0.05,33,Lake water,Single,7433009693820879975,1,16.49009198,16.49009198,0.0,16.49009198,16.49009198,0.0,27.5264862
Pristine SCW Biochar,800,120,86.9,0.8,1.9,2.2,0.047180667,7.9,0.11,0.027,0.032,62.0,0.032,7.8,IBU,1440,30.0,7,160,0.05,0.15,25,0.075,34,Lake water,Single,11985200381919112411,1,17.71615814,17.71615814,0.0,17.71615814,17.71615814,0.0,27.34257628
Pristine SCW Biochar,800,120,86.9,0.8,1.9,2.2,0.047180667,7.9,0.11,0.027,0.032,62.0,0.032,7.8,IBU,1440,30.0,7,160,0.05,0.15,25,0.1,35,Lake water,Single,6138360871993594151,1,18.6463515,18.6463515,0.0,18.6463515,18.6463515,0.0,27.20304727
Pristine SCW Biochar,800,120,86.9,0.8,1.9,2.2,0.047180667,7.9,0.11,0.027,0.032,62.0,0.032,7.8,IBU,1440,30.0,7,160,0.05,0.15,25,0.125,36,Lake water,Single,416113312277554450,1,19.4769526,19.4769526,0.0,19.4769526,19.4769526,0.0,27.07845711
Pristine SCW Biochar,800,120,86.9,0.8,1.9,2.2,0.047180667,7.9,0.11,0.027,0.032,62.0,0.032,7.8,NPX,1440,30.0,7,160,0.05,0.15,25,0.025,0,Secondary effluent,Single,16755461862370840366,3,18.38244058,18.36476039,1.3345300647425589,17.02147807,19.69036252,2.66888445,27.24263391
Pristine SCW Biochar,800,120,86.9,0.8,1.9,2.2,0.047180667,7.9,0.11,0.027,0.032,62.0,0.032,7.8,NPX,1440,30.0,7,160,0.05,0.15,25,0.05,0,Secondary effluent,Single,6288762701156006317,3,17.29507799,17.469630106666667,0.5124968379394208,17.06721067,18.04660166,0.9793909899999989,27.4057383
Pristine SCW Biochar,800,120,86.9,0.8,1.9,2.2,0.047180667,7.9,0.11,0.027,0.032,62.0,0.032,7.8,NPX,1440,30.0,7,160,0.05,0.15,25,0.075,0,Secondary effluent,Single,2461942620734296822,3,18.3312792,18.16668171666667,0.5978060575662277,17.50382046,18.66494549,1.161125030000001,27.25030812
Pristine SCW Biochar,800,120,86.9,0.8,1.9,2.2,0.047180667,7.9,0.11,0.027,0.032,62.0,0.032,7.8,NPX,1440,30.0,7,160,0.05,0.15,25,0.1,0,Secondary effluent,Single,14915493390938448242,3,17.59235683,17.80295215,0.49104907452226076,17.45232613,18.36417349,0.9118473599999994,27.36114648
Pristine SCW Biochar,800,120,86.9,0.8,1.9,2.2,0.047180667,7.9,0.11,0.027,0.032,62.0,0.032,7.8,NPX,1440,30.0,7,160,0.05,0.15,25,0.125,0,Secondary effluent,Single,14561758705567463404,3,16.04739171,16.593933173333333,1.2380267270163239,15.7232286,18.01117921,2.287950610000001,27.59289124
Pristine SCW Biochar,800,120,86.9,0.8,1.9,2.2,0.047180667,7.9,0.11,0.027,0.032,62.0,0.032,7.8,DCF,1440,30.0,7,160,0.05,0.15,25,0.025,0,Secondary effluent,Single,4659234226800065611,3,16.653938,16.754280406666666,0.259065204278275,16.56039561,17.04850761,0.488112000000001,27.5019093
Pristine SCW Biochar,800,120,86.9,0.8,1.9,2.2,0.047180667,7.9,0.11,0.027,0.032,62.0,0.032,7.8,DCF,1440,30.0,7,160,0.05,0.15,25,0.05,0,Secondary effluent,Single,11469103634136059972,3,16.3975333,16.225440486666667,0.33430642402455873,15.84014697,16.43864119,0.5984942199999992,27.54037001
Pristine SCW Biochar,800,120,86.9,0.8,1.9,2.2,0.047180667,7.9,0.11,0.027,0.032,62.0,0.032,7.8,DCF,1440,30.0,7,160,0.05,0.15,25,0.075,0,Secondary effluent,Single,13255282744427241635,3,16.61566462,16.729873036666664,0.7103360646339039,16.08356083,17.49039366,1.406832829999999,27.50765031
Pristine SCW Biochar,800,120,86.9,0.8,1.9,2.2,0.047180667,7.9,0.11,0.027,0.032,62.0,0.032,7.8,DCF,1440,30.0,7,160,0.05,0.15,25,0.1,0,Secondary effluent,Single,2813337390772277759,3,16.02054824,16.12470925,0.24522510836993347,15.94875858,16.40482093,0.45606234999999984,27.59691776
Pristine SCW Biochar,800,120,86.9,0.8,1.9,2.2,0.047180667,7.9,0.11,0.027,0.032,62.0,0.032,7.8,DCF,1440,30.0,7,160,0.05,0.15,25,0.125,0,Secondary effluent,Single,12147411485588615077,3,16.12257134,16.27880462,1.1562383874389388,15.20862662,17.5052159,2.296589279999999,27.5816143
Pristine SCW Biochar,800,120,86.9,0.8,1.9,2.2,0.047180667,7.9,0.11,0.027,0.032,62.0,0.032,7.8,IBU,1440,30.0,7,160,0.05,0.15,25,0.025,0,Secondary effluent,Single,3619321008973724267,3,16.58306542,16.69962294,1.4339733024475385,15.32748561,18.18831779,2.860832179999999,27.51254019
Pristine SCW Biochar,800,120,86.9,0.8,1.9,2.2,0.047180667,7.9,0.11,0.027,0.032,62.0,0.032,7.8,IBU,1440,30.0,7,160,0.05,0.15,25,0.05,0,Secondary effluent,Single,6767561828512103332,3,15.96808891,15.9520628,0.1950172240924493,15.74952702,16.13857247,0.38904544999999935,27.60478666
Pristine SCW Biochar,800,120,86.9,0.8,1.9,2.2,0.047180667,7.9,0.11,0.027,0.032,62.0,0.032,7.8,IBU,1440,30.0,7,160,0.05,0.15,25,0.075,0,Secondary effluent,Single,14598158743120574339,3,16.56583978,16.949738703333335,0.9032425473973809,16.30185883,17.9815175,1.6796586699999985,27.51512403
Pristine SCW Biochar,800,120,86.9,0.8,1.9,2.2,0.047180667,7.9,0.11,0.027,0.032,62.0,0.032,7.8,IBU,1440,30.0,7,160,0.05,0.15,25,0.1,0,Secondary effluent,Single,12552377453823545695,3,17.10001985,17.08573129666667,0.04577390992735557,17.03451743,17.12265661,0.08813917999999887,27.43499702
Pristine SCW Biochar,800,120,86.9,0.8,1.9,2.2,0.047180667,7.9,0.11,0.027,0.032,62.0,0.032,7.8,IBU,1440,30.0,7,160,0.05,0.15,25,0.125,0,Secondary effluent,Single,15269897442523904645,3,15.62815373,16.114370133333335,0.9359252957174554,15.52162466,17.19333201,1.6717073499999984,27.65577694
Pristine SCW Biochar,800,120,86.9,0.8,1.9,2.2,0.047180667,7.9,0.11,0.027,0.032,62.0,0.032,7.8,NPX,1440,30.0,7,160,0.05,0.15,15,0.0,0,Lake water,Single,1552924646859635109,3,15.34058377,15.437680766666666,0.7263476186632619,14.76476548,16.20769305,1.4429275700000002,27.69891243
Pristine SCW Biochar,800,120,86.9,0.8,1.9,2.2,0.047180667,7.9,0.11,0.027,0.032,62.0,0.032,7.8,NPX,1440,30.0,7,160,0.05,0.15,35,0.0,0,Lake water,Single,11837763596678212797,3,15.84978407,15.791963576666667,0.11082347058601938,15.66418759,15.86191907,0.19773148000000162,27.62253239
Pristine SCW Biochar,800,120,86.9,0.8,1.9,2.2,0.047180667,7.9,0.11,0.027,0.032,62.0,0.032,7.8,DCF,1440,30.0,7,160,0.05,0.15,15,0.0,0,Lake water,Single,5274733365413069900,3,14.49480101,15.062858920000002,1.0168037933920757,14.45701563,16.23676012,1.7797444899999988,27.82577985
Pristine SCW Biochar,800,120,86.9,0.8,1.9,2.2,0.047180667,7.9,0.11,0.027,0.032,62.0,0.032,7.8,DCF,1440,30.0,7,160,0.05,0.15,35,0.0,0,Lake water,Single,6206971621561388548,3,15.34495767,15.412308439999999,0.17849541229894542,15.2772873,15.61468035,0.3373930500000011,27.69825635
Pristine SCW Biochar,800,120,86.9,0.8,1.9,2.2,0.047180667,7.9,0.11,0.027,0.032,62.0,0.032,7.8,IBU,1440,30.0,7,160,0.05,0.15,15,0.0,0,Lake water,Single,17615662448436470124,3,14.80822459,15.201412249999999,0.7213257198605599,14.76211034,16.03390182,1.271791480000001,27.77876631
Pristine SCW Biochar,800,120,86.9,0.8,1.9,2.2,0.047180667,7.9,0.11,0.027,0.032,62.0,0.032,7.8,IBU,1440,30.0,7,160,0.05,0.15,35,0.0,0,Lake water,Single,10020431318658832484,3,15.78454518,15.613052526666666,0.4836541408094115,15.0670193,15.9875931,0.9205737999999997,27.63231822
Pristine SCW Biochar,800,120,86.9,0.8,1.9,2.2,0.047180667,7.9,0.11,0.027,0.032,62.0,0.032,7.8,NPX,1440,30.0,7,160,0.05,0.15,15,0.0,0,Secondary effluent,Single,14527147495807567373,3,17.10889887,16.931669993333333,0.42604304918026215,16.44561987,17.24049124,0.7948713699999992,27.43366517
Pristine SCW Biochar,800,120,86.9,0.8,1.9,2.2,0.047180667,7.9,0.11,0.027,0.032,62.0,0.032,7.8,NPX,1440,30.0,7,160,0.05,0.15,35,0.0,0,Secondary effluent,Single,18242488890160064085,3,18.50934797,17.819566419999997,1.2411421893482864,16.38674872,18.56260257,2.1758538499999993,27.2235978
Pristine SCW Biochar,800,120,86.9,0.8,1.9,2.2,0.047180667,7.9,0.11,0.027,0.032,62.0,0.032,7.8,DCF,1440,30.0,7,160,0.05,0.15,15,0.0,0,Secondary effluent,Single,9217257676294177556,3,18.40713328,18.411025133333336,0.25789629508740186,18.15509679,18.67084533,0.515748539999997,27.23893001
Pristine SCW Biochar,800,120,86.9,0.8,1.9,2.2,0.047180667,7.9,0.11,0.027,0.032,62.0,0.032,7.8,DCF,1440,30.0,7,160,0.05,0.15,35,0.0,0,Secondary effluent,Single,6194712352110633020,3,20.02057158,19.6243956,0.7048455901846106,18.81060415,20.04201107,1.2314069200000013,26.99691426
Pristine SCW Biochar,800,120,86.9,0.8,1.9,2.2,0.047180667,7.9,0.11,0.027,0.032,62.0,0.032,7.8,IBU,1440,30.0,7,160,0.05,0.15,15,0.0,0,Secondary effluent,Single,7086304982263032628,3,19.90873317,19.748608869999998,0.30193401899849853,19.400341,19.93675244,0.5364114399999984,27.01369002
Pristine SCW Biochar,800,120,86.9,0.8,1.9,2.2,0.047180667,7.9,0.11,0.027,0.032,62.0,0.032,7.8,IBU,1440,30.0,7,160,0.05,0.15,35,0.0,0,Secondary effluent,Single,870809365627718684,3,21.2613338,21.61935633,0.6801821463086368,21.19296471,22.40377048,1.2108057700000003,26.81079993
NaOH-activated SCW biochars,800,120,89.7,0.3,2.4,0.0,0.026755853,7.4,0.04,0.023,0.0,655.4,0.456,8.5,NXP,0,30.0,7,160,0.05,0.15,25,0.0,0,Lake water,Single,5245461172282193578,1,0.0,0.0,0.0,0.0,0.0,0.0,30.0
NaOH-activated SCW biochars,800,120,89.7,0.3,2.4,0.0,0.026755853,7.4,0.04,0.023,0.0,655.4,0.456,8.5,NXP,30,30.0,7,160,0.05,0.15,25,0.0,0,Lake water,Single,14264870295495404770,3,144.533151,158.75937023333333,34.22794746352768,133.9387453,197.8062144,63.867469099999994,8.320027347
NaOH-activated SCW biochars,800,120,89.7,0.3,2.4,0.0,0.026755853,7.4,0.04,0.023,0.0,655.4,0.456,8.5,NXP,60,30.0,7,160,0.05,0.15,25,0.0,0,Lake water,Single,16713817584777694125,3,150.1989005,152.6469987,6.564061916324231,147.6588002,160.0832954,12.424495199999996,7.470164925
NaOH-activated SCW biochars,800,120,89.7,0.3,2.4,0.0,0.026755853,7.4,0.04,0.023,0.0,655.4,0.456,8.5,NXP,120,30.0,7,160,0.05,0.15,25,0.0,0,Lake water,Single,4685062341137994735,3,157.48997,157.81970396666668,9.535655217654442,148.4531924,167.5159495,19.0627571,6.376504499
NaOH-activated SCW biochars,800,120,89.7,0.3,2.4,0.0,0.026755853,7.4,0.04,0.023,0.0,655.4,0.456,8.5,NXP,240,30.0,7,160,0.05,0.15,25,0.0,0,Lake water,Single,4194593071474876456,3,176.1731686,171.23751433333334,19.635171407996005,149.605412,187.9339624,38.32855040000001,3.574024713
NaOH-activated SCW biochars,800,120,89.7,0.3,2.4,0.0,0.026755853,7.4,0.04,0.023,0.0,655.4,0.456,8.5,NXP,480,30.0,7,160,0.05,0.15,25,0.0,0,Lake water,Single,8373899818906124747,3,193.5824935,190.09013016666665,8.185141839357758,180.7380892,195.9498078,15.211718600000012,0.962625973
NaOH-activated SCW biochars,800,120,89.7,0.3,2.4,0.0,0.026755853,7.4,0.04,0.023,0.0,655.4,0.456,8.5,NXP,720,30.0,7,160,0.05,0.15,25,0.0,0,Lake water,Single,9634413510874778580,3,193.6168628,185.14407176666668,15.270975570697702,167.515083,194.3002695,26.78518650000001,0.957470585
NaOH-activated SCW biochars,800,120,89.7,0.3,2.4,0.0,0.026755853,7.4,0.04,0.023,0.0,655.4,0.456,8.5,NXP,960,30.0,7,160,0.05,0.15,25,0.0,0,Lake water,Single,12199379342522602808,3,194.1076374,191.61656076666668,4.436214511295943,186.4946966,194.2473483,7.752651700000001,0.883854386
NaOH-activated SCW biochars,800,120,89.7,0.3,2.4,0.0,0.026755853,7.4,0.04,0.023,0.0,655.4,0.456,8.5,NXP,1440,30.0,7,160,0.05,0.15,25,0.0,0,Lake water,Single,2118038893511881000,6,191.04670835000002,190.939107,3.1333956937286107,186.4946966,194.2473483,7.752651700000001,1.342993747
NaOH-activated SCW biochars,800,120,89.7,0.3,2.4,0.0,0.026755853,7.4,0.04,0.023,0.0,655.4,0.456,8.5,DCF,0,30.0,7,160,0.05,0.15,25,0.0,0,Lake water,Single,6649734107257574144,1,0.0,0.0,0.0,0.0,0.0,0.0,30.0
NaOH-activated SCW biochars,800,120,89.7,0.3,2.4,0.0,0.026755853,7.4,0.04,0.023,0.0,655.4,0.456,8.5,DCF,30,30.0,7,160,0.05,0.15,25,0.0,0,Lake water,Single,214489569330710424,3,85.45114121,100.49696513333333,39.71557268390808,70.50262639,145.5371278,75.03450141,17.18232882
NaOH-activated SCW biochars,800,120,89.7,0.3,2.4,0.0,0.026755853,7.4,0.04,0.023,0.0,655.4,0.456,8.5,DCF,60,30.0,7,160,0.05,0.15,25,0.0,0,Lake water,Single,1825449701767930527,3,91.05162851,90.71094987666667,1.63168600593629,88.93581999,92.14540113,3.2095811399999974,16.34225572
NaOH-activated SCW biochars,800,120,89.7,0.3,2.4,0.0,0.026755853,7.4,0.04,0.023,0.0,655.4,0.456,8.5,DCF,120,30.0,7,160,0.05,0.15,25,0.0,0,Lake water,Single,17485199630258976541,3,95.45575979,95.99635124333334,10.906281770396633,85.37041814,107.1628758,21.792457659999997,15.68163603
NaOH-activated SCW biochars,800,120,89.7,0.3,2.4,0.0,0.026755853,7.4,0.04,0.023,0.0,655.4,0.456,8.5,DCF,240,30.0,7,160,0.05,0.15,25,0.0,0,Lake water,Single,13986775416817193490,3,102.0173098,98.41243805,13.165920449709875,83.81957075,109.4004336,25.580862850000003,14.69740353
NaOH-activated SCW biochars,800,120,89.7,0.3,2.4,0.0,0.026755853,7.4,0.04,0.023,0.0,655.4,0.456,8.5,DCF,480,30.0,7,160,0.05,0.15,25,0.0,0,Lake water,Single,14150664927640470001,3,92.89581855,96.68297920333333,12.67729499226648,86.33087176,110.8222473,24.491375540000007,16.06562722
NaOH-activated SCW biochars,800,120,89.7,0.3,2.4,0.0,0.026755853,7.4,0.04,0.023,0.0,655.4,0.456,8.5,DCF,720,30.0,7,160,0.05,0.15,25,0.0,0,Lake water,Single,17917615021032268182,3,98.33483822,93.29938012666666,9.635885298730775,82.1890143,99.37428786,17.18527356,15.24977427
NaOH-activated SCW biochars,800,120,89.7,0.3,2.4,0.0,0.026755853,7.4,0.04,0.023,0.0,655.4,0.456,8.5,DCF,960,30.0,7,160,0.05,0.15,25,0.0,0,Lake water,Single,1320219283924172994,3,98.53143789,96.54213813000001,4.97155176919039,90.8839765,100.211,9.327023499999996,15.22028432
NaOH-activated SCW biochars,800,120,89.7,0.3,2.4,0.0,0.026755853,7.4,0.04,0.023,0.0,655.4,0.456,8.5,DCF,1440,30.0,7,160,0.05,0.15,25,0.0,0,Lake water,Single,8967210610406948114,12,92.52561308,95.11971147583334,7.776416118390369,84.7324625,107.8474291,23.114966600000002,16.12115804
NaOH-activated SCW biochars,800,120,89.7,0.3,2.4,0.0,0.026755853,7.4,0.04,0.023,0.0,655.4,0.456,8.5,IBU,0,30.0,7,160,0.05,0.15,25,0.0,0,Lake water,Single,9758693426870392352,1,0.0,0.0,0.0,0.0,0.0,0.0,30.0
NaOH-activated SCW biochars,800,120,89.7,0.3,2.4,0.0,0.026755853,7.4,0.04,0.023,0.0,655.4,0.456,8.5,IBU,30,30.0,7,160,0.05,0.15,25,0.0,0,Lake water,Single,15105263796712302264,3,71.26186908,82.94064974666667,34.984874766381104,55.28905586,122.2710243,66.98196844,19.31071964
NaOH-activated SCW biochars,800,120,89.7,0.3,2.4,0.0,0.026755853,7.4,0.04,0.023,0.0,655.4,0.456,8.5,IBU,60,30.0,7,160,0.05,0.15,25,0.0,0,Lake water,Single,1973144803701592767,3,73.30368092,73.90531558666667,1.1370323045867072,73.19550477,75.21676107,2.0212563000000046,19.00444786
NaOH-activated SCW biochars,800,120,89.7,0.3,2.4,0.0,0.026755853,7.4,0.04,0.023,0.0,655.4,0.456,8.5,IBU,120,30.0,7,160,0.05,0.15,25,0.0,0,Lake water,Single,5290555006896039165,3,79.17594846,78.44626987666666,8.856176269095728,69.24782798,86.91503319,17.667205210000006,18.12360773
NaOH-activated SCW biochars,800,120,89.7,0.3,2.4,0.0,0.026755853,7.4,0.04,0.023,0.0,655.4,0.456,8.5,IBU,240,30.0,7,160,0.05,0.15,25,0.0,0,Lake water,Single,6525715953273260978,3,79.91301527,79.18924554333334,10.310015062059042,68.53641667,89.11830469,20.581888020000008,18.01304771
NaOH-activated SCW biochars,800,120,89.7,0.3,2.4,0.0,0.026755853,7.4,0.04,0.023,0.0,655.4,0.456,8.5,IBU,480,30.0,7,160,0.05,0.15,25,0.0,0,Lake water,Single,10242914612736322065,3,68.49643457,74.14551093333334,12.036235371328315,65.97291703,87.9671812,21.994264169999994,19.72553481
NaOH-activated SCW biochars,800,120,89.7,0.3,2.4,0.0,0.026755853,7.4,0.04,0.023,0.0,655.4,0.456,8.5,IBU,720,30.0,7,160,0.05,0.15,25,0.0,0,Lake water,Single,11851203687420530550,3,75.44196368,72.47042869666666,8.562027948140813,62.81852335,79.15079906,16.332275709999998,18.68370545
NaOH-activated SCW biochars,800,120,89.7,0.3,2.4,0.0,0.026755853,7.4,0.04,0.023,0.0,655.4,0.456,8.5,IBU,960,30.0,7,160,0.05,0.15,25,0.0,0,Lake water,Single,5948951389096726370,3,79.93079374,77.82652798666668,4.568703157681563,72.58487273,80.96391749,8.37904476,18.01038094
NaOH-activated SCW biochars,800,120,89.7,0.3,2.4,0.0,0.026755853,7.4,0.04,0.023,0.0,655.4,0.456,8.5,IBU,1440,30.0,7,160,0.05,0.15,25,0.0,0,Lake water,Single,7280493372433106610,12,73.65280341,75.724004935,7.134742140981697,65.45124426,88.38450936,22.9332651,18.952079485
NaOH-activated SCW biochars,800,120,89.7,0.3,2.4,0.0,0.026755853,7.4,0.04,0.023,0.0,655.4,0.456,8.5,NXP,0,30.0,7,160,0.05,0.15,25,0.0,0,Secondary effluent,Single,11463466362237138402,1,0.0,0.0,0.0,0.0,0.0,0.0,30.0
NaOH-activated SCW biochars,800,120,89.7,0.3,2.4,0.0,0.026755853,7.4,0.04,0.023,0.0,655.4,0.456,8.5,NXP,30,30.0,7,160,0.05,0.15,25,0.0,0,Secondary effluent,Single,12429355053059418026,3,90.16372742,89.56054067666666,8.062833961852544,81.21305296,97.30484165,16.09178869,16.47544089
NaOH-activated SCW biochars,800,120,89.7,0.3,2.4,0.0,0.026755853,7.4,0.04,0.023,0.0,655.4,0.456,8.5,NXP,60,30.0,7,160,0.05,0.15,25,0.0,0,Secondary effluent,Single,14609237521165358149,3,104.2284102,103.71509420000001,1.8535906460244098,101.6589423,105.2579301,3.598987799999989,14.36573847
NaOH-activated SCW biochars,800,120,89.7,0.3,2.4,0.0,0.026755853,7.4,0.04,0.023,0.0,655.4,0.456,8.5,NXP,120,30.0,7,160,0.05,0.15,25,0.0,0,Secondary effluent,Single,446328556523201111,3,130.9519993,131.08809603333336,0.6002737990460835,130.5675555,131.7447333,1.1771778000000097,10.35720011
NaOH-activated SCW biochars,800,120,89.7,0.3,2.4,0.0,0.026755853,7.4,0.04,0.023,0.0,655.4,0.456,8.5,NXP,240,30.0,7,160,0.05,0.15,25,0.0,0,Secondary effluent,Single,1551655804826946544,3,153.5606127,150.12964639999998,11.120131978231301,137.6983484,159.1299781,21.431629700000002,6.965908089
NaOH-activated SCW biochars,800,120,89.7,0.3,2.4,0.0,0.026755853,7.4,0.04,0.023,0.0,655.4,0.456,8.5,NXP,480,30.0,7,160,0.05,0.15,25,0.0,0,Secondary effluent,Single,12674212456835948851,3,166.7371919,166.4701997,0.7271545728605638,165.6472907,167.0261165,1.3788257999999871,4.989421214
NaOH-activated SCW biochars,800,120,89.7,0.3,2.4,0.0,0.026755853,7.4,0.04,0.023,0.0,655.4,0.456,8.5,NXP,720,30.0,7,160,0.05,0.15,25,0.0,0,Secondary effluent,Single,12588539707960640012,3,174.3891721,174.3072982,4.803187929016779,169.4636967,179.0690258,9.605329099999977,3.841624192
NaOH-activated SCW biochars,800,120,89.7,0.3,2.4,0.0,0.026755853,7.4,0.04,0.023,0.0,655.4,0.456,8.5,NXP,960,30.0,7,160,0.05,0.15,25,0.0,0,Secondary effluent,Single,3988610212697559040,3,174.0987509,174.25259486666667,0.2882393990424688,174.0739176,174.5851161,0.5111985000000061,3.885187372
NaOH-activated SCW biochars,800,120,89.7,0.3,2.4,0.0,0.026755853,7.4,0.04,0.023,0.0,655.4,0.456,8.5,NXP,1440,30.0,7,160,0.05,0.15,25,0.0,0,Secondary effluent,Single,10547200906881874672,6,179.92426765,179.86894148333332,6.010461319128573,174.0997342,185.4803703,11.380636100000004,3.0113598484999997
NaOH-activated SCW biochars,800,120,89.7,0.3,2.4,0.0,0.026755853,7.4,0.04,0.023,0.0,655.4,0.456,8.5,DCF,0,30.0,7,160,0.05,0.15,25,0.0,0,Secondary effluent,Single,4097433552957510200,1,0.0,0.0,0.0,0.0,0.0,0.0,30.0
NaOH-activated SCW biochars,800,120,89.7,0.3,2.4,0.0,0.026755853,7.4,0.04,0.023,0.0,655.4,0.456,8.5,DCF,30,30.0,7,160,0.05,0.15,25,0.0,0,Secondary effluent,Single,8973503642251044448,3,48.76561963,49.059636780000005,0.6720493947279331,48.58470016,49.82859055,1.2438903900000042,22.68515706
NaOH-activated SCW biochars,800,120,89.7,0.3,2.4,0.0,0.026755853,7.4,0.04,0.023,0.0,655.4,0.456,8.5,DCF,60,30.0,7,160,0.05,0.15,25,0.0,0,Secondary effluent,Single,8132899750145070855,3,60.68388993,60.370739996666664,0.994515879419029,59.25733972,61.17099034,1.9136506200000056,20.89741651
NaOH-activated SCW biochars,800,120,89.7,0.3,2.4,0.0,0.026755853,7.4,0.04,0.023,0.0,655.4,0.456,8.5,DCF,120,30.0,7,160,0.05,0.15,25,0.0,0,Secondary effluent,Single,10455380725152883637,3,73.87287411,74.12510109666665,1.1467629617614588,73.12544754,75.37698164,2.2515341000000006,18.91906888
NaOH-activated SCW biochars,800,120,89.7,0.3,2.4,0.0,0.026755853,7.4,0.04,0.023,0.0,655.4,0.456,8.5,DCF,240,30.0,7,160,0.05,0.15,25,0.0,0,Secondary effluent,Single,3249913649156960858,3,82.2331982,82.24230976666666,1.7639476495591777,80.48293555,84.01079555,3.527860000000004,17.66502027
NaOH-activated SCW biochars,800,120,89.7,0.3,2.4,0.0,0.026755853,7.4,0.04,0.023,0.0,655.4,0.456,8.5,DCF,480,30.0,7,160,0.05,0.15,25,0.0,0,Secondary effluent,Single,2892051548520492425,3,81.93930885,82.16626352333334,1.2202759735897664,81.07539783,83.48408389,2.4086860599999937,17.70910367
NaOH-activated SCW biochars,800,120,89.7,0.3,2.4,0.0,0.026755853,7.4,0.04,0.023,0.0,655.4,0.456,8.5,DCF,720,30.0,7,160,0.05,0.15,25,0.0,0,Secondary effluent,Single,13926868731529471070,3,82.83055081,83.00977375666666,0.48377474881491084,82.6411851,83.55758536,0.9164002600000032,17.57541738
NaOH-activated SCW biochars,800,120,89.7,0.3,2.4,0.0,0.026755853,7.4,0.04,0.023,0.0,655.4,0.456,8.5,DCF,960,30.0,7,160,0.05,0.15,25,0.0,0,Secondary effluent,Single,6280546985017538186,3,82.6411851,82.7065448,0.41886197270712455,82.32420485,83.15424445,0.8300395999999921,17.60382223
NaOH-activated SCW biochars,800,120,89.7,0.3,2.4,0.0,0.026755853,7.4,0.04,0.023,0.0,655.4,0.456,8.5,DCF,1440,30.0,7,160,0.05,0.15,25,0.0,0,Secondary effluent,Single,14802185984964681562,15,77.22438452,79.99822686533334,10.272856265847588,69.45804224,109.0937645,39.63572226000001,18.41634232
NaOH-activated SCW biochars,800,120,89.7,0.3,2.4,0.0,0.026755853,7.4,0.04,0.023,0.0,655.4,0.456,8.5,IBU,0,30.0,7,160,0.05,0.15,25,0.0,0,Secondary effluent,Single,18031951279925841496,1,0.0,0.0,0.0,0.0,0.0,0.0,30.0
NaOH-activated SCW biochars,800,120,89.7,0.3,2.4,0.0,0.026755853,7.4,0.04,0.023,0.0,655.4,0.456,8.5,IBU,30,30.0,7,160,0.05,0.15,25,0.0,0,Secondary effluent,Single,7439356660872997760,3,38.20195295,38.036012983333336,0.3659551890774128,37.61648521,38.28960079,0.673115580000001,24.26970706
NaOH-activated SCW biochars,800,120,89.7,0.3,2.4,0.0,0.026755853,7.4,0.04,0.023,0.0,655.4,0.456,8.5,IBU,60,30.0,7,160,0.05,0.15,25,0.0,0,Secondary effluent,Single,3280576637481085735,3,49.12704629,50.28060189666667,3.250022963021562,47.76470588,53.95005352,6.185347639999996,22.63094306
NaOH-activated SCW biochars,800,120,89.7,0.3,2.4,0.0,0.026755853,7.4,0.04,0.023,0.0,655.4,0.456,8.5,IBU,120,30.0,7,160,0.05,0.15,25,0.0,0,Secondary effluent,Single,2475666081309423509,3,62.99284614,62.996410016666665,0.243779493752597,62.754432,63.24195191,0.48751990999999606,20.55107308
NaOH-activated SCW biochars,800,120,89.7,0.3,2.4,0.0,0.026755853,7.4,0.04,0.023,0.0,655.4,0.456,8.5,IBU,240,30.0,7,160,0.05,0.15,25,0.0,0,Secondary effluent,Single,7140885989460122234,3,65.00045691,62.77976641,3.881244514054734,58.29815148,65.04069084,6.742539359999995,20.24993146
NaOH-activated SCW biochars,800,120,89.7,0.3,2.4,0.0,0.026755853,7.4,0.04,0.023,0.0,655.4,0.456,8.5,IBU,480,30.0,7,160,0.05,0.15,25,0.0,0,Secondary effluent,Single,5352559836577404585,3,65.18409441,64.01628765,2.135982585550552,61.55100389,65.31376465,3.762760759999999,20.22238584
NaOH-activated SCW biochars,800,120,89.7,0.3,2.4,0.0,0.026755853,7.4,0.04,0.023,0.0,655.4,0.456,8.5,IBU,720,30.0,7,160,0.05,0.15,25,0.0,0,Secondary effluent,Single,271021551376951870,3,65.30178063,64.68372018000001,2.0053529723469508,62.44209028,66.30728963,3.8651993499999975,20.20473291
NaOH-activated SCW biochars,800,120,89.7,0.3,2.4,0.0,0.026755853,7.4,0.04,0.023,0.0,655.4,0.456,8.5,IBU,960,30.0,7,160,0.05,0.15,25,0.0,0,Secondary effluent,Single,4601601497501002282,3,65.65806376,64.44393097,2.74507137294339,61.30115402,66.37257513,5.071421110000003,20.15129044
NaOH-activated SCW biochars,800,120,89.7,0.3,2.4,0.0,0.026755853,7.4,0.04,0.023,0.0,655.4,0.456,8.5,IBU,1440,30.0,7,160,0.05,0.15,25,0.0,0,Secondary effluent,Single,14131146040637425530,12,65.65332219000001,65.87214037583333,4.902019083895888,59.49027235,72.73453868,13.244266330000002,20.152001669999997
NaOH-activated SCW biochars,800,120,89.7,0.3,2.4,0.0,0.026755853,7.4,0.04,0.023,0.0,655.4,0.456,8.5,NXP,1440,10.0,7,160,0.05,0.15,25,0.0,0,Lake water,Single,3099091790055441418,3,64.2882987,64.28645977666666,0.004680229285240621,64.28113937,64.28994126,0.008801890000000867,0.356755195
NaOH-activated SCW biochars,800,120,89.7,0.3,2.4,0.0,0.026755853,7.4,0.04,0.023,0.0,655.4,0.456,8.5,NXP,1440,20.0,7,160,0.05,0.15,25,0.0,0,Lake water,Single,14606981018865399406,3,130.2845151,130.15477126666667,0.3752350948540652,129.7318822,130.4479165,0.7160342999999898,0.45732273
NaOH-activated SCW biochars,800,120,89.7,0.3,2.4,0.0,0.026755853,7.4,0.04,0.023,0.0,655.4,0.456,8.5,NXP,1440,40.0,7,160,0.05,0.15,25,0.0,0,Lake water,Single,972169340502199595,3,246.5544737,244.472251,7.634676297914795,236.0124778,250.8498015,14.837323700000013,3.016828941
NaOH-activated SCW biochars,800,120,89.7,0.3,2.4,0.0,0.026755853,7.4,0.04,0.023,0.0,655.4,0.456,8.5,NXP,1440,50.0,7,160,0.05,0.15,25,0.0,0,Lake water,Single,7853680181652163053,3,266.2126217,266.64896846666664,0.9739097310018793,265.9695332,267.7647505,1.7952172999999902,10.06810674
NaOH-activated SCW biochars,800,120,89.7,0.3,2.4,0.0,0.026755853,7.4,0.04,0.023,0.0,655.4,0.456,8.5,DCF,1440,10.0,7,160,0.05,0.15,25,0.0,0,Lake water,Single,11868060160872618720,3,62.57653284,62.6404193,0.39489895302968786,62.2813586,63.06336646,0.7820078600000002,0.613520074
NaOH-activated SCW biochars,800,120,89.7,0.3,2.4,0.0,0.026755853,7.4,0.04,0.023,0.0,655.4,0.456,8.5,DCF,1440,20.0,7,160,0.05,0.15,25,0.0,0,Lake water,Single,3016108467998859332,3,93.21063911,95.62235119666667,4.41899227859944,92.93395168,100.7224628,7.7885111199999955,6.018404134
NaOH-activated SCW biochars,800,120,89.7,0.3,2.4,0.0,0.026755853,7.4,0.04,0.023,0.0,655.4,0.456,8.5,DCF,1440,40.0,7,160,0.05,0.15,25,0.0,0,Lake water,Single,7603751292881397173,3,100.369383,100.57359422999998,2.985251091902799,97.69569189,103.6557078,5.960015909999996,24.94459255
NaOH-activated SCW biochars,800,120,89.7,0.3,2.4,0.0,0.026755853,7.4,0.04,0.023,0.0,655.4,0.456,8.5,DCF,1440,50.0,7,160,0.05,0.15,25,0.0,0,Lake water,Single,10268120446812960067,3,87.88959852,90.09009025333334,4.435684545232388,87.18488053,95.19579171,8.010911179999994,36.81656022
NaOH-activated SCW biochars,800,120,89.7,0.3,2.4,0.0,0.026755853,7.4,0.04,0.023,0.0,655.4,0.456,8.5,IBU,1440,10.0,7,160,0.05,0.15,25,0.0,0,Lake water,Single,14054837534172656128,3,59.62634316,59.752573456666674,0.7548308897995877,59.06881572,60.56256149,1.4937457699999968,1.056048526
NaOH-activated SCW biochars,800,120,89.7,0.3,2.4,0.0,0.026755853,7.4,0.04,0.023,0.0,655.4,0.456,8.5,IBU,1440,20.0,7,160,0.05,0.15,25,0.0,0,Lake water,Single,7072553200284629348,3,70.38856734,71.12458635,4.815558517013483,66.7194092,76.26578251,9.546373309999993,9.441714899
NaOH-activated SCW biochars,800,120,89.7,0.3,2.4,0.0,0.026755853,7.4,0.04,0.023,0.0,655.4,0.456,8.5,IBU,1440,40.0,7,160,0.05,0.15,25,0.0,0,Lake water,Single,11504996026361433749,3,82.90389308,83.47547071666666,12.74727535745552,71.02359871,96.49892036,25.475321649999998,27.56441604
NaOH-activated SCW biochars,800,120,89.7,0.3,2.4,0.0,0.026755853,7.4,0.04,0.023,0.0,655.4,0.456,8.5,IBU,1440,50.0,7,160,0.05,0.15,25,0.0,0,Lake water,Single,8271192641393380643,3,66.17053164,68.93081801,4.938264143934977,65.98984246,74.63207993,8.642237469999998,40.07442025
NaOH-activated SCW biochars,800,120,89.7,0.3,2.4,0.0,0.026755853,7.4,0.04,0.023,0.0,655.4,0.456,8.5,NXP,1440,10.0,7,160,0.05,0.15,25,0.0,0,Secondary effluent,Single,16405048272212825666,3,64.8903021,64.92595726666667,0.06423485716208689,64.88745858,65.00011112,0.11265253999999914,0.266454685
NaOH-activated SCW biochars,800,120,89.7,0.3,2.4,0.0,0.026755853,7.4,0.04,0.023,0.0,655.4,0.456,8.5,NXP,1440,20.0,7,160,0.05,0.15,25,0.0,0,Secondary effluent,Single,13765390047063166502,3,126.0338032,126.0172644,0.13512206890704,125.8746342,126.1433558,0.2687215999999921,1.094929524
NaOH-activated SCW biochars,800,120,89.7,0.3,2.4,0.0,0.026755853,7.4,0.04,0.023,0.0,655.4,0.456,8.5,NXP,1440,40.0,7,160,0.05,0.15,25,0.0,0,Secondary effluent,Single,3540536502839737235,3,225.3867619,226.44716446666666,2.769780368677622,224.3642559,229.5904756,5.2262197000000015,6.191985708
NaOH-activated SCW biochars,800,120,89.7,0.3,2.4,0.0,0.026755853,7.4,0.04,0.023,0.0,655.4,0.456,8.5,NXP,1440,50.0,7,160,0.05,0.15,25,0.0,0,Secondary effluent,Single,10087744159834544517,3,253.7893399,250.99378393333336,7.373442589271933,242.6313591,256.5606528,13.929293700000017,11.93159901
NaOH-activated SCW biochars,800,120,89.7,0.3,2.4,0.0,0.026755853,7.4,0.04,0.023,0.0,655.4,0.456,8.5,DCF,1440,10.0,7,160,0.05,0.15,25,0.0,0,Secondary effluent,Single,14731060229230471192,3,54.75327727,55.08790699,0.7919255165770014,54.51822576,55.99221794,1.4739921800000033,1.78700841
NaOH-activated SCW biochars,800,120,89.7,0.3,2.4,0.0,0.026755853,7.4,0.04,0.023,0.0,655.4,0.456,8.5,DCF,1440,20.0,7,160,0.05,0.15,25,0.0,0,Secondary effluent,Single,5541933350374393212,3,77.09472432,78.06662676666667,8.123189982291946,70.47311206,86.63204392,16.158931859999996,8.435791352
NaOH-activated SCW biochars,800,120,89.7,0.3,2.4,0.0,0.026755853,7.4,0.04,0.023,0.0,655.4,0.456,8.5,DCF,1440,40.0,7,160,0.05,0.15,25,0.0,0,Secondary effluent,Single,12615432238208671005,3,92.0230423,91.81262039666667,4.84786474220014,86.86297093,96.55184796,9.68887703,26.19654365
NaOH-activated SCW biochars,800,120,89.7,0.3,2.4,0.0,0.026755853,7.4,0.04,0.023,0.0,655.4,0.456,8.5,DCF,1440,50.0,7,160,0.05,0.15,25,0.0,0,Secondary effluent,Single,10427946335696234203,3,95.69277177,101.01157119333334,11.804464303422007,92.80229311,114.5396487,21.737355590000007,35.64608424
NaOH-activated SCW biochars,800,120,89.7,0.3,2.4,0.0,0.026755853,7.4,0.04,0.023,0.0,655.4,0.456,8.5,IBU,1440,10.0,7,160,0.05,0.15,25,0.0,0,Secondary effluent,Single,6260261985190404920,3,52.90707681,53.36905010666667,0.8961606413789279,52.79813938,54.40193413,1.6037947499999987,2.063938478
NaOH-activated SCW biochars,800,120,89.7,0.3,2.4,0.0,0.026755853,7.4,0.04,0.023,0.0,655.4,0.456,8.5,IBU,1440,20.0,7,160,0.05,0.15,25,0.0,0,Secondary effluent,Single,599381209477399324,3,66.76808811,72.36186154666666,10.461715427225217,65.8862209,84.43127563,18.545054730000004,9.984786783
NaOH-activated SCW biochars,800,120,89.7,0.3,2.4,0.0,0.026755853,7.4,0.04,0.023,0.0,655.4,0.456,8.5,IBU,1440,40.0,7,160,0.05,0.15,25,0.0,0,Secondary effluent,Single,3926410718330234365,3,70.35687624,73.27148171333334,5.536540334511678,69.80109888,79.65647002,9.855371140000003,29.44646856
NaOH-activated SCW biochars,800,120,89.7,0.3,2.4,0.0,0.026755853,7.4,0.04,0.023,0.0,655.4,0.456,8.5,IBU,1440,50.0,7,160,0.05,0.15,25,0.0,0,Secondary effluent,Single,3396071663462261947,3,73.29670399,73.78586834333332,0.85541495608449,73.28729951,74.77360153,1.4863020199999966,39.0054944
NaOH-activated SCW biochars,800,120,89.7,0.3,2.4,0.0,0.026755853,7.4,0.04,0.023,0.0,655.4,0.456,8.5,NPX,1440,30.0,5,160,0.05,0.15,25,0.0,0,Lake water,Single,11475152202198812938,3,196.7817474,196.68623146666664,0.8412500248875481,195.8013002,197.4756468,1.674346600000007,0.482737893
NaOH-activated SCW biochars,800,120,89.7,0.3,2.4,0.0,0.026755853,7.4,0.04,0.023,0.0,655.4,0.456,8.5,NPX,1440,30.0,7,160,0.05,0.15,25,0.0,0,Lake water,Single,4955113764694054183,6,184.8805772,184.62142870000002,7.346941005046794,173.2751979,195.1656634,21.890465500000005,2.2679134195
NaOH-activated SCW biochars,800,120,89.7,0.3,2.4,0.0,0.026755853,7.4,0.04,0.023,0.0,655.4,0.456,8.5,NPX,1440,30.0,9,160,0.05,0.15,25,0.0,0,Lake water,Single,16194911679066073778,3,174.6705689,177.45908943333336,6.0726534578062505,173.2815246,184.4251748,11.143650199999996,3.799414661
NaOH-activated SCW biochars,800,120,89.7,0.3,2.4,0.0,0.026755853,7.4,0.04,0.023,0.0,655.4,0.456,8.5,NPX,1440,30.0,11,160,0.05,0.15,25,0.0,0,Lake water,Single,12027180648520418897,3,171.3788888,172.27670236666665,4.221736245558917,168.5760905,176.8751278,8.299037300000009,4.293166685
NaOH-activated SCW biochars,800,120,89.7,0.3,2.4,0.0,0.026755853,7.4,0.04,0.023,0.0,655.4,0.456,8.5,DCF,1440,30.0,5,160,0.05,0.15,25,0.0,0,Lake water,Single,14578678662863299839,3,118.9174435,118.03894253333333,3.543005258537745,114.1393361,121.060048,6.920711900000001,12.16238347
NaOH-activated SCW biochars,800,120,89.7,0.3,2.4,0.0,0.026755853,7.4,0.04,0.023,0.0,655.4,0.456,8.5,DCF,1440,30.0,9,160,0.05,0.15,25,0.0,0,Lake water,Single,13244999927062172935,3,87.55866613,85.92777657666666,7.966663720412959,77.27186751,92.95279609,15.68092858,16.86620008
NaOH-activated SCW biochars,800,120,89.7,0.3,2.4,0.0,0.026755853,7.4,0.04,0.023,0.0,655.4,0.456,8.5,DCF,1440,30.0,11,160,0.05,0.15,25,0.0,0,Lake water,Single,9608873068191408344,3,80.01233269,79.86402671666666,3.163437355207018,76.62904474,82.95070272,6.321657979999998,17.9981501
NaOH-activated SCW biochars,800,120,89.7,0.3,2.4,0.0,0.026755853,7.4,0.04,0.023,0.0,655.4,0.456,8.5,IBU,1440,30.0,5,160,0.05,0.15,25,0.0,0,Lake water,Single,11060130621897919519,3,110.1641806,111.78636506666665,5.421220183414184,107.3614267,117.8334879,10.472061199999999,13.4753729
NaOH-activated SCW biochars,800,120,89.7,0.3,2.4,0.0,0.026755853,7.4,0.04,0.023,0.0,655.4,0.456,8.5,IBU,1440,30.0,9,160,0.05,0.15,25,0.0,0,Lake water,Single,1679362861371580711,3,65.19424479,63.075164660000006,6.3297113845218735,55.95778911,68.07346008,12.115670970000004,20.22086328
NaOH-activated SCW biochars,800,120,89.7,0.3,2.4,0.0,0.026755853,7.4,0.04,0.023,0.0,655.4,0.456,8.5,IBU,1440,30.0,11,160,0.05,0.15,25,0.0,0,Lake water,Single,14718507175210602104,3,51.92702275,51.018203923333324,1.6792514133830807,49.08041271,52.04717631,2.9667636,22.21094659
NaOH-activated SCW biochars,800,120,89.7,0.3,2.4,0.0,0.026755853,7.4,0.04,0.023,0.0,655.4,0.456,8.5,NPX,1440,30.0,5,160,0.05,0.15,25,0.0,0,Secondary effluent,Single,12143757583447324994,3,190.595886,190.38147410000002,2.8517547573249664,187.4285651,193.1199712,5.691406100000023,1.410617099
NaOH-activated SCW biochars,800,120,89.7,0.3,2.4,0.0,0.026755853,7.4,0.04,0.023,0.0,655.4,0.456,8.5,NPX,1440,30.0,7,160,0.05,0.15,25,0.0,0,Secondary effluent,Single,7070640037739440319,9,172.0266924,173.8720746555556,5.2540772517331185,167.1365714,185.2729541,18.136382699999984,4.19599614
NaOH-activated SCW biochars,800,120,89.7,0.3,2.4,0.0,0.026755853,7.4,0.04,0.023,0.0,655.4,0.456,8.5,NPX,1440,30.0,9,160,0.05,0.15,25,0.0,0,Secondary effluent,Single,852043111923116922,3,152.656609,154.4882069,4.24740555145531,151.4639055,159.3441062,7.880200699999989,7.101508649
NaOH-activated SCW biochars,800,120,89.7,0.3,2.4,0.0,0.026755853,7.4,0.04,0.023,0.0,655.4,0.456,8.5,NPX,1440,30.0,11,160,0.05,0.15,25,0.0,0,Secondary effluent,Single,15261173828235182569,3,145.3785096,145.913595,4.758363152208212,141.4453925,150.9168829,9.471490399999993,8.193223553
NaOH-activated SCW biochars,800,120,89.7,0.3,2.4,0.0,0.026755853,7.4,0.04,0.023,0.0,655.4,0.456,8.5,DCF,1440,30.0,5,160,0.05,0.15,25,0.0,0,Secondary effluent,Single,18018378148491117671,3,96.67411867,95.87905449,6.012469622893867,89.5086089,101.4544359,11.945826999999994,15.4988822
NaOH-activated SCW biochars,800,120,89.7,0.3,2.4,0.0,0.026755853,7.4,0.04,0.023,0.0,655.4,0.456,8.5,DCF,1440,30.0,9,160,0.05,0.15,25,0.0,0,Secondary effluent,Single,1787412344397427871,3,62.75924066,62.755604436666665,0.7742707888520197,61.97952194,63.52805071,1.5485287700000043,20.5861139
NaOH-activated SCW biochars,800,120,89.7,0.3,2.4,0.0,0.026755853,7.4,0.04,0.023,0.0,655.4,0.456,8.5,DCF,1440,30.0,11,160,0.05,0.15,25,0.0,0,Secondary effluent,Single,17454219733314565792,3,51.973701,52.67451023,2.1902943543581648,50.92038659,55.1294431,4.2090565100000035,22.20394485
NaOH-activated SCW biochars,800,120,89.7,0.3,2.4,0.0,0.026755853,7.4,0.04,0.023,0.0,655.4,0.456,8.5,IBU,1440,30.0,5,160,0.05,0.15,25,0.0,0,Secondary effluent,Single,1502419750140885639,3,94.31416328,91.36965940666668,5.267430613232705,85.28836766,94.50644728,9.218079619999997,15.85287551
NaOH-activated SCW biochars,800,120,89.7,0.3,2.4,0.0,0.026755853,7.4,0.04,0.023,0.0,655.4,0.456,8.5,IBU,1440,30.0,9,160,0.05,0.15,25,0.0,0,Secondary effluent,Single,15807910494372115647,3,50.22163876,50.42726465333333,1.1438262795523872,49.40019838,51.65995682,2.259758439999999,22.46675419
NaOH-activated SCW biochars,800,120,89.7,0.3,2.4,0.0,0.026755853,7.4,0.04,0.023,0.0,655.4,0.456,8.5,IBU,1440,30.0,11,160,0.05,0.15,25,0.0,0,Secondary effluent,Single,8791253579198486592,3,38.06104336,37.63456962666667,0.961021659047713,36.53411647,38.30854905,1.7744325800000027,24.2908435
NaOH-activated SCW biochars,800,120,89.7,0.3,2.4,0.0,0.026755853,7.4,0.04,0.023,0.0,655.4,0.456,8.5,NPX,1440,30.0,7,160,0.05,0.15,25,0.025,0,Lake water,Single,11951203962836210888,3,190.729034,191.53094973333336,1.6733900304804357,190.4094318,193.4543834,3.0449516000000187,1.390644898
NaOH-activated SCW biochars,800,120,89.7,0.3,2.4,0.0,0.026755853,7.4,0.04,0.023,0.0,655.4,0.456,8.5,NPX,1440,30.0,7,160,0.05,0.15,25,0.05,0,Lake water,Single,12677758060632403951,3,191.812615,191.05646776666666,2.0584869511521235,188.7268436,192.6299447,3.903101100000015,1.228107755
NaOH-activated SCW biochars,800,120,89.7,0.3,2.4,0.0,0.026755853,7.4,0.04,0.023,0.0,655.4,0.456,8.5,NPX,1440,30.0,7,160,0.05,0.15,25,0.075,0,Lake water,Single,14471689904737011072,3,192.0140311,191.4569832,4.252284980228866,186.9536278,195.4032907,8.449662900000021,1.197895336
NaOH-activated SCW biochars,800,120,89.7,0.3,2.4,0.0,0.026755853,7.4,0.04,0.023,0.0,655.4,0.456,8.5,NPX,1440,30.0,7,160,0.05,0.15,25,0.1,0,Lake water,Single,8851402207740138500,3,193.8653434,193.50419876666663,0.8129541233507632,192.573243,194.0740099,1.5007669000000021,0.920198496
NaOH-activated SCW biochars,800,120,89.7,0.3,2.4,0.0,0.026755853,7.4,0.04,0.023,0.0,655.4,0.456,8.5,NPX,1440,30.0,7,160,0.05,0.15,25,0.125,0,Lake water,Single,15491832941608328458,3,192.8813951,191.24532250000001,5.464341075500613,185.1498367,195.7047357,10.554898999999978,1.067790739
NaOH-activated SCW biochars,800,120,89.7,0.3,2.4,0.0,0.026755853,7.4,0.04,0.023,0.0,655.4,0.456,8.5,DCF,1440,30.0,7,160,0.05,0.15,25,0.0,1,Lake water,Single,18394898568978983294,1,84.7324625,84.7324625,0.0,84.7324625,84.7324625,0.0,17.29013063
NaOH-activated SCW biochars,800,120,89.7,0.3,2.4,0.0,0.026755853,7.4,0.04,0.023,0.0,655.4,0.456,8.5,DCF,1440,30.0,7,160,0.05,0.15,25,0.025,2,Lake water,Single,6092783274922072069,1,93.32551195,93.32551195,0.0,93.32551195,93.32551195,0.0,16.00117321
NaOH-activated SCW biochars,800,120,89.7,0.3,2.4,0.0,0.026755853,7.4,0.04,0.023,0.0,655.4,0.456,8.5,DCF,1440,30.0,7,160,0.05,0.15,25,0.05,3,Lake water,Single,16940609377718848897,1,97.76236724,97.76236724,0.0,97.76236724,97.76236724,0.0,15.33564491
NaOH-activated SCW biochars,800,120,89.7,0.3,2.4,0.0,0.026755853,7.4,0.04,0.023,0.0,655.4,0.456,8.5,DCF,1440,30.0,7,160,0.05,0.15,25,0.075,4,Lake water,Single,16669601217074663099,1,91.17129647,91.17129647,0.0,91.17129647,91.17129647,0.0,16.32430553
NaOH-activated SCW biochars,800,120,89.7,0.3,2.4,0.0,0.026755853,7.4,0.04,0.023,0.0,655.4,0.456,8.5,DCF,1440,30.0,7,160,0.05,0.15,25,0.1,5,Lake water,Single,1754411915273910336,1,102.8983275,102.8983275,0.0,102.8983275,102.8983275,0.0,14.56525088
NaOH-activated SCW biochars,800,120,89.7,0.3,2.4,0.0,0.026755853,7.4,0.04,0.023,0.0,655.4,0.456,8.5,DCF,1440,30.0,7,160,0.05,0.15,25,0.125,6,Lake water,Single,10391467034744232490,1,89.04089705,89.04089705,0.0,89.04089705,89.04089705,0.0,16.64386544
NaOH-activated SCW biochars,800,120,89.7,0.3,2.4,0.0,0.026755853,7.4,0.04,0.023,0.0,655.4,0.456,8.5,DCF,1440,30.0,7,160,0.05,0.15,25,0.0,7,Lake water,Single,319468021867760320,1,93.63013996,93.63013996,0.0,93.63013996,93.63013996,0.0,15.95547901
NaOH-activated SCW biochars,800,120,89.7,0.3,2.4,0.0,0.026755853,7.4,0.04,0.023,0.0,655.4,0.456,8.5,DCF,1440,30.0,7,160,0.05,0.15,25,0.025,8,Lake water,Single,6123685197643967073,1,87.22656324,87.22656324,0.0,87.22656324,87.22656324,0.0,16.91601551
NaOH-activated SCW biochars,800,120,89.7,0.3,2.4,0.0,0.026755853,7.4,0.04,0.023,0.0,655.4,0.456,8.5,DCF,1440,30.0,7,160,0.05,0.15,25,0.05,9,Lake water,Single,7623663256071977511,1,93.44543259,93.44543259,0.0,93.44543259,93.44543259,0.0,15.98318511
NaOH-activated SCW biochars,800,120,89.7,0.3,2.4,0.0,0.026755853,7.4,0.04,0.023,0.0,655.4,0.456,8.5,DCF,1440,30.0,7,160,0.05,0.15,25,0.075,10,Lake water,Single,16119625099739637523,1,96.31623439,96.31623439,0.0,96.31623439,96.31623439,0.0,15.55256484
NaOH-activated SCW biochars,800,120,89.7,0.3,2.4,0.0,0.026755853,7.4,0.04,0.023,0.0,655.4,0.456,8.5,DCF,1440,30.0,7,160,0.05,0.15,25,0.1,11,Lake water,Single,7488030854535663797,1,90.96086617,90.96086617,0.0,90.96086617,90.96086617,0.0,16.35587007
NaOH-activated SCW biochars,800,120,89.7,0.3,2.4,0.0,0.026755853,7.4,0.04,0.023,0.0,655.4,0.456,8.5,DCF,1440,30.0,7,160,0.05,0.15,25,0.125,12,Lake water,Single,11289930013542957136,1,98.90939158,98.90939158,0.0,98.90939158,98.90939158,0.0,15.16359126
NaOH-activated SCW biochars,800,120,89.7,0.3,2.4,0.0,0.026755853,7.4,0.04,0.023,0.0,655.4,0.456,8.5,DCF,1440,30.0,7,160,0.05,0.15,25,0.0,13,Lake water,Single,17744247659109149025,1,85.72026179,85.72026179,0.0,85.72026179,85.72026179,0.0,17.14196073
NaOH-activated SCW biochars,800,120,89.7,0.3,2.4,0.0,0.026755853,7.4,0.04,0.023,0.0,655.4,0.456,8.5,DCF,1440,30.0,7,160,0.05,0.15,25,0.025,14,Lake water,Single,5681782559771866676,1,92.3968578,92.3968578,0.0,92.3968578,92.3968578,0.0,16.14047133
NaOH-activated SCW biochars,800,120,89.7,0.3,2.4,0.0,0.026755853,7.4,0.04,0.023,0.0,655.4,0.456,8.5,DCF,1440,30.0,7,160,0.05,0.15,25,0.05,15,Lake water,Single,3639308252509468722,1,92.86366991,92.86366991,0.0,92.86366991,92.86366991,0.0,16.07044951
NaOH-activated SCW biochars,800,120,89.7,0.3,2.4,0.0,0.026755853,7.4,0.04,0.023,0.0,655.4,0.456,8.5,DCF,1440,30.0,7,160,0.05,0.15,25,0.075,16,Lake water,Single,13736103110504564049,1,92.91179042,92.91179042,0.0,92.91179042,92.91179042,0.0,16.06323144
NaOH-activated SCW biochars,800,120,89.7,0.3,2.4,0.0,0.026755853,7.4,0.04,0.023,0.0,655.4,0.456,8.5,DCF,1440,30.0,7,160,0.05,0.15,25,0.1,17,Lake water,Single,5113528091090536490,1,96.89526426,96.89526426,0.0,96.89526426,96.89526426,0.0,15.46571036
NaOH-activated SCW biochars,800,120,89.7,0.3,2.4,0.0,0.026755853,7.4,0.04,0.023,0.0,655.4,0.456,8.5,DCF,1440,30.0,7,160,0.05,0.15,25,0.125,18,Lake water,Single,17898185555684303476,1,97.91540844,97.91540844,0.0,97.91540844,97.91540844,0.0,15.31268873
NaOH-activated SCW biochars,800,120,89.7,0.3,2.4,0.0,0.026755853,7.4,0.04,0.023,0.0,655.4,0.456,8.5,IBU,1440,30.0,7,160,0.05,0.15,25,0.0,19,Lake water,Single,10453681621108206680,1,65.45124426,65.45124426,0.0,65.45124426,65.45124426,0.0,20.18231336
NaOH-activated SCW biochars,800,120,89.7,0.3,2.4,0.0,0.026755853,7.4,0.04,0.023,0.0,655.4,0.456,8.5,IBU,1440,30.0,7,160,0.05,0.15,25,0.025,20,Lake water,Single,1675133001511950511,1,74.03291653,74.03291653,0.0,74.03291653,74.03291653,0.0,18.89506252
NaOH-activated SCW biochars,800,120,89.7,0.3,2.4,0.0,0.026755853,7.4,0.04,0.023,0.0,655.4,0.456,8.5,IBU,1440,30.0,7,160,0.05,0.15,25,0.05,21,Lake water,Single,3317296554946118451,1,74.51919699,74.51919699,0.0,74.51919699,74.51919699,0.0,18.82212045
NaOH-activated SCW biochars,800,120,89.7,0.3,2.4,0.0,0.026755853,7.4,0.04,0.023,0.0,655.4,0.456,8.5,IBU,1440,30.0,7,160,0.05,0.15,25,0.075,22,Lake water,Single,18051413766242179725,1,78.51672079,78.51672079,0.0,78.51672079,78.51672079,0.0,18.22249188
NaOH-activated SCW biochars,800,120,89.7,0.3,2.4,0.0,0.026755853,7.4,0.04,0.023,0.0,655.4,0.456,8.5,IBU,1440,30.0,7,160,0.05,0.15,25,0.1,23,Lake water,Single,8103589382965414533,1,74.02945504,74.02945504,0.0,74.02945504,74.02945504,0.0,18.89558174
NaOH-activated SCW biochars,800,120,89.7,0.3,2.4,0.0,0.026755853,7.4,0.04,0.023,0.0,655.4,0.456,8.5,IBU,1440,30.0,7,160,0.05,0.15,25,0.125,24,Lake water,Single,4408982043603750659,1,84.26549728,84.26549728,0.0,84.26549728,84.26549728,0.0,17.36017541
NaOH-activated SCW biochars,800,120,89.7,0.3,2.4,0.0,0.026755853,7.4,0.04,0.023,0.0,655.4,0.456,8.5,IBU,1440,30.0,7,160,0.05,0.15,25,0.0,25,Lake water,Single,8479093453805449874,1,74.12788052,74.12788052,0.0,74.12788052,74.12788052,0.0,18.88081792
NaOH-activated SCW biochars,800,120,89.7,0.3,2.4,0.0,0.026755853,7.4,0.04,0.023,0.0,655.4,0.456,8.5,IBU,1440,30.0,7,160,0.05,0.15,25,0.025,26,Lake water,Single,10232576217305363613,1,69.52393546,69.52393546,0.0,69.52393546,69.52393546,0.0,19.57140968
NaOH-activated SCW biochars,800,120,89.7,0.3,2.4,0.0,0.026755853,7.4,0.04,0.023,0.0,655.4,0.456,8.5,IBU,1440,30.0,7,160,0.05,0.15,25,0.05,27,Lake water,Single,14738691508997999825,1,78.45258607,78.45258607,0.0,78.45258607,78.45258607,0.0,18.23211209
NaOH-activated SCW biochars,800,120,89.7,0.3,2.4,0.0,0.026755853,7.4,0.04,0.023,0.0,655.4,0.456,8.5,IBU,1440,30.0,7,160,0.05,0.15,25,0.075,28,Lake water,Single,10597844856666516899,1,77.07906319,77.07906319,0.0,77.07906319,77.07906319,0.0,18.43814052
NaOH-activated SCW biochars,800,120,89.7,0.3,2.4,0.0,0.026755853,7.4,0.04,0.023,0.0,655.4,0.456,8.5,IBU,1440,30.0,7,160,0.05,0.15,25,0.1,29,Lake water,Single,17115427758596232426,1,84.60006871,84.60006871,0.0,84.60006871,84.60006871,0.0,17.30998969
NaOH-activated SCW biochars,800,120,89.7,0.3,2.4,0.0,0.026755853,7.4,0.04,0.023,0.0,655.4,0.456,8.5,IBU,1440,30.0,7,160,0.05,0.15,25,0.125,30,Lake water,Single,2737956070999224279,1,75.32259884,75.32259884,0.0,75.32259884,75.32259884,0.0,18.70161017
NaOH-activated SCW biochars,800,120,89.7,0.3,2.4,0.0,0.026755853,7.4,0.04,0.023,0.0,655.4,0.456,8.5,IBU,1440,30.0,7,160,0.05,0.15,25,0.0,31,Lake water,Single,5705504609996045539,1,68.52578289,68.52578289,0.0,68.52578289,68.52578289,0.0,19.72113257
NaOH-activated SCW biochars,800,120,89.7,0.3,2.4,0.0,0.026755853,7.4,0.04,0.023,0.0,655.4,0.456,8.5,IBU,1440,30.0,7,160,0.05,0.15,25,0.025,32,Lake water,Single,1735923447435509734,1,72.42641101,72.42641101,0.0,72.42641101,72.42641101,0.0,19.13603835
NaOH-activated SCW biochars,800,120,89.7,0.3,2.4,0.0,0.026755853,7.4,0.04,0.023,0.0,655.4,0.456,8.5,IBU,1440,30.0,7,160,0.05,0.15,25,0.05,33,Lake water,Single,3661460638293703265,1,76.81159533,76.81159533,0.0,76.81159533,76.81159533,0.0,18.4782607
NaOH-activated SCW biochars,800,120,89.7,0.3,2.4,0.0,0.026755853,7.4,0.04,0.023,0.0,655.4,0.456,8.5,IBU,1440,30.0,7,160,0.05,0.15,25,0.075,34,Lake water,Single,8618839857729206769,1,74.36009827,74.36009827,0.0,74.36009827,74.36009827,0.0,18.84598526
NaOH-activated SCW biochars,800,120,89.7,0.3,2.4,0.0,0.026755853,7.4,0.04,0.023,0.0,655.4,0.456,8.5,IBU,1440,30.0,7,160,0.05,0.15,25,0.1,35,Lake water,Single,4490330750661756965,1,84.17656172,84.17656172,0.0,84.17656172,84.17656172,0.0,17.37351574
NaOH-activated SCW biochars,800,120,89.7,0.3,2.4,0.0,0.026755853,7.4,0.04,0.023,0.0,655.4,0.456,8.5,IBU,1440,30.0,7,160,0.05,0.15,25,0.125,36,Lake water,Single,11002985088669920640,1,81.10042847,81.10042847,0.0,81.10042847,81.10042847,0.0,17.83493573
NaOH-activated SCW biochars,800,120,89.7,0.3,2.4,0.0,0.026755853,7.4,0.04,0.023,0.0,655.4,0.456,8.5,NPX,1440,30.0,7,160,0.05,0.15,25,0.025,0,Secondary effluent,Single,665404155957715216,3,177.1620054,178.03284726666666,4.715130985609718,173.8138417,183.1226947,9.308853,3.425699194
NaOH-activated SCW biochars,800,120,89.7,0.3,2.4,0.0,0.026755853,7.4,0.04,0.023,0.0,655.4,0.456,8.5,NPX,1440,30.0,7,160,0.05,0.15,25,0.05,0,Secondary effluent,Single,6827103232613768791,3,179.105641,178.66226686666667,3.4468644614110535,175.015169,181.8659906,6.8508216000000175,3.134153857
NaOH-activated SCW biochars,800,120,89.7,0.3,2.4,0.0,0.026755853,7.4,0.04,0.023,0.0,655.4,0.456,8.5,NPX,1440,30.0,7,160,0.05,0.15,25,0.075,0,Secondary effluent,Single,18203435778758194360,3,186.0584129,182.92341406666665,7.438969215057984,174.4300862,188.2817431,13.851656899999995,2.091238065
NaOH-activated SCW biochars,800,120,89.7,0.3,2.4,0.0,0.026755853,7.4,0.04,0.023,0.0,655.4,0.456,8.5,NPX,1440,30.0,7,160,0.05,0.15,25,0.1,0,Secondary effluent,Single,5759522579916954172,3,181.2017167,181.71620280000002,1.210239802275816,180.8482088,183.0986829,2.250474099999991,2.8197425
NaOH-activated SCW biochars,800,120,89.7,0.3,2.4,0.0,0.026755853,7.4,0.04,0.023,0.0,655.4,0.456,8.5,NPX,1440,30.0,7,160,0.05,0.15,25,0.125,0,Secondary effluent,Single,664633524360232258,3,182.9370612,176.54817233333333,11.377206925403453,163.4125302,183.2949256,19.882395400000007,2.559440814
NaOH-activated SCW biochars,800,120,89.7,0.3,2.4,0.0,0.026755853,7.4,0.04,0.023,0.0,655.4,0.456,8.5,DCF,1440,30.0,7,160,0.05,0.15,25,0.025,0,Secondary effluent,Single,13641899622687088449,3,76.95847226,76.78310038666666,1.847846642684467,74.85381983,78.53700907,3.68318923999999,18.45622916
NaOH-activated SCW biochars,800,120,89.7,0.3,2.4,0.0,0.026755853,7.4,0.04,0.023,0.0,655.4,0.456,8.5,DCF,1440,30.0,7,160,0.05,0.15,25,0.05,0,Secondary effluent,Single,9393633767651503122,2,83.56161718499999,83.56161718499999,6.794445397536804,78.75721877,88.3660156,9.608796830000003,17.46575742
NaOH-activated SCW biochars,800,120,89.7,0.3,2.4,0.0,0.026755853,7.4,0.04,0.023,0.0,655.4,0.456,8.5,DCF,1440,30.0,7,160,0.05,0.15,25,0.075,0,Secondary effluent,Single,5981541925235720617,3,85.17762947,82.81213187333333,5.739128617253369,76.26832785,86.9904383,10.722110449999988,17.22335558
NaOH-activated SCW biochars,800,120,89.7,0.3,2.4,0.0,0.026755853,7.4,0.04,0.023,0.0,655.4,0.456,8.5,DCF,1440,30.0,7,160,0.05,0.15,25,0.1,0,Secondary effluent,Single,6023530469711918669,3,80.57171083,79.50828218333332,3.608737453795469,75.48732358,82.46581214,6.978488560000002,17.91424338
NaOH-activated SCW biochars,800,120,89.7,0.3,2.4,0.0,0.026755853,7.4,0.04,0.023,0.0,655.4,0.456,8.5,DCF,1440,30.0,7,160,0.05,0.15,25,0.125,0,Secondary effluent,Single,532790910543730727,3,79.58071398,80.69494836666667,6.4082518459313995,74.91688182,87.5872493,12.670367479999996,18.0628929
NaOH-activated SCW biochars,800,120,89.7,0.3,2.4,0.0,0.026755853,7.4,0.04,0.023,0.0,655.4,0.456,8.5,IBU,1440,30.0,7,160,0.05,0.15,25,0.025,0,Secondary effluent,Single,12079174347632602273,3,69.72658596,70.82406562,2.4849023845595597,69.07685387,73.66875703,4.591903160000001,19.54101211
NaOH-activated SCW biochars,800,120,89.7,0.3,2.4,0.0,0.026755853,7.4,0.04,0.023,0.0,655.4,0.456,8.5,IBU,1440,30.0,7,160,0.05,0.15,25,0.05,0,Secondary effluent,Single,3049006844620542258,3,73.17741615,75.39651606333332,6.716152496273282,70.07074155,82.94139049,12.87064894000001,19.02338758
NaOH-activated SCW biochars,800,120,89.7,0.3,2.4,0.0,0.026755853,7.4,0.04,0.023,0.0,655.4,0.456,8.5,IBU,1440,30.0,7,160,0.05,0.15,25,0.075,0,Secondary effluent,Single,4855520275444175689,3,75.69155256,75.35470882666667,3.582664086507948,71.61551895,78.75705497,7.141536020000004,18.64626712
NaOH-activated SCW biochars,800,120,89.7,0.3,2.4,0.0,0.026755853,7.4,0.04,0.023,0.0,655.4,0.456,8.5,IBU,1440,30.0,7,160,0.05,0.15,25,0.1,0,Secondary effluent,Single,5514219354175734125,3,76.30216313,73.57339419333333,5.112160669627849,67.67584838,76.74217107,9.066322689999993,18.55467553
NaOH-activated SCW biochars,800,120,89.7,0.3,2.4,0.0,0.026755853,7.4,0.04,0.023,0.0,655.4,0.456,8.5,IBU,1440,30.0,7,160,0.05,0.15,25,0.125,0,Secondary effluent,Single,7156357989100352967,3,71.70044321,74.5007034,6.8537866604752455,69.49042799,82.311239,12.82081101,19.24493352
NaOH-activated SCW biochars,800,120,89.7,0.3,2.4,0.0,0.026755853,7.4,0.04,0.023,0.0,655.4,0.456,8.5,NPX,1440,30.0,7,160,0.05,0.15,15,0.0,0,Lake water,Single,8103127225620985295,3,180.7634297,179.36003523333332,3.1985652451129147,175.6996757,181.6170003,5.917324600000001,2.885485542
NaOH-activated SCW biochars,800,120,89.7,0.3,2.4,0.0,0.026755853,7.4,0.04,0.023,0.0,655.4,0.456,8.5,NPX,1440,30.0,7,160,0.05,0.15,35,0.0,0,Lake water,Single,5362075308266986343,3,187.8359454,188.49628986666667,1.6412517672923443,187.2880648,190.3648594,3.0767945999999995,1.824608188
NaOH-activated SCW biochars,800,120,89.7,0.3,2.4,0.0,0.026755853,7.4,0.04,0.023,0.0,655.4,0.456,8.5,DCF,1440,30.0,7,160,0.05,0.15,15,0.0,0,Lake water,Single,2595660021893871690,3,76.76053759,77.4178016,2.829085164403581,74.97520177,80.51766544,5.542463670000004,18.48591936
NaOH-activated SCW biochars,800,120,89.7,0.3,2.4,0.0,0.026755853,7.4,0.04,0.023,0.0,655.4,0.456,8.5,DCF,1440,30.0,7,160,0.05,0.15,35,0.0,0,Lake water,Single,5600556245362649938,3,109.9616436,112.4022959,10.341479882730804,103.4994497,123.7457944,20.246344699999995,13.50575345
NaOH-activated SCW biochars,800,120,89.7,0.3,2.4,0.0,0.026755853,7.4,0.04,0.023,0.0,655.4,0.456,8.5,IBU,1440,30.0,7,160,0.05,0.15,15,0.0,0,Lake water,Single,6471829483205013290,3,61.92134518,62.13213715333334,2.528867053529732,59.7152636,64.75980268,5.044539080000007,20.71179822
NaOH-activated SCW biochars,800,120,89.7,0.3,2.4,0.0,0.026755853,7.4,0.04,0.023,0.0,655.4,0.456,8.5,IBU,1440,30.0,7,160,0.05,0.15,35,0.0,0,Lake water,Single,12126843758684408434,3,85.17352158,87.39839285333333,7.4576921120463044,81.30634152,95.71531546,14.408973939999996,17.22397176
NaOH-activated SCW biochars,800,120,89.7,0.3,2.4,0.0,0.026755853,7.4,0.04,0.023,0.0,655.4,0.456,8.5,NPX,1440,30.0,7,160,0.05,0.15,15,0.0,0,Secondary effluent,Single,6812290224175752247,3,167.0779885,166.95783433333335,0.2429932372428184,166.6781714,167.1173431,0.43917170000000283,4.93830173
NaOH-activated SCW biochars,800,120,89.7,0.3,2.4,0.0,0.026755853,7.4,0.04,0.023,0.0,655.4,0.456,8.5,NPX,1440,30.0,7,160,0.05,0.15,35,0.0,0,Secondary effluent,Single,9153488855957792255,3,181.832546,178.73869666666667,5.950940383356051,171.8781326,182.5054114,10.627278800000028,2.725118097
NaOH-activated SCW biochars,800,120,89.7,0.3,2.4,0.0,0.026755853,7.4,0.04,0.023,0.0,655.4,0.456,8.5,DCF,1440,30.0,7,160,0.05,0.15,15,0.0,0,Secondary effluent,Single,12341295020867722114,3,72.89459636,73.37024421666666,2.5490147465872695,71.09255716,76.12357913,5.031021969999998,19.06581055
NaOH-activated SCW biochars,800,120,89.7,0.3,2.4,0.0,0.026755853,7.4,0.04,0.023,0.0,655.4,0.456,8.5,DCF,1440,30.0,7,160,0.05,0.15,35,0.0,0,Secondary effluent,Single,8138945238617595290,3,87.78495046,86.17550127333334,7.335083824556933,78.16933865,92.57221471,14.402876059999997,16.83225743
NaOH-activated SCW biochars,800,120,89.7,0.3,2.4,0.0,0.026755853,7.4,0.04,0.023,0.0,655.4,0.456,8.5,IBU,1440,30.0,7,160,0.05,0.15,15,0.0,0,Secondary effluent,Single,95817833491593826,3,57.641649,61.347591480000006,7.230254832901161,56.72166793,69.67945751,12.957789580000004,21.35375265
NaOH-activated SCW biochars,800,120,89.7,0.3,2.4,0.0,0.026755853,7.4,0.04,0.023,0.0,655.4,0.456,8.5,IBU,1440,30.0,7,160,0.05,0.15,35,0.0,0,Secondary effluent,Single,12299775327561621562,3,69.79127526,70.34013826,2.386192555932204,68.27619918,72.95294034,4.676741159999992,19.53130871
CB,700,90,85.7,1.8,3.2,3.7,0.080513419,5.6,0.252,0.028,0.037,9.4,0.011,4.9,IBU,0,5.0,7,150,0.05,0.05,25,0.0,0,Ground water,Single,13428427879164385114,1,0.0,0.0,0.0,0.0,0.0,0.0,5.0
CB,700,90,85.7,1.8,3.2,3.7,0.080513419,5.6,0.252,0.028,0.037,9.4,0.011,4.9,IBU,30,5.0,7,150,0.05,0.05,25,0.0,0,Ground water,Single,13770704506802718818,3,7.201826303,7.198970389,0.01328242899461231,7.184492308,7.210592556,0.02610024799999966,4.639908685
CB,700,90,85.7,1.8,3.2,3.7,0.080513419,5.6,0.252,0.028,0.037,9.4,0.011,4.9,IBU,60,5.0,7,150,0.05,0.05,25,0.0,0,Ground water,Single,15910472553448016793,3,7.56996129,7.572679569666666,0.16244286503394073,7.411612903,7.736464516,0.3248516129999999,4.621501935
CB,700,90,85.7,1.8,3.2,3.7,0.080513419,5.6,0.252,0.028,0.037,9.4,0.011,4.9,IBU,120,5.0,7,150,0.05,0.05,25,0.0,0,Ground water,Single,17955016725863008543,3,7.776770223,7.811186766,0.08143051981335894,7.752615385,7.90417469,0.15155930499999926,4.611161489
CB,700,90,85.7,1.8,3.2,3.7,0.080513419,5.6,0.252,0.028,0.037,9.4,0.011,4.9,IBU,240,5.0,7,150,0.05,0.05,25,0.0,0,Ground water,Single,7007229758270957084,3,7.821879901,7.841466336,0.05717271014236218,7.796661042,7.905858065,0.10919702300000012,4.608906005
CB,700,90,85.7,1.8,3.2,3.7,0.080513419,5.6,0.252,0.028,0.037,9.4,0.011,4.9,IBU,480,5.0,7,150,0.05,0.05,25,0.0,0,Ground water,Single,16009518634501299427,3,7.906795037,7.920404962666666,0.07515726149038074,7.85298263,8.001437221,0.14845459100000014,4.604660248
CB,700,90,85.7,1.8,3.2,3.7,0.080513419,5.6,0.252,0.028,0.037,9.4,0.011,4.9,IBU,720,5.0,7,150,0.05,0.05,25,0.0,0,Ground water,Single,7568016021271599136,3,7.908859553,7.926386765666667,0.07576340614646374,7.860923077,8.009377667,0.14845459000000094,4.604557022
CB,700,90,85.7,1.8,3.2,3.7,0.080513419,5.6,0.252,0.028,0.037,9.4,0.011,4.9,IBU,960,5.0,7,150,0.05,0.05,25,0.0,0,Ground water,Single,7404151809339923628,3,7.910066501,7.932373862666666,0.08415318597338552,7.861621836,8.025433251,0.16381141500000052,4.604496675
CB,700,90,85.7,1.8,3.2,3.7,0.080513419,5.6,0.252,0.028,0.037,9.4,0.011,4.9,IBU,1440,5.0,7,150,0.05,0.05,25,0.0,0,Ground water,Single,3907017987546331420,9,7.559313003,7.656097010444444,0.23627891075146756,7.308918444,8.048285856,0.739367412,4.62203435
MCB,700,90,68.9,1.8,5.7,2.6,0.120464441,21.0,0.313,0.062,0.032,678.1,0.191,2.0,IBU,0,5.0,7,150,0.05,0.05,25,0.0,0,Ground water,Single,15460659072306750500,1,0.0,0.0,0.0,0.0,0.0,0.0,5.0
MCB,700,90,68.9,1.8,5.7,2.6,0.120464441,21.0,0.313,0.062,0.032,678.1,0.191,2.0,IBU,30,5.0,7,150,0.05,0.05,25,0.0,0,Ground water,Single,10726803696403312588,3,7.346596526,7.357104383666666,0.08052379677839823,7.282350372,7.442366253,0.16001588100000053,4.632670174
MCB,700,90,68.9,1.8,5.7,2.6,0.120464441,21.0,0.313,0.062,0.032,678.1,0.191,2.0,IBU,60,5.0,7,150,0.05,0.05,25,0.0,0,Ground water,Single,3581469070947697807,3,8.08533598,8.031454755666667,0.10583733337860453,7.90951861,8.099509677,0.18999106700000024,4.595733201
MCB,700,90,68.9,1.8,5.7,2.6,0.120464441,21.0,0.313,0.062,0.032,678.1,0.191,2.0,IBU,120,5.0,7,150,0.05,0.05,25,0.0,0,Ground water,Single,16103434741383707209,3,8.20569727,8.211679073666666,0.03733189764367207,8.177699256,8.251640695,0.07394143900000039,4.589715136
MCB,700,90,68.9,1.8,5.7,2.6,0.120464441,21.0,0.313,0.062,0.032,678.1,0.191,2.0,IBU,240,5.0,7,150,0.05,0.05,25,0.0,0,Ground water,Single,573048783801505426,3,8.226239206,8.225363110000002,0.03379908795599298,8.191134491,8.258715633,0.06758114199999987,4.58868804
MCB,700,90,68.9,1.8,5.7,2.6,0.120464441,21.0,0.313,0.062,0.032,678.1,0.191,2.0,IBU,480,5.0,7,150,0.05,0.05,25,0.0,0,Ground water,Single,10112251151466469973,3,8.224794045,8.227679073666666,0.03711842800266097,8.192087345,8.266155831,0.0740684860000016,4.588760298
MCB,700,90,68.9,1.8,5.7,2.6,0.120464441,21.0,0.313,0.062,0.032,678.1,0.191,2.0,IBU,720,5.0,7,150,0.05,0.05,25,0.0,0,Ground water,Single,1909360719025211134,3,8.264496278,8.246206782333333,0.033125945021828446,8.207968238,8.266155831,0.058187593000001314,4.586775186
MCB,700,90,68.9,1.8,5.7,2.6,0.120464441,21.0,0.313,0.062,0.032,678.1,0.191,2.0,IBU,960,5.0,7,150,0.05,0.05,25,0.0,0,Ground water,Single,4025050983213198466,3,8.266814888,8.261436559000002,0.021295759878582392,8.237967246,8.279527543,0.04156029700000019,4.586659256
MCB,700,90,68.9,1.8,5.7,2.6,0.120464441,21.0,0.313,0.062,0.032,678.1,0.191,2.0,IBU,1440,5.0,7,150,0.05,0.05,25,0.0,0,Ground water,Single,15428556167414057874,3,8.267608933,8.268844995999999,0.01668152796950637,8.252815881,8.286110174,0.03329429299999909,4.586619553
AMCB,700,90,71.4,1.6,5.1,2.5,0.106442577,19.4,0.269,0.054,0.03,950.2,0.42,1.0,IBU,0,5.0,7,150,0.05,0.05,25,0.0,0,Ground water,Single,8995168798703410498,1,0.0,0.0,0.0,0.0,0.0,0.0,5.0
AMCB,700,90,71.4,1.6,5.1,2.5,0.106442577,19.4,0.269,0.054,0.03,950.2,0.42,1.0,IBU,30,5.0,7,150,0.05,0.05,25,0.0,0,Ground water,Single,4494402526469929530,3,34.68386303,34.36232523,1.4624473756736567,32.76586402,35.63724864,2.8713846200000006,3.265806849
AMCB,700,90,71.4,1.6,5.1,2.5,0.106442577,19.4,0.269,0.054,0.03,950.2,0.42,1.0,IBU,60,5.0,7,150,0.05,0.05,25,0.0,0,Ground water,Single,1609166413684491409,3,45.2259335,45.85845888999999,2.557070102422059,43.67701439,48.67242878,4.9954143900000005,2.738703325
AMCB,700,90,71.4,1.6,5.1,2.5,0.106442577,19.4,0.269,0.054,0.03,950.2,0.42,1.0,IBU,120,5.0,7,150,0.05,0.05,25,0.0,0,Ground water,Single,6889870731539656663,3,60.4039464,60.18001257333333,0.4059659726799012,59.71139653,60.42469479,0.7132982599999949,1.97980268
AMCB,700,90,71.4,1.6,5.1,2.5,0.106442577,19.4,0.269,0.054,0.03,950.2,0.42,1.0,IBU,240,5.0,7,150,0.05,0.05,25,0.0,0,Ground water,Single,87092131921711988,3,65.37106104,65.73442911333332,1.8992559101338757,64.04310868,67.78911762,3.746008939999996,1.731446948
AMCB,700,90,71.4,1.6,5.1,2.5,0.106442577,19.4,0.269,0.054,0.03,950.2,0.42,1.0,IBU,480,5.0,7,150,0.05,0.05,25,0.0,0,Ground water,Single,5712957424560820859,3,65.54825211,66.47373234000001,1.7232715871493904,65.41093002,68.46201489,3.051084870000011,1.722587395
AMCB,700,90,71.4,1.6,5.1,2.5,0.106442577,19.4,0.269,0.054,0.03,950.2,0.42,1.0,IBU,720,5.0,7,150,0.05,0.05,25,0.0,0,Ground water,Single,422962214735009048,3,66.84687246,66.92196526,1.5171423342911279,65.44376377,68.47525955,3.03149578,1.657656377
AMCB,700,90,71.4,1.6,5.1,2.5,0.106442577,19.4,0.269,0.054,0.03,950.2,0.42,1.0,IBU,960,5.0,7,150,0.05,0.05,25,0.0,0,Ground water,Single,17820105321635114084,3,66.85046154,66.94502960999999,1.5295430547743314,65.46496476,68.51966253,3.054697770000004,1.657476923
AMCB,700,90,71.4,1.6,5.1,2.5,0.106442577,19.4,0.269,0.054,0.03,950.2,0.42,1.0,IBU,1440,5.0,7,150,0.05,0.05,25,0.0,0,Ground water,Single,1941269387759743092,3,66.85999007,67.0739507,1.7038385650110235,65.48719801,68.87466402,3.387466009999997,1.657000496
CB,700,90,85.7,1.8,3.2,3.7,0.080513419,5.6,0.252,0.028,0.037,9.4,0.011,4.9,IBU,0,5.0,7,150,0.05,0.05,25,0.0,0,Lake water,Single,11571363323994422393,1,0.0,0.0,0.0,0.0,0.0,0.0,5.0
CB,700,90,85.7,1.8,3.2,3.7,0.080513419,5.6,0.252,0.028,0.037,9.4,0.011,4.9,IBU,30,5.0,7,150,0.05,0.05,25,0.0,0,Lake water,Single,13730983664455822737,3,7.034183792,7.015344013,0.03940904403601653,6.970051156,7.041797091,0.07174593500000004,4.64829081
CB,700,90,85.7,1.8,3.2,3.7,0.080513419,5.6,0.252,0.028,0.037,9.4,0.011,4.9,IBU,60,5.0,7,150,0.05,0.05,25,0.0,0,Lake water,Single,10330321954825366842,3,7.690816808,7.537005756,0.2994775241378369,7.191877547,7.728322913,0.5364453660000006,4.61545916
CB,700,90,85.7,1.8,3.2,3.7,0.080513419,5.6,0.252,0.028,0.037,9.4,0.011,4.9,IBU,120,5.0,7,150,0.05,0.05,25,0.0,0,Lake water,Single,2261804137356399296,3,7.723951871,7.735170345333333,0.04674852662052439,7.695051756,7.786507409,0.09145565300000058,4.613802406
CB,700,90,85.7,1.8,3.2,3.7,0.080513419,5.6,0.252,0.028,0.037,9.4,0.011,4.9,IBU,240,5.0,7,150,0.05,0.05,25,0.0,0,Lake water,Single,14862933898312971491,3,7.595198258,7.737262468,0.3447524704097232,7.486242425,8.130346721,0.6441042960000001,4.620240087
CB,700,90,85.7,1.8,3.2,3.7,0.080513419,5.6,0.252,0.028,0.037,9.4,0.011,4.9,IBU,480,5.0,7,150,0.05,0.05,25,0.0,0,Lake water,Single,13062667292130770460,3,7.774747224,7.743485466,0.07017021935236607,7.66311753,7.792591644,0.12947411399999975,4.611262639
CB,700,90,85.7,1.8,3.2,3.7,0.080513419,5.6,0.252,0.028,0.037,9.4,0.011,4.9,IBU,720,5.0,7,150,0.05,0.05,25,0.0,0,Lake water,Single,11360708515793870783,3,7.716410622,7.746044580333333,0.08722684404669707,7.677495537,7.844227582,0.16673204499999983,4.614179469
CB,700,90,85.7,1.8,3.2,3.7,0.080513419,5.6,0.252,0.028,0.037,9.4,0.011,4.9,IBU,960,5.0,7,150,0.05,0.05,25,0.0,0,Lake water,Single,17934866632876365395,3,7.799828681,7.748131366333333,0.1406602185351818,7.588937901,7.855627517,0.26668961599999985,4.610008566
CB,700,90,85.7,1.8,3.2,3.7,0.080513419,5.6,0.252,0.028,0.037,9.4,0.011,4.9,IBU,1440,5.0,7,150,0.05,0.05,25,0.0,0,Lake water,Single,948275424414011875,9,7.688137114,7.50532153311111,0.34370207063329833,6.889439478,7.806553361,0.9171138829999999,4.615593144
MCB,700,90,68.9,1.8,5.7,2.6,0.120464441,21.0,0.313,0.062,0.032,678.1,0.191,2.0,IBU,0,5.0,7,150,0.05,0.05,25,0.0,0,Lake water,Single,7336096169869531707,1,0.0,0.0,0.0,0.0,0.0,0.0,5.0
MCB,700,90,68.9,1.8,5.7,2.6,0.120464441,21.0,0.313,0.062,0.032,678.1,0.191,2.0,IBU,30,5.0,7,150,0.05,0.05,25,0.0,0,Lake water,Single,13040442634479143091,3,7.29824758,7.291127958333334,0.014042789428247491,7.274951366,7.300184929,0.02523356300000046,4.635087621
MCB,700,90,68.9,1.8,5.7,2.6,0.120464441,21.0,0.313,0.062,0.032,678.1,0.191,2.0,IBU,60,5.0,7,150,0.05,0.05,25,0.0,0,Lake water,Single,18180536059381189200,3,8.016067183,7.9995730363333335,0.11228977867237774,7.879948444,8.102703482,0.22275503800000074,4.599196641
MCB,700,90,68.9,1.8,5.7,2.6,0.120464441,21.0,0.313,0.062,0.032,678.1,0.191,2.0,IBU,120,5.0,7,150,0.05,0.05,25,0.0,0,Lake water,Single,258951804533649290,3,7.965712136,8.02522022,0.14120769407223627,7.923506761,8.186441763,0.26293500199999986,4.601714393
MCB,700,90,68.9,1.8,5.7,2.6,0.120464441,21.0,0.313,0.062,0.032,678.1,0.191,2.0,IBU,240,5.0,7,150,0.05,0.05,25,0.0,0,Lake water,Single,487517800222060385,3,8.097699999,8.026450409333334,0.21425236799465178,7.785650813,8.196000416,0.41034960300000023,4.595115
MCB,700,90,68.9,1.8,5.7,2.6,0.120464441,21.0,0.313,0.062,0.032,678.1,0.191,2.0,IBU,480,5.0,7,150,0.05,0.05,25,0.0,0,Lake water,Single,15849705038690546430,3,8.028940142,8.027464448666668,0.02768476106185591,7.999071354,8.05438185,0.0553104960000006,4.598552993
MCB,700,90,68.9,1.8,5.7,2.6,0.120464441,21.0,0.313,0.062,0.032,678.1,0.191,2.0,IBU,720,5.0,7,150,0.05,0.05,25,0.0,0,Lake water,Single,15135560973983903317,3,7.990681514,8.029740699666668,0.06795083178565722,7.990337275,8.10820331,0.11786603500000048,4.600465924
MCB,700,90,68.9,1.8,5.7,2.6,0.120464441,21.0,0.313,0.062,0.032,678.1,0.191,2.0,IBU,960,5.0,7,150,0.05,0.05,25,0.0,0,Lake water,Single,11819767102380978801,3,8.049762635,8.031010917000001,0.04321518630976569,7.981587185,8.061682931,0.08009574599999958,4.597511868
MCB,700,90,68.9,1.8,5.7,2.6,0.120464441,21.0,0.313,0.062,0.032,678.1,0.191,2.0,IBU,1440,5.0,7,150,0.05,0.05,25,0.0,0,Lake water,Single,13057034301103641185,3,8.021743133,8.031082966999998,0.024963182307863995,8.012136447,8.059369321,0.047232874000000535,4.598912843
AMCB,700,90,71.4,1.6,5.1,2.5,0.106442577,19.4,0.269,0.054,0.03,950.2,0.42,1.0,IBU,0,5.0,7,150,0.05,0.05,25,0.0,0,Lake water,Single,3044970565392297777,1,0.0,0.0,0.0,0.0,0.0,0.0,5.0
AMCB,700,90,71.4,1.6,5.1,2.5,0.106442577,19.4,0.269,0.054,0.03,950.2,0.42,1.0,IBU,30,5.0,7,150,0.05,0.05,25,0.0,0,Lake water,Single,671441796495690393,3,34.30139377,33.928334119999995,2.364359823301865,31.39962214,36.08398645,4.684364309999996,3.284930311
AMCB,700,90,71.4,1.6,5.1,2.5,0.106442577,19.4,0.269,0.054,0.03,950.2,0.42,1.0,IBU,60,5.0,7,150,0.05,0.05,25,0.0,0,Lake water,Single,5353729134214559074,3,49.35800117,48.42323056666667,2.339151842324047,45.76124182,50.15044871,4.389206889999997,2.532099942
AMCB,700,90,71.4,1.6,5.1,2.5,0.106442577,19.4,0.269,0.054,0.03,950.2,0.42,1.0,IBU,120,5.0,7,150,0.05,0.05,25,0.0,0,Lake water,Single,6475163611164689832,3,55.87545732,54.99503387666667,1.7190022029558174,53.01416986,56.09547445,3.081304589999995,2.206227134
AMCB,700,90,71.4,1.6,5.1,2.5,0.106442577,19.4,0.269,0.054,0.03,950.2,0.42,1.0,IBU,240,5.0,7,150,0.05,0.05,25,0.0,0,Lake water,Single,1327007414464515819,3,59.45369978,59.026266283333335,1.9548158278288743,56.8931016,60.73199747,3.8388958700000018,2.027315011
AMCB,700,90,71.4,1.6,5.1,2.5,0.106442577,19.4,0.269,0.054,0.03,950.2,0.42,1.0,IBU,480,5.0,7,150,0.05,0.05,25,0.0,0,Lake water,Single,9622706826193284964,3,60.82747993,59.71035307333333,2.004650420739984,57.39604365,60.90753564,3.511491989999996,1.958626004
AMCB,700,90,71.4,1.6,5.1,2.5,0.106442577,19.4,0.269,0.054,0.03,950.2,0.42,1.0,IBU,720,5.0,7,150,0.05,0.05,25,0.0,0,Lake water,Single,7893682637923985895,3,60.91622169,59.79447295333333,2.008119434168586,57.47609937,60.9910978,3.5149984299999986,1.954188915
AMCB,700,90,71.4,1.6,5.1,2.5,0.106442577,19.4,0.269,0.054,0.03,950.2,0.42,1.0,IBU,960,5.0,7,150,0.05,0.05,25,0.0,0,Lake water,Single,14576096014050611579,3,60.91840721,59.84156172666667,2.0339419576717543,57.49559293,61.11068504,3.615092109999999,1.954079639
AMCB,700,90,71.4,1.6,5.1,2.5,0.106442577,19.4,0.269,0.054,0.03,950.2,0.42,1.0,IBU,1440,5.0,7,150,0.05,0.05,25,0.0,0,Lake water,Single,11077069684822949355,3,60.91919976,59.90518200666667,1.9545236053537933,57.65203782,61.14430844,3.4922706200000064,1.954040012
CB,700,90,85.7,1.8,3.2,3.7,0.080513419,5.6,0.252,0.028,0.037,9.4,0.011,4.9,IBU,1440,1.0,7,150,0.05,0.05,15,0.0,0,Ground water,Single,10928664058777336999,3,0.336935155,0.10958579733333333,0.43844805239380497,-0.395842499,0.387664736,0.7835072350000001,0.983153242
CB,700,90,85.7,1.8,3.2,3.7,0.080513419,5.6,0.252,0.028,0.037,9.4,0.011,4.9,IBU,1440,3.0,7,150,0.05,0.05,15,0.0,0,Ground water,Single,18115771084016731082,3,3.598926315,3.545885218,0.2225601888911112,3.3015964,3.737132939,0.43553653899999967,2.820053684
CB,700,90,85.7,1.8,3.2,3.7,0.080513419,5.6,0.252,0.028,0.037,9.4,0.011,4.9,IBU,1440,5.0,7,150,0.05,0.05,15,0.0,0,Ground water,Single,15719965926527608900,3,6.6507982,6.587692991,0.17523761426558565,6.389642576,6.722638197,0.33299562100000024,4.66746009
CB,700,90,85.7,1.8,3.2,3.7,0.080513419,5.6,0.252,0.028,0.037,9.4,0.011,4.9,IBU,1440,7.0,7,150,0.05,0.05,15,0.0,0,Ground water,Single,3232850516614781629,3,9.737011847,9.751760883,0.027691454924991966,9.734565783,9.783705019,0.049139235999998476,6.513149408
CB,700,90,85.7,1.8,3.2,3.7,0.080513419,5.6,0.252,0.028,0.037,9.4,0.011,4.9,IBU,1440,10.0,7,150,0.05,0.05,15,0.0,0,Ground water,Single,13776757793733500861,3,13.60313225,13.63135751,0.2076837889577203,13.43922985,13.85171043,0.41248058000000043,9.319843387
CB,700,90,85.7,1.8,3.2,3.7,0.080513419,5.6,0.252,0.028,0.037,9.4,0.011,4.9,IBU,1440,1.0,7,150,0.05,0.05,25,0.0,0,Ground water,Single,7891471248965532175,3,0.456501645,0.46824490233333327,0.055011878293959204,0.420052877,0.528180185,0.10812730799999998,0.977174918
CB,700,90,85.7,1.8,3.2,3.7,0.080513419,5.6,0.252,0.028,0.037,9.4,0.011,4.9,IBU,1440,3.0,7,150,0.05,0.05,25,0.0,0,Ground water,Single,7257597977143232674,3,4.026018689,4.059426695666667,0.1819234129932821,3.896522634,4.255738764,0.3592161300000001,2.798699066
CB,700,90,85.7,1.8,3.2,3.7,0.080513419,5.6,0.252,0.028,0.037,9.4,0.011,4.9,IBU,1440,7.0,7,150,0.05,0.05,25,0.0,0,Ground water,Single,16826936358102245669,3,10.6396012,10.758831323333332,0.2749965810947692,10.56357141,11.07332136,0.5097499499999998,6.46801994
CB,700,90,85.7,1.8,3.2,3.7,0.080513419,5.6,0.252,0.028,0.037,9.4,0.011,4.9,IBU,1440,10.0,7,150,0.05,0.05,25,0.0,0,Ground water,Single,11244992506998715429,3,15.20226846,15.170205923333334,0.07255603936385514,15.08714202,15.22120729,0.13406527000000068,9.239886577
CB,700,90,85.7,1.8,3.2,3.7,0.080513419,5.6,0.252,0.028,0.037,9.4,0.011,4.9,IBU,1440,1.0,7,150,0.05,0.05,35,0.0,0,Ground water,Single,8890193441200262223,3,0.815354498,0.8098838186666667,0.12996589608967918,0.677268966,0.937027992,0.259759026,0.959232275
CB,700,90,85.7,1.8,3.2,3.7,0.080513419,5.6,0.252,0.028,0.037,9.4,0.011,4.9,IBU,1440,3.0,7,150,0.05,0.05,35,0.0,0,Ground water,Single,1545384963025979106,3,4.684486064,4.4446103856666666,0.436831638130185,3.940398394,4.708946699,0.7685483050000004,2.765775697
CB,700,90,85.7,1.8,3.2,3.7,0.080513419,5.6,0.252,0.028,0.037,9.4,0.011,4.9,IBU,1440,5.0,7,150,0.05,0.05,35,0.0,0,Ground water,Single,14765858289654558428,3,8.17978163,8.240943981333333,0.2234664732075343,8.054426931,8.488623383,0.4341964520000001,4.591010918
CB,700,90,85.7,1.8,3.2,3.7,0.080513419,5.6,0.252,0.028,0.037,9.4,0.011,4.9,IBU,1440,7.0,7,150,0.05,0.05,35,0.0,0,Ground water,Single,14932595877372705509,3,11.59026418,11.54635075,0.17816025014855333,11.35034007,11.698448,0.3481079300000012,6.420486791
CB,700,90,85.7,1.8,3.2,3.7,0.080513419,5.6,0.252,0.028,0.037,9.4,0.011,4.9,IBU,1440,10.0,7,150,0.05,0.05,35,0.0,0,Ground water,Single,17710968229733482981,3,16.57955559,16.50717471333333,0.83987298074593,15.63345375,17.3085148,1.6750610500000018,9.17102222
MCB,700,90,68.9,1.8,5.7,2.6,0.120464441,21.0,0.313,0.062,0.032,678.1,0.191,2.0,IBU,1440,1.0,7,150,0.05,0.05,15,0.0,0,Ground water,Single,7562884450302427597,1,0.195862681,0.195862681,0.0,0.195862681,0.195862681,0.0,0.990206866
MCB,700,90,68.9,1.8,5.7,2.6,0.120464441,21.0,0.313,0.062,0.032,678.1,0.191,2.0,IBU,1441,3.0,7,150,0.05,0.05,15,0.0,0,Ground water,Single,15534367458492339082,1,3.849845607,3.849845607,0.0,3.849845607,3.849845607,0.0,2.80750772
MCB,700,90,68.9,1.8,5.7,2.6,0.120464441,21.0,0.313,0.062,0.032,678.1,0.191,2.0,IBU,1442,5.0,7,150,0.05,0.05,15,0.0,0,Ground water,Single,1547353342600074885,1,7.287614281,7.287614281,0.0,7.287614281,7.287614281,0.0,4.635619286
MCB,700,90,68.9,1.8,5.7,2.6,0.120464441,21.0,0.313,0.062,0.032,678.1,0.191,2.0,IBU,1443,7.0,7,150,0.05,0.05,15,0.0,0,Ground water,Single,295427787878208187,1,10.43542352,10.43542352,0.0,10.43542352,10.43542352,0.0,6.478228824
MCB,700,90,68.9,1.8,5.7,2.6,0.120464441,21.0,0.313,0.062,0.032,678.1,0.191,2.0,IBU,1444,10.0,7,150,0.05,0.05,15,0.0,0,Ground water,Single,1349321994110591645,1,14.46074795,14.46074795,0.0,14.46074795,14.46074795,0.0,9.276962603
MCB,700,90,68.9,1.8,5.7,2.6,0.120464441,21.0,0.313,0.062,0.032,678.1,0.191,2.0,IBU,1445,1.0,7,150,0.05,0.05,15,0.0,0,Ground water,Single,2798174891480595346,1,0.207527902,0.207527902,0.0,0.207527902,0.207527902,0.0,0.989623605
MCB,700,90,68.9,1.8,5.7,2.6,0.120464441,21.0,0.313,0.062,0.032,678.1,0.191,2.0,IBU,1446,3.0,7,150,0.05,0.05,15,0.0,0,Ground water,Single,12093534062081831163,1,3.711033522,3.711033522,0.0,3.711033522,3.711033522,0.0,2.814448324
MCB,700,90,68.9,1.8,5.7,2.6,0.120464441,21.0,0.313,0.062,0.032,678.1,0.191,2.0,IBU,1447,5.0,7,150,0.05,0.05,15,0.0,0,Ground water,Single,10880365496602827698,1,7.032480978,7.032480978,0.0,7.032480978,7.032480978,0.0,4.648375951
MCB,700,90,68.9,1.8,5.7,2.6,0.120464441,21.0,0.313,0.062,0.032,678.1,0.191,2.0,IBU,1448,7.0,7,150,0.05,0.05,15,0.0,0,Ground water,Single,3433976993469835110,1,10.51607903,10.51607903,0.0,10.51607903,10.51607903,0.0,6.474196048
MCB,700,90,68.9,1.8,5.7,2.6,0.120464441,21.0,0.313,0.062,0.032,678.1,0.191,2.0,IBU,1449,10.0,7,150,0.05,0.05,15,0.0,0,Ground water,Single,15086426207809694397,1,13.98171507,13.98171507,0.0,13.98171507,13.98171507,0.0,9.300914247
MCB,700,90,68.9,1.8,5.7,2.6,0.120464441,21.0,0.313,0.062,0.032,678.1,0.191,2.0,IBU,1450,1.0,7,150,0.05,0.05,15,0.0,0,Ground water,Single,16176577950961726893,1,0.276469757,0.276469757,0.0,0.276469757,0.276469757,0.0,0.986176512
MCB,700,90,68.9,1.8,5.7,2.6,0.120464441,21.0,0.313,0.062,0.032,678.1,0.191,2.0,IBU,1451,3.0,7,150,0.05,0.05,15,0.0,0,Ground water,Single,10757845888731953425,1,3.882314477,3.882314477,0.0,3.882314477,3.882314477,0.0,2.805884276
MCB,700,90,68.9,1.8,5.7,2.6,0.120464441,21.0,0.313,0.062,0.032,678.1,0.191,2.0,IBU,1452,5.0,7,150,0.05,0.05,15,0.0,0,Ground water,Single,14642826718609984852,1,7.44157097,7.44157097,0.0,7.44157097,7.44157097,0.0,4.627921451
MCB,700,90,68.9,1.8,5.7,2.6,0.120464441,21.0,0.313,0.062,0.032,678.1,0.191,2.0,IBU,1453,7.0,7,150,0.05,0.05,15,0.0,0,Ground water,Single,7437260343620301219,1,10.38490383,10.38490383,0.0,10.38490383,10.38490383,0.0,6.480754808
MCB,700,90,68.9,1.8,5.7,2.6,0.120464441,21.0,0.313,0.062,0.032,678.1,0.191,2.0,IBU,1454,10.0,7,150,0.05,0.05,15,0.0,0,Ground water,Single,11023639466359262375,1,14.07480272,14.07480272,0.0,14.07480272,14.07480272,0.0,9.296259864
MCB,700,90,68.9,1.8,5.7,2.6,0.120464441,21.0,0.313,0.062,0.032,678.1,0.191,2.0,IBU,1440,1.0,7,150,0.05,0.05,25,0.0,0,Ground water,Single,3597310176462258357,1,0.583543563,0.583543563,0.0,0.583543563,0.583543563,0.0,0.970822822
MCB,700,90,68.9,1.8,5.7,2.6,0.120464441,21.0,0.313,0.062,0.032,678.1,0.191,2.0,IBU,1441,3.0,7,150,0.05,0.05,25,0.0,0,Ground water,Single,7904152821749908962,1,4.418922683,4.418922683,0.0,4.418922683,4.418922683,0.0,2.779053866
MCB,700,90,68.9,1.8,5.7,2.6,0.120464441,21.0,0.313,0.062,0.032,678.1,0.191,2.0,IBU,1442,5.0,7,150,0.05,0.05,25,0.0,0,Ground water,Single,6404022829139725021,1,8.008088962,8.008088962,0.0,8.008088962,8.008088962,0.0,4.599595552
MCB,700,90,68.9,1.8,5.7,2.6,0.120464441,21.0,0.313,0.062,0.032,678.1,0.191,2.0,IBU,1443,7.0,7,150,0.05,0.05,25,0.0,0,Ground water,Single,10424722174915605395,1,11.36644534,11.36644534,0.0,11.36644534,11.36644534,0.0,6.431677733
MCB,700,90,68.9,1.8,5.7,2.6,0.120464441,21.0,0.313,0.062,0.032,678.1,0.191,2.0,IBU,1444,10.0,7,150,0.05,0.05,25,0.0,0,Ground water,Single,10201040771566695109,1,15.5423278,15.5423278,0.0,15.5423278,15.5423278,0.0,9.22288361
MCB,700,90,68.9,1.8,5.7,2.6,0.120464441,21.0,0.313,0.062,0.032,678.1,0.191,2.0,IBU,1445,1.0,7,150,0.05,0.05,25,0.0,0,Ground water,Single,13795006698287854458,1,0.542622455,0.542622455,0.0,0.542622455,0.542622455,0.0,0.972868877
MCB,700,90,68.9,1.8,5.7,2.6,0.120464441,21.0,0.313,0.062,0.032,678.1,0.191,2.0,IBU,1446,3.0,7,150,0.05,0.05,25,0.0,0,Ground water,Single,15991242187537347155,1,4.47511756,4.47511756,0.0,4.47511756,4.47511756,0.0,2.776244122
MCB,700,90,68.9,1.8,5.7,2.6,0.120464441,21.0,0.313,0.062,0.032,678.1,0.191,2.0,IBU,1447,5.0,7,150,0.05,0.05,25,0.0,0,Ground water,Single,5300177448612401242,1,7.785965408,7.785965408,0.0,7.785965408,7.785965408,0.0,4.61070173
MCB,700,90,68.9,1.8,5.7,2.6,0.120464441,21.0,0.313,0.062,0.032,678.1,0.191,2.0,IBU,1448,7.0,7,150,0.05,0.05,25,0.0,0,Ground water,Single,13011635884408028318,1,11.11294274,11.11294274,0.0,11.11294274,11.11294274,0.0,6.444352863
MCB,700,90,68.9,1.8,5.7,2.6,0.120464441,21.0,0.313,0.062,0.032,678.1,0.191,2.0,IBU,1449,10.0,7,150,0.05,0.05,25,0.0,0,Ground water,Single,482394137443692837,1,15.84269309,15.84269309,0.0,15.84269309,15.84269309,0.0,9.207865345
MCB,700,90,68.9,1.8,5.7,2.6,0.120464441,21.0,0.313,0.062,0.032,678.1,0.191,2.0,IBU,1450,1.0,7,150,0.05,0.05,25,0.0,0,Ground water,Single,11286042402943410773,1,0.676437466,0.676437466,0.0,0.676437466,0.676437466,0.0,0.966178127
MCB,700,90,68.9,1.8,5.7,2.6,0.120464441,21.0,0.313,0.062,0.032,678.1,0.191,2.0,IBU,1451,3.0,7,150,0.05,0.05,25,0.0,0,Ground water,Single,6983919466467850169,1,4.293002886,4.293002886,0.0,4.293002886,4.293002886,0.0,2.785349856
MCB,700,90,68.9,1.8,5.7,2.6,0.120464441,21.0,0.313,0.062,0.032,678.1,0.191,2.0,IBU,1452,5.0,7,150,0.05,0.05,25,0.0,0,Ground water,Single,14198828627270019372,1,8.138376153,8.138376153,0.0,8.138376153,8.138376153,0.0,4.593081192
MCB,700,90,68.9,1.8,5.7,2.6,0.120464441,21.0,0.313,0.062,0.032,678.1,0.191,2.0,IBU,1453,7.0,7,150,0.05,0.05,25,0.0,0,Ground water,Single,13815137717855114315,1,10.96642112,10.96642112,0.0,10.96642112,10.96642112,0.0,6.451678944
MCB,700,90,68.9,1.8,5.7,2.6,0.120464441,21.0,0.313,0.062,0.032,678.1,0.191,2.0,IBU,1454,10.0,7,150,0.05,0.05,25,0.0,0,Ground water,Single,3258369349917870607,1,15.67648187,15.67648187,0.0,15.67648187,15.67648187,0.0,9.216175907
MCB,700,90,68.9,1.8,5.7,2.6,0.120464441,21.0,0.313,0.062,0.032,678.1,0.191,2.0,IBU,1440,1.0,7,150,0.05,0.05,35,0.0,0,Ground water,Single,5202510071170023157,1,1.03302993,1.03302993,0.0,1.03302993,1.03302993,0.0,0.948348504
MCB,700,90,68.9,1.8,5.7,2.6,0.120464441,21.0,0.313,0.062,0.032,678.1,0.191,2.0,IBU,1441,3.0,7,150,0.05,0.05,35,0.0,0,Ground water,Single,6298265626084442018,1,5.078730146,5.078730146,0.0,5.078730146,5.078730146,0.0,2.746063493
MCB,700,90,68.9,1.8,5.7,2.6,0.120464441,21.0,0.313,0.062,0.032,678.1,0.191,2.0,IBU,1442,5.0,7,150,0.05,0.05,35,0.0,0,Ground water,Single,4455110848701685405,1,8.911372581,8.911372581,0.0,8.911372581,8.911372581,0.0,4.554431371
MCB,700,90,68.9,1.8,5.7,2.6,0.120464441,21.0,0.313,0.062,0.032,678.1,0.191,2.0,IBU,1443,7.0,7,150,0.05,0.05,35,0.0,0,Ground water,Single,11762488407744678739,1,12.25173465,12.25173465,0.0,12.25173465,12.25173465,0.0,6.387413268
MCB,700,90,68.9,1.8,5.7,2.6,0.120464441,21.0,0.313,0.062,0.032,678.1,0.191,2.0,IBU,1444,10.0,7,150,0.05,0.05,35,0.0,0,Ground water,Single,6013514587014568581,1,16.53267674,16.53267674,0.0,16.53267674,16.53267674,0.0,9.173366163
MCB,700,90,68.9,1.8,5.7,2.6,0.120464441,21.0,0.313,0.062,0.032,678.1,0.191,2.0,IBU,1445,1.0,7,150,0.05,0.05,35,0.0,0,Ground water,Single,5063045211398234170,1,0.926541403,0.926541403,0.0,0.926541403,0.926541403,0.0,0.95367293
MCB,700,90,68.9,1.8,5.7,2.6,0.120464441,21.0,0.313,0.062,0.032,678.1,0.191,2.0,IBU,1446,3.0,7,150,0.05,0.05,35,0.0,0,Ground water,Single,14068852684247809683,1,4.795834427,4.795834427,0.0,4.795834427,4.795834427,0.0,2.760208279
MCB,700,90,68.9,1.8,5.7,2.6,0.120464441,21.0,0.313,0.062,0.032,678.1,0.191,2.0,IBU,1447,5.0,7,150,0.05,0.05,35,0.0,0,Ground water,Single,5401092152217355674,1,8.837587035,8.837587035,0.0,8.837587035,8.837587035,0.0,4.558120648
MCB,700,90,68.9,1.8,5.7,2.6,0.120464441,21.0,0.313,0.062,0.032,678.1,0.191,2.0,IBU,1448,7.0,7,150,0.05,0.05,35,0.0,0,Ground water,Single,4876135090601352030,1,11.61615371,11.61615371,0.0,11.61615371,11.61615371,0.0,6.419192315
MCB,700,90,68.9,1.8,5.7,2.6,0.120464441,21.0,0.313,0.062,0.032,678.1,0.191,2.0,IBU,1449,10.0,7,150,0.05,0.05,35,0.0,0,Ground water,Single,5227174343604349669,1,16.78103695,16.78103695,0.0,16.78103695,16.78103695,0.0,9.160948152
MCB,700,90,68.9,1.8,5.7,2.6,0.120464441,21.0,0.313,0.062,0.032,678.1,0.191,2.0,IBU,1450,1.0,7,150,0.05,0.05,35,0.0,0,Ground water,Single,10615916952824361109,1,0.940014935,0.940014935,0.0,0.940014935,0.940014935,0.0,0.952999253
MCB,700,90,68.9,1.8,5.7,2.6,0.120464441,21.0,0.313,0.062,0.032,678.1,0.191,2.0,IBU,1451,3.0,7,150,0.05,0.05,35,0.0,0,Ground water,Single,5217975499825798009,1,4.975333508,4.975333508,0.0,4.975333508,4.975333508,0.0,2.751233325
MCB,700,90,68.9,1.8,5.7,2.6,0.120464441,21.0,0.313,0.062,0.032,678.1,0.191,2.0,IBU,1452,5.0,7,150,0.05,0.05,35,0.0,0,Ground water,Single,14111493200991021164,1,8.967753133,8.967753133,0.0,8.967753133,8.967753133,0.0,4.551612343
MCB,700,90,68.9,1.8,5.7,2.6,0.120464441,21.0,0.313,0.062,0.032,678.1,0.191,2.0,IBU,1453,7.0,7,150,0.05,0.05,35,0.0,0,Ground water,Single,17240586646336196107,1,11.89212295,11.89212295,0.0,11.89212295,11.89212295,0.0,6.405393853
MCB,700,90,68.9,1.8,5.7,2.6,0.120464441,21.0,0.313,0.062,0.032,678.1,0.191,2.0,IBU,1454,10.0,7,150,0.05,0.05,35,0.0,0,Ground water,Single,13502903946945625167,1,16.23847908,16.23847908,0.0,16.23847908,16.23847908,0.0,9.188076046
AMCB,700,90,71.4,1.6,5.1,2.5,0.106442577,19.4,0.269,0.054,0.03,950.2,0.42,1.0,IBU,1440,1.0,7,150,0.05,0.05,15,0.0,0,Ground water,Single,15326704995964888575,1,19.41590749,19.41590749,0.0,19.41590749,19.41590749,0.0,0.029204626
AMCB,700,90,71.4,1.6,5.1,2.5,0.106442577,19.4,0.269,0.054,0.03,950.2,0.42,1.0,IBU,1441,3.0,7,150,0.05,0.05,15,0.0,0,Ground water,Single,6263373633398562268,1,48.10068417,48.10068417,0.0,48.10068417,48.10068417,0.0,0.594965791
AMCB,700,90,71.4,1.6,5.1,2.5,0.106442577,19.4,0.269,0.054,0.03,950.2,0.42,1.0,IBU,1442,5.0,7,150,0.05,0.05,15,0.0,0,Ground water,Single,15656187769971727515,1,65.5023835,65.5023835,0.0,65.5023835,65.5023835,0.0,1.724880825
AMCB,700,90,71.4,1.6,5.1,2.5,0.106442577,19.4,0.269,0.054,0.03,950.2,0.42,1.0,IBU,1443,7.0,7,150,0.05,0.05,15,0.0,0,Ground water,Single,11971345250686531537,1,81.90482149,81.90482149,0.0,81.90482149,81.90482149,0.0,2.904758926
AMCB,700,90,71.4,1.6,5.1,2.5,0.106442577,19.4,0.269,0.054,0.03,950.2,0.42,1.0,IBU,1444,10.0,7,150,0.05,0.05,15,0.0,0,Ground water,Single,13447245047022571407,1,96.35233809,96.35233809,0.0,96.35233809,96.35233809,0.0,5.182383096
AMCB,700,90,71.4,1.6,5.1,2.5,0.106442577,19.4,0.269,0.054,0.03,950.2,0.42,1.0,IBU,1445,1.0,7,150,0.05,0.05,15,0.0,0,Ground water,Single,11502051642537447096,1,19.33232961,19.33232961,0.0,19.33232961,19.33232961,0.0,0.033383519
AMCB,700,90,71.4,1.6,5.1,2.5,0.106442577,19.4,0.269,0.054,0.03,950.2,0.42,1.0,IBU,1446,3.0,7,150,0.05,0.05,15,0.0,0,Ground water,Single,9591994285362170109,1,48.00012109,48.00012109,0.0,48.00012109,48.00012109,0.0,0.599993945
AMCB,700,90,71.4,1.6,5.1,2.5,0.106442577,19.4,0.269,0.054,0.03,950.2,0.42,1.0,IBU,1447,5.0,7,150,0.05,0.05,15,0.0,0,Ground water,Single,15301960229397454996,1,65.42640215,65.42640215,0.0,65.42640215,65.42640215,0.0,1.728679893
AMCB,700,90,71.4,1.6,5.1,2.5,0.106442577,19.4,0.269,0.054,0.03,950.2,0.42,1.0,IBU,1448,7.0,7,150,0.05,0.05,15,0.0,0,Ground water,Single,10095480628131707324,1,71.60230075,71.60230075,0.0,71.60230075,71.60230075,0.0,3.419884962
AMCB,700,90,71.4,1.6,5.1,2.5,0.106442577,19.4,0.269,0.054,0.03,950.2,0.42,1.0,IBU,1449,10.0,7,150,0.05,0.05,15,0.0,0,Ground water,Single,11246765387240227503,1,97.85299401,97.85299401,0.0,97.85299401,97.85299401,0.0,5.1073503
AMCB,700,90,71.4,1.6,5.1,2.5,0.106442577,19.4,0.269,0.054,0.03,950.2,0.42,1.0,IBU,1450,1.0,7,150,0.05,0.05,15,0.0,0,Ground water,Single,21663042305783391,1,19.48302488,19.48302488,0.0,19.48302488,19.48302488,0.0,0.025848756
AMCB,700,90,71.4,1.6,5.1,2.5,0.106442577,19.4,0.269,0.054,0.03,950.2,0.42,1.0,IBU,1451,3.0,7,150,0.05,0.05,15,0.0,0,Ground water,Single,5476090641586445271,1,47.95678621,47.95678621,0.0,47.95678621,47.95678621,0.0,0.602160689
AMCB,700,90,71.4,1.6,5.1,2.5,0.106442577,19.4,0.269,0.054,0.03,950.2,0.42,1.0,IBU,1452,5.0,7,150,0.05,0.05,15,0.0,0,Ground water,Single,16044322656900964210,1,65.99160427,65.99160427,0.0,65.99160427,65.99160427,0.0,1.700419786
AMCB,700,90,71.4,1.6,5.1,2.5,0.106442577,19.4,0.269,0.054,0.03,950.2,0.42,1.0,IBU,1453,7.0,7,150,0.05,0.05,15,0.0,0,Ground water,Single,6626193490020143849,1,76.17312963,76.17312963,0.0,76.17312963,76.17312963,0.0,3.191343519
AMCB,700,90,71.4,1.6,5.1,2.5,0.106442577,19.4,0.269,0.054,0.03,950.2,0.42,1.0,IBU,1454,10.0,7,150,0.05,0.05,15,0.0,0,Ground water,Single,7223928982610386437,1,95.8938909,95.8938909,0.0,95.8938909,95.8938909,0.0,5.205305455
AMCB,700,90,71.4,1.6,5.1,2.5,0.106442577,19.4,0.269,0.054,0.03,950.2,0.42,1.0,IBU,1440,1.0,7,150,0.05,0.05,25,0.0,0,Ground water,Single,5416937588040697047,1,19.89471432,19.89471432,0.0,19.89471432,19.89471432,0.0,0.005264284
AMCB,700,90,71.4,1.6,5.1,2.5,0.106442577,19.4,0.269,0.054,0.03,950.2,0.42,1.0,IBU,1441,3.0,7,150,0.05,0.05,25,0.0,0,Ground water,Single,10872664682788582276,1,48.63196432,48.63196432,0.0,48.63196432,48.63196432,0.0,0.568401784
AMCB,700,90,71.4,1.6,5.1,2.5,0.106442577,19.4,0.269,0.054,0.03,950.2,0.42,1.0,IBU,1442,5.0,7,150,0.05,0.05,25,0.0,0,Ground water,Single,17733708730359010483,1,69.23472926,69.23472926,0.0,69.23472926,69.23472926,0.0,1.538263537
AMCB,700,90,71.4,1.6,5.1,2.5,0.106442577,19.4,0.269,0.054,0.03,950.2,0.42,1.0,IBU,1443,7.0,7,150,0.05,0.05,25,0.0,0,Ground water,Single,2870718948475246841,1,87.27229207,87.27229207,0.0,87.27229207,87.27229207,0.0,2.636385396
AMCB,700,90,71.4,1.6,5.1,2.5,0.106442577,19.4,0.269,0.054,0.03,950.2,0.42,1.0,IBU,1444,10.0,7,150,0.05,0.05,25,0.0,0,Ground water,Single,6957204742701140519,1,99.51006075,99.51006075,0.0,99.51006075,99.51006075,0.0,5.024496963
AMCB,700,90,71.4,1.6,5.1,2.5,0.106442577,19.4,0.269,0.054,0.03,950.2,0.42,1.0,IBU,1445,1.0,7,150,0.05,0.05,25,0.0,0,Ground water,Single,7757649415160392368,1,20.0,20.0,0.0,20.0,20.0,0.0,0.0
AMCB,700,90,71.4,1.6,5.1,2.5,0.106442577,19.4,0.269,0.054,0.03,950.2,0.42,1.0,IBU,1446,3.0,7,150,0.05,0.05,25,0.0,0,Ground water,Single,7160425035341295589,1,49.64386769,49.64386769,0.0,49.64386769,49.64386769,0.0,0.517806616
AMCB,700,90,71.4,1.6,5.1,2.5,0.106442577,19.4,0.269,0.054,0.03,950.2,0.42,1.0,IBU,1447,5.0,7,150,0.05,0.05,25,0.0,0,Ground water,Single,13008548751510191596,1,67.37306505,67.37306505,0.0,67.37306505,67.37306505,0.0,1.631346748
AMCB,700,90,71.4,1.6,5.1,2.5,0.106442577,19.4,0.269,0.054,0.03,950.2,0.42,1.0,IBU,1448,7.0,7,150,0.05,0.05,25,0.0,0,Ground water,Single,1215250801037100964,1,84.16060869,84.16060869,0.0,84.16060869,84.16060869,0.0,2.791969565
AMCB,700,90,71.4,1.6,5.1,2.5,0.106442577,19.4,0.269,0.054,0.03,950.2,0.42,1.0,IBU,1449,10.0,7,150,0.05,0.05,25,0.0,0,Ground water,Single,16509248199414197255,1,95.47365234,95.47365234,0.0,95.47365234,95.47365234,0.0,5.226317383
AMCB,700,90,71.4,1.6,5.1,2.5,0.106442577,19.4,0.269,0.054,0.03,950.2,0.42,1.0,IBU,1450,1.0,7,150,0.05,0.05,25,0.0,0,Ground water,Single,6536290938282073975,1,19.83660619,19.83660619,0.0,19.83660619,19.83660619,0.0,0.008169691
AMCB,700,90,71.4,1.6,5.1,2.5,0.106442577,19.4,0.269,0.054,0.03,950.2,0.42,1.0,IBU,1451,3.0,7,150,0.05,0.05,25,0.0,0,Ground water,Single,1004080232524795647,1,49.82836384,49.82836384,0.0,49.82836384,49.82836384,0.0,0.508581808
AMCB,700,90,71.4,1.6,5.1,2.5,0.106442577,19.4,0.269,0.054,0.03,950.2,0.42,1.0,IBU,1452,5.0,7,150,0.05,0.05,25,0.0,0,Ground water,Single,4574388838173876122,1,67.18646996,67.18646996,0.0,67.18646996,67.18646996,0.0,1.640676502
AMCB,700,90,71.4,1.6,5.1,2.5,0.106442577,19.4,0.269,0.054,0.03,950.2,0.42,1.0,IBU,1453,7.0,7,150,0.05,0.05,25,0.0,0,Ground water,Single,15429002766855510145,1,78.58598155,78.58598155,0.0,78.58598155,78.58598155,0.0,3.070700922
AMCB,700,90,71.4,1.6,5.1,2.5,0.106442577,19.4,0.269,0.054,0.03,950.2,0.42,1.0,IBU,1454,10.0,7,150,0.05,0.05,25,0.0,0,Ground water,Single,17540682116660840541,1,90.719401,90.719401,0.0,90.719401,90.719401,0.0,5.46402995
AMCB,700,90,71.4,1.6,5.1,2.5,0.106442577,19.4,0.269,0.054,0.03,950.2,0.42,1.0,IBU,1440,1.0,7,150,0.05,0.05,35,0.0,0,Ground water,Single,2288984687875381655,1,19.95246725,19.95246725,0.0,19.95246725,19.95246725,0.0,0.002376637
AMCB,700,90,71.4,1.6,5.1,2.5,0.106442577,19.4,0.269,0.054,0.03,950.2,0.42,1.0,IBU,1441,3.0,7,150,0.05,0.05,35,0.0,0,Ground water,Single,6018886123328251204,1,50.82752023,50.82752023,0.0,50.82752023,50.82752023,0.0,0.458623988
AMCB,700,90,71.4,1.6,5.1,2.5,0.106442577,19.4,0.269,0.054,0.03,950.2,0.42,1.0,IBU,1442,5.0,7,150,0.05,0.05,35,0.0,0,Ground water,Single,9630602491408957811,1,69.69692224,69.69692224,0.0,69.69692224,69.69692224,0.0,1.515153888
AMCB,700,90,71.4,1.6,5.1,2.5,0.106442577,19.4,0.269,0.054,0.03,950.2,0.42,1.0,IBU,1443,7.0,7,150,0.05,0.05,35,0.0,0,Ground water,Single,12670958450097869881,1,85.46103453,85.46103453,0.0,85.46103453,85.46103453,0.0,2.726948273
AMCB,700,90,71.4,1.6,5.1,2.5,0.106442577,19.4,0.269,0.054,0.03,950.2,0.42,1.0,IBU,1444,10.0,7,150,0.05,0.05,35,0.0,0,Ground water,Single,18008818454929617895,1,103.5785586,103.5785586,0.0,103.5785586,103.5785586,0.0,4.82107207
AMCB,700,90,71.4,1.6,5.1,2.5,0.106442577,19.4,0.269,0.054,0.03,950.2,0.42,1.0,IBU,1445,1.0,7,150,0.05,0.05,35,0.0,0,Ground water,Single,15555484437267679088,1,19.929379,19.929379,0.0,19.929379,19.929379,0.0,0.00353105
AMCB,700,90,71.4,1.6,5.1,2.5,0.106442577,19.4,0.269,0.054,0.03,950.2,0.42,1.0,IBU,1446,3.0,7,150,0.05,0.05,35,0.0,0,Ground water,Single,18276777132560963109,1,50.60587297,50.60587297,0.0,50.60587297,50.60587297,0.0,0.469706351
AMCB,700,90,71.4,1.6,5.1,2.5,0.106442577,19.4,0.269,0.054,0.03,950.2,0.42,1.0,IBU,1447,5.0,7,150,0.05,0.05,35,0.0,0,Ground water,Single,2708808185253147564,1,67.41271065,67.41271065,0.0,67.41271065,67.41271065,0.0,1.629364467
AMCB,700,90,71.4,1.6,5.1,2.5,0.106442577,19.4,0.269,0.054,0.03,950.2,0.42,1.0,IBU,1448,7.0,7,150,0.05,0.05,35,0.0,0,Ground water,Single,13020775319250142948,1,80.93630144,80.93630144,0.0,80.93630144,80.93630144,0.0,2.953184928
AMCB,700,90,71.4,1.6,5.1,2.5,0.106442577,19.4,0.269,0.054,0.03,950.2,0.42,1.0,IBU,1449,10.0,7,150,0.05,0.05,35,0.0,0,Ground water,Single,14996048334728548551,1,101.083146,101.083146,0.0,101.083146,101.083146,0.0,4.945842701
AMCB,700,90,71.4,1.6,5.1,2.5,0.106442577,19.4,0.269,0.054,0.03,950.2,0.42,1.0,IBU,1450,1.0,7,150,0.05,0.05,35,0.0,0,Ground water,Single,16479882799802070071,1,20.0,20.0,0.0,20.0,20.0,0.0,0.0
AMCB,700,90,71.4,1.6,5.1,2.5,0.106442577,19.4,0.269,0.054,0.03,950.2,0.42,1.0,IBU,1451,3.0,7,150,0.05,0.05,35,0.0,0,Ground water,Single,3661506406695586623,1,51.15141779,51.15141779,0.0,51.15141779,51.15141779,0.0,0.442429111
AMCB,700,90,71.4,1.6,5.1,2.5,0.106442577,19.4,0.269,0.054,0.03,950.2,0.42,1.0,IBU,1452,5.0,7,150,0.05,0.05,35,0.0,0,Ground water,Single,5389074033231998554,1,68.08262528,68.08262528,0.0,68.08262528,68.08262528,0.0,1.595868736
AMCB,700,90,71.4,1.6,5.1,2.5,0.106442577,19.4,0.269,0.054,0.03,950.2,0.42,1.0,IBU,1453,7.0,7,150,0.05,0.05,35,0.0,0,Ground water,Single,2649861701642323137,1,82.09281317,82.09281317,0.0,82.09281317,82.09281317,0.0,2.895359341
AMCB,700,90,71.4,1.6,5.1,2.5,0.106442577,19.4,0.269,0.054,0.03,950.2,0.42,1.0,IBU,1454,10.0,7,150,0.05,0.05,35,0.0,0,Ground water,Single,16808907155016778013,1,103.3970009,103.3970009,0.0,103.3970009,103.3970009,0.0,4.830149953
CB,700,90,85.7,1.8,3.2,3.7,0.080513419,5.6,0.252,0.028,0.037,9.4,0.011,4.9,IBU,1440,1.0,7,150,0.05,0.05,15,0.0,0,Lake water,Single,16938332226108115672,3,-0.068613039,-0.05959280766666667,0.03702650841078889,-0.09127577,-0.018889614,0.07238615600000001,1.003430652
CB,700,90,85.7,1.8,3.2,3.7,0.080513419,5.6,0.252,0.028,0.037,9.4,0.011,4.9,IBU,1440,3.0,7,150,0.05,0.05,15,0.0,0,Lake water,Single,6965201756653657737,3,2.943631564,2.9644464559999997,0.08078756768430745,2.896103116,3.053604688,0.15750157200000015,2.852818422
CB,700,90,85.7,1.8,3.2,3.7,0.080513419,5.6,0.252,0.028,0.037,9.4,0.011,4.9,IBU,1440,5.0,7,150,0.05,0.05,15,0.0,0,Lake water,Single,6533244449914575515,3,6.577519116,6.524537939999999,0.12953473467304943,6.376911091,6.619183613,0.2422725219999995,4.671124044
CB,700,90,85.7,1.8,3.2,3.7,0.080513419,5.6,0.252,0.028,0.037,9.4,0.011,4.9,IBU,1440,7.0,7,150,0.05,0.05,15,0.0,0,Lake water,Single,7175254655374090038,3,10.23804279,10.194193996666668,0.08230673701169533,10.09924658,10.24529262,0.14604603999999988,6.488097861
CB,700,90,85.7,1.8,3.2,3.7,0.080513419,5.6,0.252,0.028,0.037,9.4,0.011,4.9,IBU,1440,10.0,7,150,0.05,0.05,15,0.0,0,Lake water,Single,16983837190254317110,3,13.59765442,13.598540953333332,0.16388001844758782,13.435106,13.76286244,0.3277564399999999,9.320117279
CB,700,90,85.7,1.8,3.2,3.7,0.080513419,5.6,0.252,0.028,0.037,9.4,0.011,4.9,IBU,1440,1.0,7,150,0.05,0.05,25,0.0,0,Lake water,Single,17977216868133035984,3,0.387998125,0.3761367076666667,0.024394260075325813,0.348079996,0.392332002,0.04425200600000001,0.980600094
CB,700,90,85.7,1.8,3.2,3.7,0.080513419,5.6,0.252,0.028,0.037,9.4,0.011,4.9,IBU,1440,3.0,7,150,0.05,0.05,25,0.0,0,Lake water,Single,444607345130435793,3,3.344174701,3.3457928953333336,0.06804267952204762,3.278573746,3.414630239,0.1360564929999999,2.832791265
CB,700,90,85.7,1.8,3.2,3.7,0.080513419,5.6,0.252,0.028,0.037,9.4,0.011,4.9,IBU,1440,7.0,7,150,0.05,0.05,25,0.0,0,Lake water,Single,16066104544994962222,3,10.46171408,10.50793676,0.19104613566880393,10.34424279,10.71785341,0.3736106200000009,6.476914296
CB,700,90,85.7,1.8,3.2,3.7,0.080513419,5.6,0.252,0.028,0.037,9.4,0.011,4.9,IBU,1440,10.0,7,150,0.05,0.05,25,0.0,0,Lake water,Single,18191028603544593454,3,14.01472397,14.075892246666667,0.5640823981571426,13.54488687,14.6680659,1.123179030000001,9.299263802
CB,700,90,85.7,1.8,3.2,3.7,0.080513419,5.6,0.252,0.028,0.037,9.4,0.011,4.9,IBU,1440,1.0,7,150,0.05,0.05,35,0.0,0,Lake water,Single,14017646238512971536,3,0.68981539,0.6687361396666667,0.04933207204763118,0.612366369,0.70402666,0.09166029100000006,0.965509231
CB,700,90,85.7,1.8,3.2,3.7,0.080513419,5.6,0.252,0.028,0.037,9.4,0.011,4.9,IBU,1440,3.0,7,150,0.05,0.05,35,0.0,0,Lake water,Single,8308049933844639761,3,3.679068817,3.6416233743333337,0.07625646422248233,3.553883065,3.691918241,0.13803517600000026,2.816046559
CB,700,90,85.7,1.8,3.2,3.7,0.080513419,5.6,0.252,0.028,0.037,9.4,0.011,4.9,IBU,1440,5.0,7,150,0.05,0.05,35,0.0,0,Lake water,Single,17384553156265223587,3,8.137530491,8.139594623666667,0.06248226735177536,8.078169999,8.203083381,0.1249133820000008,4.593123475
CB,700,90,85.7,1.8,3.2,3.7,0.080513419,5.6,0.252,0.028,0.037,9.4,0.011,4.9,IBU,1440,7.0,7,150,0.05,0.05,35,0.0,0,Lake water,Single,11739223762681930990,3,11.28088087,11.303719843333335,0.11743856352378998,11.19937836,11.4309003,0.2315219399999986,6.435955956
CB,700,90,85.7,1.8,3.2,3.7,0.080513419,5.6,0.252,0.028,0.037,9.4,0.011,4.9,IBU,1440,10.0,7,150,0.05,0.05,35,0.0,0,Lake water,Single,7507108714903484910,3,15.55296182,15.596119003333333,0.22344671644840944,15.39739887,15.83799632,0.4405974500000003,9.222351909
MCB,700,90,68.9,1.8,5.7,2.6,0.120464441,21.0,0.313,0.062,0.032,678.1,0.191,2.0,IBU,1440,1.0,7,150,0.05,0.05,15,0.0,0,Lake water,Single,3825282184374800422,1,0.194920312,0.194920312,0.0,0.194920312,0.194920312,0.0,0.990253984
MCB,700,90,68.9,1.8,5.7,2.6,0.120464441,21.0,0.313,0.062,0.032,678.1,0.191,2.0,IBU,1441,3.0,7,150,0.05,0.05,15,0.0,0,Lake water,Single,11271187065598021193,1,3.187209857,3.187209857,0.0,3.187209857,3.187209857,0.0,2.840639507
MCB,700,90,68.9,1.8,5.7,2.6,0.120464441,21.0,0.313,0.062,0.032,678.1,0.191,2.0,IBU,1442,5.0,7,150,0.05,0.05,15,0.0,0,Lake water,Single,14654360985139486414,1,7.016242024,7.016242024,0.0,7.016242024,7.016242024,0.0,4.649187899
MCB,700,90,68.9,1.8,5.7,2.6,0.120464441,21.0,0.313,0.062,0.032,678.1,0.191,2.0,IBU,1443,7.0,7,150,0.05,0.05,15,0.0,0,Lake water,Single,5553631421604866212,1,10.13072927,10.13072927,0.0,10.13072927,10.13072927,0.0,6.493463537
MCB,700,90,68.9,1.8,5.7,2.6,0.120464441,21.0,0.313,0.062,0.032,678.1,0.191,2.0,IBU,1444,10.0,7,150,0.05,0.05,15,0.0,0,Lake water,Single,15824271465264248278,1,14.07544631,14.07544631,0.0,14.07544631,14.07544631,0.0,9.296227685
MCB,700,90,68.9,1.8,5.7,2.6,0.120464441,21.0,0.313,0.062,0.032,678.1,0.191,2.0,IBU,1445,1.0,7,150,0.05,0.05,15,0.0,0,Lake water,Single,16002497293951558241,1,0.195216714,0.195216714,0.0,0.195216714,0.195216714,0.0,0.990239164
MCB,700,90,68.9,1.8,5.7,2.6,0.120464441,21.0,0.313,0.062,0.032,678.1,0.191,2.0,IBU,1446,3.0,7,150,0.05,0.05,15,0.0,0,Lake water,Single,3411004748564776420,1,3.154317254,3.154317254,0.0,3.154317254,3.154317254,0.0,2.842284137
MCB,700,90,68.9,1.8,5.7,2.6,0.120464441,21.0,0.313,0.062,0.032,678.1,0.191,2.0,IBU,1447,5.0,7,150,0.05,0.05,15,0.0,0,Lake water,Single,16231848065565885249,1,7.024685474,7.024685474,0.0,7.024685474,7.024685474,0.0,4.648765726
MCB,700,90,68.9,1.8,5.7,2.6,0.120464441,21.0,0.313,0.062,0.032,678.1,0.191,2.0,IBU,1448,7.0,7,150,0.05,0.05,15,0.0,0,Lake water,Single,16777781592095503373,1,10.31234354,10.31234354,0.0,10.31234354,10.31234354,0.0,6.484382823
MCB,700,90,68.9,1.8,5.7,2.6,0.120464441,21.0,0.313,0.062,0.032,678.1,0.191,2.0,IBU,1449,10.0,7,150,0.05,0.05,15,0.0,0,Lake water,Single,9594760728869441334,1,14.17726437,14.17726437,0.0,14.17726437,14.17726437,0.0,9.291136781
MCB,700,90,68.9,1.8,5.7,2.6,0.120464441,21.0,0.313,0.062,0.032,678.1,0.191,2.0,IBU,1450,1.0,7,150,0.05,0.05,15,0.0,0,Lake water,Single,15042433285936276678,1,0.197203408,0.197203408,0.0,0.197203408,0.197203408,0.0,0.99013983
MCB,700,90,68.9,1.8,5.7,2.6,0.120464441,21.0,0.313,0.062,0.032,678.1,0.191,2.0,IBU,1451,3.0,7,150,0.05,0.05,15,0.0,0,Lake water,Single,13619735865802207714,1,3.209760435,3.209760435,0.0,3.209760435,3.209760435,0.0,2.839511978
MCB,700,90,68.9,1.8,5.7,2.6,0.120464441,21.0,0.313,0.062,0.032,678.1,0.191,2.0,IBU,1452,5.0,7,150,0.05,0.05,15,0.0,0,Lake water,Single,7347658609669238027,1,7.045113173,7.045113173,0.0,7.045113173,7.045113173,0.0,4.647744341
MCB,700,90,68.9,1.8,5.7,2.6,0.120464441,21.0,0.313,0.062,0.032,678.1,0.191,2.0,IBU,1453,7.0,7,150,0.05,0.05,15,0.0,0,Lake water,Single,15135330900954528476,1,11.1431421,11.1431421,0.0,11.1431421,11.1431421,0.0,6.442842895
MCB,700,90,68.9,1.8,5.7,2.6,0.120464441,21.0,0.313,0.062,0.032,678.1,0.191,2.0,IBU,1454,10.0,7,150,0.05,0.05,15,0.0,0,Lake water,Single,1288203274122541784,1,13.97192193,13.97192193,0.0,13.97192193,13.97192193,0.0,9.301403904
MCB,700,90,68.9,1.8,5.7,2.6,0.120464441,21.0,0.313,0.062,0.032,678.1,0.191,2.0,IBU,1440,1.0,7,150,0.05,0.05,25,0.0,0,Lake water,Single,5173616787622213918,1,0.515747353,0.515747353,0.0,0.515747353,0.515747353,0.0,0.974212632
MCB,700,90,68.9,1.8,5.7,2.6,0.120464441,21.0,0.313,0.062,0.032,678.1,0.191,2.0,IBU,1441,3.0,7,150,0.05,0.05,25,0.0,0,Lake water,Single,13665796460083973393,1,3.901626606,3.901626606,0.0,3.901626606,3.901626606,0.0,2.80491867
MCB,700,90,68.9,1.8,5.7,2.6,0.120464441,21.0,0.313,0.062,0.032,678.1,0.191,2.0,IBU,1442,5.0,7,150,0.05,0.05,25,0.0,0,Lake water,Single,18090062481490488342,1,8.001009369,8.001009369,0.0,8.001009369,8.001009369,0.0,4.599949532
MCB,700,90,68.9,1.8,5.7,2.6,0.120464441,21.0,0.313,0.062,0.032,678.1,0.191,2.0,IBU,1443,7.0,7,150,0.05,0.05,25,0.0,0,Lake water,Single,536823301962413804,1,10.33676866,10.33676866,0.0,10.33676866,10.33676866,0.0,6.483161567
MCB,700,90,68.9,1.8,5.7,2.6,0.120464441,21.0,0.313,0.062,0.032,678.1,0.191,2.0,IBU,1444,10.0,7,150,0.05,0.05,25,0.0,0,Lake water,Single,9799808736612183566,1,14.82828315,14.82828315,0.0,14.82828315,14.82828315,0.0,9.258585842
MCB,700,90,68.9,1.8,5.7,2.6,0.120464441,21.0,0.313,0.062,0.032,678.1,0.191,2.0,IBU,1445,1.0,7,150,0.05,0.05,25,0.0,0,Lake water,Single,1556186754524544729,1,0.507295893,0.507295893,0.0,0.507295893,0.507295893,0.0,0.974635205
MCB,700,90,68.9,1.8,5.7,2.6,0.120464441,21.0,0.313,0.062,0.032,678.1,0.191,2.0,IBU,1446,3.0,7,150,0.05,0.05,25,0.0,0,Lake water,Single,13321375814559557804,1,3.913114183,3.913114183,0.0,3.913114183,3.913114183,0.0,2.804344291
MCB,700,90,68.9,1.8,5.7,2.6,0.120464441,21.0,0.313,0.062,0.032,678.1,0.191,2.0,IBU,1447,5.0,7,150,0.05,0.05,25,0.0,0,Lake water,Single,4897001784181599097,1,7.936658108,7.936658108,0.0,7.936658108,7.936658108,0.0,4.603167095
MCB,700,90,68.9,1.8,5.7,2.6,0.120464441,21.0,0.313,0.062,0.032,678.1,0.191,2.0,IBU,1448,7.0,7,150,0.05,0.05,25,0.0,0,Lake water,Single,9909382999312167477,1,11.17021081,11.17021081,0.0,11.17021081,11.17021081,0.0,6.44148946
MCB,700,90,68.9,1.8,5.7,2.6,0.120464441,21.0,0.313,0.062,0.032,678.1,0.191,2.0,IBU,1449,10.0,7,150,0.05,0.05,25,0.0,0,Lake water,Single,7883242795825421102,1,14.34597314,14.34597314,0.0,14.34597314,14.34597314,0.0,9.282701343
MCB,700,90,68.9,1.8,5.7,2.6,0.120464441,21.0,0.313,0.062,0.032,678.1,0.191,2.0,IBU,1450,1.0,7,150,0.05,0.05,25,0.0,0,Lake water,Single,13123095831943736062,1,0.567641722,0.567641722,0.0,0.567641722,0.567641722,0.0,0.971617914
MCB,700,90,68.9,1.8,5.7,2.6,0.120464441,21.0,0.313,0.062,0.032,678.1,0.191,2.0,IBU,1451,3.0,7,150,0.05,0.05,25,0.0,0,Lake water,Single,7898402698807786650,1,3.895826741,3.895826741,0.0,3.895826741,3.895826741,0.0,2.805208663
MCB,700,90,68.9,1.8,5.7,2.6,0.120464441,21.0,0.313,0.062,0.032,678.1,0.191,2.0,IBU,1452,5.0,7,150,0.05,0.05,25,0.0,0,Lake water,Single,6287178923231251155,1,8.049611273,8.049611273,0.0,8.049611273,8.049611273,0.0,4.597519436
MCB,700,90,68.9,1.8,5.7,2.6,0.120464441,21.0,0.313,0.062,0.032,678.1,0.191,2.0,IBU,1453,7.0,7,150,0.05,0.05,25,0.0,0,Lake water,Single,5082441950943365012,1,11.14137971,11.14137971,0.0,11.14137971,11.14137971,0.0,6.442931014
MCB,700,90,68.9,1.8,5.7,2.6,0.120464441,21.0,0.313,0.062,0.032,678.1,0.191,2.0,IBU,1454,10.0,7,150,0.05,0.05,25,0.0,0,Lake water,Single,179340578251984848,1,14.57548436,14.57548436,0.0,14.57548436,14.57548436,0.0,9.271225782
MCB,700,90,68.9,1.8,5.7,2.6,0.120464441,21.0,0.313,0.062,0.032,678.1,0.191,2.0,IBU,1440,1.0,7,150,0.05,0.05,35,0.0,0,Lake water,Single,10138799616507209566,1,0.868089129,0.868089129,0.0,0.868089129,0.868089129,0.0,0.956595544
MCB,700,90,68.9,1.8,5.7,2.6,0.120464441,21.0,0.313,0.062,0.032,678.1,0.191,2.0,IBU,1441,3.0,7,150,0.05,0.05,35,0.0,0,Lake water,Single,18084832500324239825,1,4.195801507,4.195801507,0.0,4.195801507,4.195801507,0.0,2.790209925
MCB,700,90,68.9,1.8,5.7,2.6,0.120464441,21.0,0.313,0.062,0.032,678.1,0.191,2.0,IBU,1442,5.0,7,150,0.05,0.05,35,0.0,0,Lake water,Single,17981781917041824214,1,8.451412115,8.451412115,0.0,8.451412115,8.451412115,0.0,4.577429394
MCB,700,90,68.9,1.8,5.7,2.6,0.120464441,21.0,0.313,0.062,0.032,678.1,0.191,2.0,IBU,1443,7.0,7,150,0.05,0.05,35,0.0,0,Lake water,Single,16010746774916559788,1,11.9138672,11.9138672,0.0,11.9138672,11.9138672,0.0,6.40430664
MCB,700,90,68.9,1.8,5.7,2.6,0.120464441,21.0,0.313,0.062,0.032,678.1,0.191,2.0,IBU,1444,10.0,7,150,0.05,0.05,35,0.0,0,Lake water,Single,7173516202336137934,1,16.02200584,16.02200584,0.0,16.02200584,16.02200584,0.0,9.198899708
MCB,700,90,68.9,1.8,5.7,2.6,0.120464441,21.0,0.313,0.062,0.032,678.1,0.191,2.0,IBU,1445,1.0,7,150,0.05,0.05,35,0.0,0,Lake water,Single,3610423474978396313,1,0.756970452,0.756970452,0.0,0.756970452,0.756970452,0.0,0.962151477
MCB,700,90,68.9,1.8,5.7,2.6,0.120464441,21.0,0.313,0.062,0.032,678.1,0.191,2.0,IBU,1446,3.0,7,150,0.05,0.05,35,0.0,0,Lake water,Single,6656132308774143980,1,4.233829072,4.233829072,0.0,4.233829072,4.233829072,0.0,2.788308546
MCB,700,90,68.9,1.8,5.7,2.6,0.120464441,21.0,0.313,0.062,0.032,678.1,0.191,2.0,IBU,1447,5.0,7,150,0.05,0.05,35,0.0,0,Lake water,Single,17556645753999555257,1,8.764556739,8.764556739,0.0,8.764556739,8.764556739,0.0,4.561772163
MCB,700,90,68.9,1.8,5.7,2.6,0.120464441,21.0,0.313,0.062,0.032,678.1,0.191,2.0,IBU,1448,7.0,7,150,0.05,0.05,35,0.0,0,Lake water,Single,10025690242954060533,1,11.94164888,11.94164888,0.0,11.94164888,11.94164888,0.0,6.402917556
MCB,700,90,68.9,1.8,5.7,2.6,0.120464441,21.0,0.313,0.062,0.032,678.1,0.191,2.0,IBU,1449,10.0,7,150,0.05,0.05,35,0.0,0,Lake water,Single,9827919334788379886,1,16.14072683,16.14072683,0.0,16.14072683,16.14072683,0.0,9.192963659
MCB,700,90,68.9,1.8,5.7,2.6,0.120464441,21.0,0.313,0.062,0.032,678.1,0.191,2.0,IBU,1450,1.0,7,150,0.05,0.05,35,0.0,0,Lake water,Single,3423130241474166334,1,0.971597486,0.971597486,0.0,0.971597486,0.971597486,0.0,0.951420126
MCB,700,90,68.9,1.8,5.7,2.6,0.120464441,21.0,0.313,0.062,0.032,678.1,0.191,2.0,IBU,1451,3.0,7,150,0.05,0.05,35,0.0,0,Lake water,Single,14460798447028215898,1,4.273675103,4.273675103,0.0,4.273675103,4.273675103,0.0,2.786316245
MCB,700,90,68.9,1.8,5.7,2.6,0.120464441,21.0,0.313,0.062,0.032,678.1,0.191,2.0,IBU,1452,5.0,7,150,0.05,0.05,35,0.0,0,Lake water,Single,6158590622828355347,1,8.627250552,8.627250552,0.0,8.627250552,8.627250552,0.0,4.568637472
MCB,700,90,68.9,1.8,5.7,2.6,0.120464441,21.0,0.313,0.062,0.032,678.1,0.191,2.0,IBU,1453,7.0,7,150,0.05,0.05,35,0.0,0,Lake water,Single,10689374279468405844,1,11.88985064,11.88985064,0.0,11.88985064,11.88985064,0.0,6.405507468
MCB,700,90,68.9,1.8,5.7,2.6,0.120464441,21.0,0.313,0.062,0.032,678.1,0.191,2.0,IBU,1454,10.0,7,150,0.05,0.05,35,0.0,0,Lake water,Single,15231598384945008400,1,16.63889034,16.63889034,0.0,16.63889034,16.63889034,0.0,9.168055483
AMCB,700,90,71.4,1.6,5.1,2.5,0.106442577,19.4,0.269,0.054,0.03,950.2,0.42,1.0,IBU,1440,1.0,7,150,0.05,0.05,15,0.0,0,Lake water,Single,15628168925692332384,1,17.30782141,17.30782141,0.0,17.30782141,17.30782141,0.0,0.13460893
AMCB,700,90,71.4,1.6,5.1,2.5,0.106442577,19.4,0.269,0.054,0.03,950.2,0.42,1.0,IBU,1441,3.0,7,150,0.05,0.05,15,0.0,0,Lake water,Single,2206398365798600355,1,39.15753762,39.15753762,0.0,39.15753762,39.15753762,0.0,1.042123119
AMCB,700,90,71.4,1.6,5.1,2.5,0.106442577,19.4,0.269,0.054,0.03,950.2,0.42,1.0,IBU,1442,5.0,7,150,0.05,0.05,15,0.0,0,Lake water,Single,3186179037262043716,1,53.48944369,53.48944369,0.0,53.48944369,53.48944369,0.0,2.325527816
AMCB,700,90,71.4,1.6,5.1,2.5,0.106442577,19.4,0.269,0.054,0.03,950.2,0.42,1.0,IBU,1443,7.0,7,150,0.05,0.05,15,0.0,0,Lake water,Single,18167099725254788514,1,67.96173211,67.96173211,0.0,67.96173211,67.96173211,0.0,3.601913395
AMCB,700,90,71.4,1.6,5.1,2.5,0.106442577,19.4,0.269,0.054,0.03,950.2,0.42,1.0,IBU,1444,10.0,7,150,0.05,0.05,15,0.0,0,Lake water,Single,929370640592197456,1,87.79267887,87.79267887,0.0,87.79267887,87.79267887,0.0,5.610366056
AMCB,700,90,71.4,1.6,5.1,2.5,0.106442577,19.4,0.269,0.054,0.03,950.2,0.42,1.0,IBU,1445,1.0,7,150,0.05,0.05,15,0.0,0,Lake water,Single,16750171663552134215,1,18.10888365,18.10888365,0.0,18.10888365,18.10888365,0.0,0.094555818
AMCB,700,90,71.4,1.6,5.1,2.5,0.106442577,19.4,0.269,0.054,0.03,950.2,0.42,1.0,IBU,1446,3.0,7,150,0.05,0.05,15,0.0,0,Lake water,Single,2595060637020033654,1,39.27874998,39.27874998,0.0,39.27874998,39.27874998,0.0,1.036062501
AMCB,700,90,71.4,1.6,5.1,2.5,0.106442577,19.4,0.269,0.054,0.03,950.2,0.42,1.0,IBU,1447,5.0,7,150,0.05,0.05,15,0.0,0,Lake water,Single,576957810032157515,1,53.62517173,53.62517173,0.0,53.62517173,53.62517173,0.0,2.318741413
AMCB,700,90,71.4,1.6,5.1,2.5,0.106442577,19.4,0.269,0.054,0.03,950.2,0.42,1.0,IBU,1448,7.0,7,150,0.05,0.05,15,0.0,0,Lake water,Single,10172007293263539523,1,67.85301669,67.85301669,0.0,67.85301669,67.85301669,0.0,3.607349165
AMCB,700,90,71.4,1.6,5.1,2.5,0.106442577,19.4,0.269,0.054,0.03,950.2,0.42,1.0,IBU,1449,10.0,7,150,0.05,0.05,15,0.0,0,Lake water,Single,17475736414276499376,1,88.0183609,88.0183609,0.0,88.0183609,88.0183609,0.0,5.599081955
AMCB,700,90,71.4,1.6,5.1,2.5,0.106442577,19.4,0.269,0.054,0.03,950.2,0.42,1.0,IBU,1450,1.0,7,150,0.05,0.05,15,0.0,0,Lake water,Single,11879926100308664576,1,17.37202847,17.37202847,0.0,17.37202847,17.37202847,0.0,0.131398576
AMCB,700,90,71.4,1.6,5.1,2.5,0.106442577,19.4,0.269,0.054,0.03,950.2,0.42,1.0,IBU,1451,3.0,7,150,0.05,0.05,15,0.0,0,Lake water,Single,8439597342387524008,1,40.66758525,40.66758525,0.0,40.66758525,40.66758525,0.0,0.966620738
AMCB,700,90,71.4,1.6,5.1,2.5,0.106442577,19.4,0.269,0.054,0.03,950.2,0.42,1.0,IBU,1452,5.0,7,150,0.05,0.05,15,0.0,0,Lake water,Single,16479565402347312129,1,53.57496766,53.57496766,0.0,53.57496766,53.57496766,0.0,2.321251617
AMCB,700,90,71.4,1.6,5.1,2.5,0.106442577,19.4,0.269,0.054,0.03,950.2,0.42,1.0,IBU,1453,7.0,7,150,0.05,0.05,15,0.0,0,Lake water,Single,1177173978187697386,1,67.63037879,67.63037879,0.0,67.63037879,67.63037879,0.0,3.61848106
AMCB,700,90,71.4,1.6,5.1,2.5,0.106442577,19.4,0.269,0.054,0.03,950.2,0.42,1.0,IBU,1454,10.0,7,150,0.05,0.05,15,0.0,0,Lake water,Single,9793559269653105742,1,87.99172478,87.99172478,0.0,87.99172478,87.99172478,0.0,5.600413761
AMCB,700,90,71.4,1.6,5.1,2.5,0.106442577,19.4,0.269,0.054,0.03,950.2,0.42,1.0,IBU,1440,1.0,7,150,0.05,0.05,25,0.0,0,Lake water,Single,2323689733775044776,1,17.56795014,17.56795014,0.0,17.56795014,17.56795014,0.0,0.121602493
AMCB,700,90,71.4,1.6,5.1,2.5,0.106442577,19.4,0.269,0.054,0.03,950.2,0.42,1.0,IBU,1441,3.0,7,150,0.05,0.05,25,0.0,0,Lake water,Single,6749783341304500955,1,39.40399982,39.40399982,0.0,39.40399982,39.40399982,0.0,1.029800009
AMCB,700,90,71.4,1.6,5.1,2.5,0.106442577,19.4,0.269,0.054,0.03,950.2,0.42,1.0,IBU,1442,5.0,7,150,0.05,0.05,25,0.0,0,Lake water,Single,13889508209341995980,1,66.86951506,66.86951506,0.0,66.86951506,66.86951506,0.0,1.656524247
AMCB,700,90,71.4,1.6,5.1,2.5,0.106442577,19.4,0.269,0.054,0.03,950.2,0.42,1.0,IBU,1443,7.0,7,150,0.05,0.05,25,0.0,0,Lake water,Single,14910053830220803034,1,69.86299021,69.86299021,0.0,69.86299021,69.86299021,0.0,3.506850489
AMCB,700,90,71.4,1.6,5.1,2.5,0.106442577,19.4,0.269,0.054,0.03,950.2,0.42,1.0,IBU,1444,10.0,7,150,0.05,0.05,25,0.0,0,Lake water,Single,9705382765169801304,1,91.21306091,91.21306091,0.0,91.21306091,91.21306091,0.0,5.439346954
AMCB,700,90,71.4,1.6,5.1,2.5,0.106442577,19.4,0.269,0.054,0.03,950.2,0.42,1.0,IBU,1445,1.0,7,150,0.05,0.05,25,0.0,0,Lake water,Single,3641806862773358511,1,18.34161523,18.34161523,0.0,18.34161523,18.34161523,0.0,0.082919238
AMCB,700,90,71.4,1.6,5.1,2.5,0.106442577,19.4,0.269,0.054,0.03,950.2,0.42,1.0,IBU,1446,3.0,7,150,0.05,0.05,25,0.0,0,Lake water,Single,13397019665152487406,1,43.20188576,43.20188576,0.0,43.20188576,43.20188576,0.0,0.839905712
AMCB,700,90,71.4,1.6,5.1,2.5,0.106442577,19.4,0.269,0.054,0.03,950.2,0.42,1.0,IBU,1447,5.0,7,150,0.05,0.05,25,0.0,0,Lake water,Single,12443167361822682259,1,57.42823268,57.42823268,0.0,57.42823268,57.42823268,0.0,2.128588366
AMCB,700,90,71.4,1.6,5.1,2.5,0.106442577,19.4,0.269,0.054,0.03,950.2,0.42,1.0,IBU,1448,7.0,7,150,0.05,0.05,25,0.0,0,Lake water,Single,14170457224032731067,1,72.22858997,72.22858997,0.0,72.22858997,72.22858997,0.0,3.388570502
AMCB,700,90,71.4,1.6,5.1,2.5,0.106442577,19.4,0.269,0.054,0.03,950.2,0.42,1.0,IBU,1449,10.0,7,150,0.05,0.05,25,0.0,0,Lake water,Single,15838004617585174392,1,92.06535262,92.06535262,0.0,92.06535262,92.06535262,0.0,5.396732369
AMCB,700,90,71.4,1.6,5.1,2.5,0.106442577,19.4,0.269,0.054,0.03,950.2,0.42,1.0,IBU,1450,1.0,7,150,0.05,0.05,25,0.0,0,Lake water,Single,8367360792300508040,1,17.65314567,17.65314567,0.0,17.65314567,17.65314567,0.0,0.117342717
AMCB,700,90,71.4,1.6,5.1,2.5,0.106442577,19.4,0.269,0.054,0.03,950.2,0.42,1.0,IBU,1451,3.0,7,150,0.05,0.05,25,0.0,0,Lake water,Single,2925648367909055584,1,45.27717986,45.27717986,0.0,45.27717986,45.27717986,0.0,0.736141007
AMCB,700,90,71.4,1.6,5.1,2.5,0.106442577,19.4,0.269,0.054,0.03,950.2,0.42,1.0,IBU,1452,5.0,7,150,0.05,0.05,25,0.0,0,Lake water,Single,10329680592311342265,1,51.79515423,51.79515423,0.0,51.79515423,51.79515423,0.0,2.410242289
AMCB,700,90,71.4,1.6,5.1,2.5,0.106442577,19.4,0.269,0.054,0.03,950.2,0.42,1.0,IBU,1453,7.0,7,150,0.05,0.05,25,0.0,0,Lake water,Single,18061100012921218034,1,73.73833318,73.73833318,0.0,73.73833318,73.73833318,0.0,3.313083341
AMCB,700,90,71.4,1.6,5.1,2.5,0.106442577,19.4,0.269,0.054,0.03,950.2,0.42,1.0,IBU,1454,10.0,7,150,0.05,0.05,25,0.0,0,Lake water,Single,15886341675011334550,1,88.58415211,88.58415211,0.0,88.58415211,88.58415211,0.0,5.570792394
AMCB,700,90,71.4,1.6,5.1,2.5,0.106442577,19.4,0.269,0.054,0.03,950.2,0.42,1.0,IBU,1440,1.0,7,150,0.05,0.05,35,0.0,0,Lake water,Single,5956810155342918248,1,18.78655457,18.78655457,0.0,18.78655457,18.78655457,0.0,0.060672272
AMCB,700,90,71.4,1.6,5.1,2.5,0.106442577,19.4,0.269,0.054,0.03,950.2,0.42,1.0,IBU,1441,3.0,7,150,0.05,0.05,35,0.0,0,Lake water,Single,11758709497866201499,1,43.35732053,43.35732053,0.0,43.35732053,43.35732053,0.0,0.832133974
AMCB,700,90,71.4,1.6,5.1,2.5,0.106442577,19.4,0.269,0.054,0.03,950.2,0.42,1.0,IBU,1442,5.0,7,150,0.05,0.05,35,0.0,0,Lake water,Single,5045934070433293708,1,58.81354316,58.81354316,0.0,58.81354316,58.81354316,0.0,2.059322842
AMCB,700,90,71.4,1.6,5.1,2.5,0.106442577,19.4,0.269,0.054,0.03,950.2,0.42,1.0,IBU,1443,7.0,7,150,0.05,0.05,35,0.0,0,Lake water,Single,12213156055718829850,1,72.31787103,72.31787103,0.0,72.31787103,72.31787103,0.0,3.384106448
AMCB,700,90,71.4,1.6,5.1,2.5,0.106442577,19.4,0.269,0.054,0.03,950.2,0.42,1.0,IBU,1444,10.0,7,150,0.05,0.05,35,0.0,0,Lake water,Single,4822197759693870872,1,93.48029528,93.48029528,0.0,93.48029528,93.48029528,0.0,5.325985236
AMCB,700,90,71.4,1.6,5.1,2.5,0.106442577,19.4,0.269,0.054,0.03,950.2,0.42,1.0,IBU,1445,1.0,7,150,0.05,0.05,35,0.0,0,Lake water,Single,14527377426712637295,1,18.57987431,18.57987431,0.0,18.57987431,18.57987431,0.0,0.071006285
AMCB,700,90,71.4,1.6,5.1,2.5,0.106442577,19.4,0.269,0.054,0.03,950.2,0.42,1.0,IBU,1446,3.0,7,150,0.05,0.05,35,0.0,0,Lake water,Single,8913128908572063278,1,43.38708889,43.38708889,0.0,43.38708889,43.38708889,0.0,0.830645555
AMCB,700,90,71.4,1.6,5.1,2.5,0.106442577,19.4,0.269,0.054,0.03,950.2,0.42,1.0,IBU,1447,5.0,7,150,0.05,0.05,35,0.0,0,Lake water,Single,3673412737775618899,1,58.69017588,58.69017588,0.0,58.69017588,58.69017588,0.0,2.065491206
AMCB,700,90,71.4,1.6,5.1,2.5,0.106442577,19.4,0.269,0.054,0.03,950.2,0.42,1.0,IBU,1448,7.0,7,150,0.05,0.05,35,0.0,0,Lake water,Single,3900014019888937979,1,71.93564073,71.93564073,0.0,71.93564073,71.93564073,0.0,3.403217964
AMCB,700,90,71.4,1.6,5.1,2.5,0.106442577,19.4,0.269,0.054,0.03,950.2,0.42,1.0,IBU,1449,10.0,7,150,0.05,0.05,35,0.0,0,Lake water,Single,6367525107792975672,1,93.46404925,93.46404925,0.0,93.46404925,93.46404925,0.0,5.326797537
AMCB,700,90,71.4,1.6,5.1,2.5,0.106442577,19.4,0.269,0.054,0.03,950.2,0.42,1.0,IBU,1450,1.0,7,150,0.05,0.05,35,0.0,0,Lake water,Single,1076753422912446536,1,18.67298457,18.67298457,0.0,18.67298457,18.67298457,0.0,0.066350772
AMCB,700,90,71.4,1.6,5.1,2.5,0.106442577,19.4,0.269,0.054,0.03,950.2,0.42,1.0,IBU,1451,3.0,7,150,0.05,0.05,35,0.0,0,Lake water,Single,3543312481866610080,1,43.12425249,43.12425249,0.0,43.12425249,43.12425249,0.0,0.843787376
AMCB,700,90,71.4,1.6,5.1,2.5,0.106442577,19.4,0.269,0.054,0.03,950.2,0.42,1.0,IBU,1452,5.0,7,150,0.05,0.05,35,0.0,0,Lake water,Single,3827097178602094969,1,59.03248805,59.03248805,0.0,59.03248805,59.03248805,0.0,2.048375597
AMCB,700,90,71.4,1.6,5.1,2.5,0.106442577,19.4,0.269,0.054,0.03,950.2,0.42,1.0,IBU,1453,7.0,7,150,0.05,0.05,35,0.0,0,Lake water,Single,12543630162840755506,1,70.77128586,70.77128586,0.0,70.77128586,70.77128586,0.0,3.461435707
AMCB,700,90,71.4,1.6,5.1,2.5,0.106442577,19.4,0.269,0.054,0.03,950.2,0.42,1.0,IBU,1454,10.0,7,150,0.05,0.05,35,0.0,0,Lake water,Single,51231179829925974,1,92.93061391,92.93061391,0.0,92.93061391,92.93061391,0.0,5.353469304
CB,700,90,85.7,1.8,3.2,3.7,0.080513419,5.6,0.252,0.028,0.037,9.4,0.011,4.9,IBU,1440,5.0,5,150,0.05,0.05,25,0.0,0,Ground water,Single,10743162262469192197,3,12.40739978,12.464090033333335,0.10672415139116462,12.39767385,12.58719647,0.18952261999999997,4.379630011
CB,700,90,85.7,1.8,3.2,3.7,0.080513419,5.6,0.252,0.028,0.037,9.4,0.011,4.9,IBU,1440,5.0,9,150,0.05,0.05,25,0.0,0,Ground water,Single,6457541454058739085,3,7.614941624,7.638679370999999,0.1587475870805786,7.493137362,7.807959127,0.3148217650000005,4.619252919
CB,700,90,85.7,1.8,3.2,3.7,0.080513419,5.6,0.252,0.028,0.037,9.4,0.011,4.9,IBU,1440,5.0,11,150,0.05,0.05,25,0.0,0,Ground water,Single,15252496250798709926,3,7.627888019,7.681347049333334,0.20774194634196014,7.50555912,7.910594009,0.4050348890000004,4.618605599
MCB,700,90,68.9,1.8,5.7,2.6,0.120464441,21.0,0.313,0.062,0.032,678.1,0.191,2.0,IBU,1443,5.0,5,150,0.05,0.05,25,0.0,0,Ground water,Single,13817195775658546547,3,12.81561477,12.838736410000001,0.057824998827030606,12.7960499,12.90454456,0.10849465999999985,4.359219261
MCB,700,90,68.9,1.8,5.7,2.6,0.120464441,21.0,0.313,0.062,0.032,678.1,0.191,2.0,IBU,1443,5.0,7,150,0.05,0.05,25,0.0,0,Ground water,Single,4535148713564086590,3,7.644506863,7.711181331666666,0.21425449411697736,7.53819146,7.950845672,0.41265421199999963,4.617774657
MCB,700,90,68.9,1.8,5.7,2.6,0.120464441,21.0,0.313,0.062,0.032,678.1,0.191,2.0,IBU,1443,5.0,9,150,0.05,0.05,25,0.0,0,Ground water,Single,5779428412404506123,3,7.738109939,7.723027336,0.04226422759407459,7.67529087,7.755681199,0.0803903289999992,4.613094503
MCB,700,90,68.9,1.8,5.7,2.6,0.120464441,21.0,0.313,0.062,0.032,678.1,0.191,2.0,IBU,1443,5.0,11,150,0.05,0.05,25,0.0,0,Ground water,Single,1493938708650295700,3,7.710594816,7.785537004999999,0.1717966322564596,7.663942597,7.982073602,0.3181310049999997,4.614470259
AMCB,700,90,71.4,1.6,5.1,2.5,0.106442577,19.4,0.269,0.054,0.03,950.2,0.42,1.0,IBU,1454,5.0,5,150,0.05,0.05,25,0.0,0,Ground water,Single,12231726839937393981,3,82.74779149,84.09037993333332,3.9755866979577843,80.9599138,88.56343451,7.603520709999998,0.862610426
AMCB,700,90,71.4,1.6,5.1,2.5,0.106442577,19.4,0.269,0.054,0.03,950.2,0.42,1.0,IBU,1454,5.0,7,150,0.05,0.05,25,0.0,0,Ground water,Single,7905011583216626660,3,66.92591741,67.92995979333334,3.148659549822755,65.40576534,71.45819663,6.052431290000001,1.65370413
AMCB,700,90,71.4,1.6,5.1,2.5,0.106442577,19.4,0.269,0.054,0.03,950.2,0.42,1.0,IBU,1454,5.0,9,150,0.05,0.05,25,0.0,0,Ground water,Single,17855955313651295445,3,62.74991424,63.555404890000005,1.8966303165789569,62.19446227,65.72183816,3.527375890000002,1.862504288
AMCB,700,90,71.4,1.6,5.1,2.5,0.106442577,19.4,0.269,0.054,0.03,950.2,0.42,1.0,IBU,1454,5.0,11,150,0.05,0.05,25,0.0,0,Ground water,Single,18076858949388428206,3,50.15371018,53.64321276333333,6.139417057179504,50.04381112,60.73211699,10.68830587,2.492314491
CB,700,90,85.7,1.8,3.2,3.7,0.080513419,5.6,0.252,0.028,0.037,9.4,0.011,4.9,IBU,1440,5.0,5,150,0.05,0.05,25,0.0,0,Lake water,Single,18250989347139307598,3,9.908550374,9.915967625,0.07197521984679021,9.847988242,9.991364259,0.14337601699999958,4.504572481
CB,700,90,85.7,1.8,3.2,3.7,0.080513419,5.6,0.252,0.028,0.037,9.4,0.011,4.9,IBU,1440,5.0,9,150,0.05,0.05,25,0.0,0,Lake water,Single,3525148225901049574,3,6.797935894,6.7428662316666665,0.12513294268253752,6.599643231,6.83101957,0.23137633899999965,4.660103205
CB,700,90,85.7,1.8,3.2,3.7,0.080513419,5.6,0.252,0.028,0.037,9.4,0.011,4.9,IBU,1440,5.0,11,150,0.05,0.05,25,0.0,0,Lake water,Single,70681744174730829,3,6.838731578,6.831230571333333,0.018512284870351798,6.810144963,6.844815173,0.03467020999999981,4.658063421
MCB,700,90,68.9,1.8,5.7,2.6,0.120464441,21.0,0.313,0.062,0.032,678.1,0.191,2.0,IBU,1443,5.0,5,150,0.05,0.05,25,0.0,0,Lake water,Single,9833688337626098060,3,10.33283966,10.304257873666666,0.3049805212704586,9.985992591,10.59394137,0.6079487789999991,4.483358017
MCB,700,90,68.9,1.8,5.7,2.6,0.120464441,21.0,0.313,0.062,0.032,678.1,0.191,2.0,IBU,1443,5.0,7,150,0.05,0.05,25,0.0,0,Lake water,Single,14615374747504397717,3,7.200166707,7.218150117,0.03930112090698051,7.191058227,7.263225417,0.07216719000000005,4.639991665
MCB,700,90,68.9,1.8,5.7,2.6,0.120464441,21.0,0.313,0.062,0.032,678.1,0.191,2.0,IBU,1443,5.0,9,150,0.05,0.05,25,0.0,0,Lake water,Single,8245831038090298452,3,6.998402996,7.085901318,0.30723617685396754,6.831905452,7.427395506,0.5954900539999999,4.65007985
MCB,700,90,68.9,1.8,5.7,2.6,0.120464441,21.0,0.313,0.062,0.032,678.1,0.191,2.0,IBU,1443,5.0,11,150,0.05,0.05,25,0.0,0,Lake water,Single,10306215739715499595,3,6.902679391,6.9015572736666675,0.006531583403822858,6.894537328,6.907455102,0.012917773999999937,4.65486603
AMCB,700,90,71.4,1.6,5.1,2.5,0.106442577,19.4,0.269,0.054,0.03,950.2,0.42,1.0,IBU,1454,5.0,5,150,0.05,0.05,25,0.0,0,Lake water,Single,10116214362749667766,3,75.22317549,75.4410542,6.389981455205382,69.16279858,81.93718853,12.77438995,1.238841226
AMCB,700,90,71.4,1.6,5.1,2.5,0.106442577,19.4,0.269,0.054,0.03,950.2,0.42,1.0,IBU,1454,5.0,7,150,0.05,0.05,25,0.0,0,Lake water,Single,5358541406901829371,3,58.4398945,58.39407291,1.353843351527767,57.01790046,59.72442377,2.7065233100000015,2.078005275
AMCB,700,90,71.4,1.6,5.1,2.5,0.106442577,19.4,0.269,0.054,0.03,950.2,0.42,1.0,IBU,1454,5.0,9,150,0.05,0.05,25,0.0,0,Lake water,Single,15777899247897605502,3,48.28530805,48.98397117,1.7201130505151134,47.72311911,50.94348635,3.2203672400000016,2.585734598
AMCB,700,90,71.4,1.6,5.1,2.5,0.106442577,19.4,0.269,0.054,0.03,950.2,0.42,1.0,IBU,1454,5.0,11,150,0.05,0.05,25,0.0,0,Lake water,Single,14131364314155578277,3,47.6291109,48.41601057666667,1.5756506929898548,47.38880325,50.23011758,2.841314329999996,2.618544455
